tape,entries,launches,entry,kernel,grid_x,grid_y,grid_z,threads,mean_us,sd_us,gap_us
0x85d1c7c40,134,128,0,copy_i32_from_mapped_kernel,1,1,1,128,8.991,9.898,0.000
0x85d1c7c40,134,128,1,gdn_conv_commit_kernel,40,1,1,256,11.327,15.553,6.231
0x85d1c7c40,134,128,2,gdn_step_norm_multi_tail_kernel,48,1,1,512,45.998,22.386,15.104
0x85d1c7c40,134,128,3,gdn_conv_commit_kernel,40,1,1,256,8.121,3.279,3.774
0x85d1c7c40,134,128,4,gdn_step_norm_multi_tail_kernel,48,1,1,512,44.090,21.229,2.246
0x85d1c7c40,134,128,5,gdn_conv_commit_kernel,40,1,1,256,10.067,24.044,11.272
0x85d1c7c40,134,128,6,gdn_step_norm_multi_tail_kernel,48,1,1,512,47.216,23.064,1.017
0x85d1c7c40,134,128,7,copy_from_mapped_kernel,1,1,1,256,6.077,2.610,0.425
0x85d1c7c40,134,128,8,nqsi_append_kernel,1,1,1,256,13.475,6.685,1.137
0x85d1c7c40,134,128,9,nqsi_append_kernel,1,1,1,256,6.570,2.568,0.486
0x85d1c7c40,134,128,10,nqsi_append_kernel,1,1,1,256,6.491,2.470,2.326
0x85d1c7c40,134,128,11,nqsi_append_kernel,1,1,1,256,7.502,11.948,1.366
0x85d1c7c40,134,128,12,gdn_conv_commit_kernel,40,1,1,256,9.427,12.254,3.190
0x85d1c7c40,134,128,13,gdn_step_norm_multi_tail_kernel,48,1,1,512,50.192,25.366,2.388
0x85d1c7c40,134,128,14,gdn_conv_commit_kernel,40,1,1,256,8.253,3.314,3.193
0x85d1c7c40,134,128,15,gdn_step_norm_multi_tail_kernel,48,1,1,512,46.507,22.219,1.450
0x85d1c7c40,134,128,16,gdn_conv_commit_kernel,40,1,1,256,7.910,3.081,10.031
0x85d1c7c40,134,128,17,gdn_step_norm_multi_tail_kernel,48,1,1,512,44.519,20.538,1.653
0x85d1c7c40,134,128,18,copy_from_mapped_kernel,1,1,1,256,5.755,2.197,0.559
0x85d1c7c40,134,128,19,nqsi_append_kernel,1,1,1,256,11.575,5.943,0.449
0x85d1c7c40,134,128,20,nqsi_append_kernel,1,1,1,256,7.513,13.094,3.525
0x85d1c7c40,134,128,21,nqsi_append_kernel,1,1,1,256,6.883,5.760,1.572
0x85d1c7c40,134,128,22,nqsi_append_kernel,1,1,1,256,6.498,2.451,1.197
0x85d1c7c40,134,128,23,gdn_conv_commit_kernel,40,1,1,256,7.706,2.813,2.849
0x85d1c7c40,134,128,24,gdn_step_norm_multi_tail_kernel,48,1,1,512,42.339,17.762,2.634
0x85d1c7c40,134,128,25,gdn_conv_commit_kernel,40,1,1,256,8.120,3.751,1.759
0x85d1c7c40,134,128,26,gdn_step_norm_multi_tail_kernel,48,1,1,512,42.925,17.646,6.589
0x85d1c7c40,134,128,27,gdn_conv_commit_kernel,40,1,1,256,9.414,19.248,1.013
0x85d1c7c40,134,128,28,gdn_step_norm_multi_tail_kernel,48,1,1,512,42.881,17.299,1.326
0x85d1c7c40,134,128,29,copy_from_mapped_kernel,1,1,1,256,5.530,2.040,0.519
0x85d1c7c40,134,128,30,nqsi_append_kernel,1,1,1,256,11.437,5.624,0.438
0x85d1c7c40,134,128,31,nqsi_append_kernel,1,1,1,256,6.549,2.968,1.624
0x85d1c7c40,134,128,32,nqsi_append_kernel,1,1,1,256,6.524,2.538,1.591
0x85d1c7c40,134,128,33,nqsi_append_kernel,1,1,1,256,6.435,2.465,0.954
0x85d1c7c40,134,128,34,gdn_conv_commit_kernel,40,1,1,256,7.662,2.668,2.963
0x85d1c7c40,134,128,35,gdn_step_norm_multi_tail_kernel,48,1,1,512,43.356,17.204,2.116
0x85d1c7c40,134,128,36,gdn_conv_commit_kernel,40,1,1,256,7.728,2.641,1.168
0x85d1c7c40,134,128,37,gdn_step_norm_multi_tail_kernel,48,1,1,512,43.741,17.436,1.777
0x85d1c7c40,134,128,38,gdn_conv_commit_kernel,40,1,1,256,8.227,6.101,0.973
0x85d1c7c40,134,128,39,gdn_step_norm_multi_tail_kernel,48,1,1,512,44.896,19.284,3.186
0x85d1c7c40,134,128,40,copy_from_mapped_kernel,1,1,1,256,5.530,2.080,0.710
0x85d1c7c40,134,128,41,nqsi_append_kernel,1,1,1,256,11.456,5.648,0.499
0x85d1c7c40,134,128,42,nqsi_append_kernel,1,1,1,256,8.587,18.301,0.500
0x85d1c7c40,134,128,43,nqsi_append_kernel,1,1,1,256,7.329,8.325,0.687
0x85d1c7c40,134,128,44,nqsi_append_kernel,1,1,1,256,6.440,2.863,1.778
0x85d1c7c40,134,128,45,gdn_conv_commit_kernel,40,1,1,256,7.878,2.828,2.815
0x85d1c7c40,134,128,46,gdn_step_norm_multi_tail_kernel,48,1,1,512,46.237,18.697,2.553
0x85d1c7c40,134,128,47,gdn_conv_commit_kernel,40,1,1,256,9.092,13.531,0.816
0x85d1c7c40,134,128,48,gdn_step_norm_multi_tail_kernel,48,1,1,512,46.452,19.158,0.996
0x85d1c7c40,134,128,49,gdn_conv_commit_kernel,40,1,1,256,8.038,2.781,0.510
0x85d1c7c40,134,128,50,gdn_step_norm_multi_tail_kernel,48,1,1,512,46.937,18.534,1.309
0x85d1c7c40,134,128,51,copy_from_mapped_kernel,1,1,1,256,5.633,2.095,0.992
0x85d1c7c40,134,128,52,nqsi_append_kernel,1,1,1,256,11.593,5.516,0.408
0x85d1c7c40,134,128,53,nqsi_append_kernel,1,1,1,256,6.398,2.378,0.479
0x85d1c7c40,134,128,54,nqsi_append_kernel,1,1,1,256,6.402,2.364,0.579
0x85d1c7c40,134,128,55,nqsi_append_kernel,1,1,1,256,6.358,2.473,1.221
0x85d1c7c40,134,128,56,gdn_conv_commit_kernel,40,1,1,256,7.680,2.733,3.023
0x85d1c7c40,134,128,57,gdn_step_norm_multi_tail_kernel,48,1,1,512,46.956,17.692,1.472
0x85d1c7c40,134,128,58,gdn_conv_commit_kernel,40,1,1,256,7.979,2.686,0.538
0x85d1c7c40,134,128,59,gdn_step_norm_multi_tail_kernel,48,1,1,512,47.425,17.777,0.677
0x85d1c7c40,134,128,60,gdn_conv_commit_kernel,40,1,1,256,8.083,2.899,0.890
0x85d1c7c40,134,128,61,gdn_step_norm_multi_tail_kernel,48,1,1,512,47.605,17.844,1.028
0x85d1c7c40,134,128,62,copy_from_mapped_kernel,1,1,1,256,5.574,2.142,0.398
0x85d1c7c40,134,128,63,nqsi_append_kernel,1,1,1,256,10.982,5.419,0.396
0x85d1c7c40,134,128,64,nqsi_append_kernel,1,1,1,256,6.344,2.441,0.463
0x85d1c7c40,134,128,65,nqsi_append_kernel,1,1,1,256,6.375,2.402,0.720
0x85d1c7c40,134,128,66,nqsi_append_kernel,1,1,1,256,6.447,2.527,0.604
0x85d1c7c40,134,128,67,gdn_conv_commit_kernel,40,1,1,256,7.833,2.738,1.026
0x85d1c7c40,134,128,68,gdn_step_norm_multi_tail_kernel,48,1,1,512,47.758,17.736,1.282
0x85d1c7c40,134,128,69,gdn_conv_commit_kernel,40,1,1,256,7.991,2.694,0.617
0x85d1c7c40,134,128,70,gdn_step_norm_multi_tail_kernel,48,1,1,512,48.556,18.025,0.557
0x85d1c7c40,134,128,71,gdn_conv_commit_kernel,40,1,1,256,7.920,2.675,0.931
0x85d1c7c40,134,128,72,gdn_step_norm_multi_tail_kernel,48,1,1,512,48.437,17.899,2.811
0x85d1c7c40,134,128,73,copy_from_mapped_kernel,1,1,1,256,5.569,2.037,0.395
0x85d1c7c40,134,128,74,nqsi_append_kernel,1,1,1,256,10.814,5.283,0.446
0x85d1c7c40,134,128,75,nqsi_append_kernel,1,1,1,256,6.434,2.557,1.180
0x85d1c7c40,134,128,76,nqsi_append_kernel,1,1,1,256,6.423,2.513,0.538
0x85d1c7c40,134,128,77,nqsi_append_kernel,1,1,1,256,6.411,2.485,0.990
0x85d1c7c40,134,128,78,gdn_conv_commit_kernel,40,1,1,256,7.827,2.621,0.573
0x85d1c7c40,134,128,79,gdn_step_norm_multi_tail_kernel,48,1,1,512,47.655,17.562,1.187
0x85d1c7c40,134,128,80,gdn_conv_commit_kernel,40,1,1,256,10.324,8.601,391.083
0x85d1c7c40,134,128,81,gdn_step_norm_multi_tail_kernel,48,1,1,512,49.173,21.632,6.360
0x85d1c7c40,134,128,82,gdn_conv_commit_kernel,40,1,1,256,8.083,4.907,10.052
0x85d1c7c40,134,128,83,gdn_step_norm_multi_tail_kernel,48,1,1,512,47.044,17.546,8.756
0x85d1c7c40,134,128,84,copy_from_mapped_kernel,1,1,1,256,5.445,1.934,0.579
0x85d1c7c40,134,128,85,nqsi_append_kernel,1,1,1,256,10.969,5.238,4.867
0x85d1c7c40,134,128,86,nqsi_append_kernel,1,1,1,256,6.463,2.531,0.673
0x85d1c7c40,134,128,87,nqsi_append_kernel,1,1,1,256,6.453,2.475,1.159
0x85d1c7c40,134,128,88,nqsi_append_kernel,1,1,1,256,6.319,2.373,1.724
0x85d1c7c40,134,128,89,gdn_conv_commit_kernel,40,1,1,256,7.761,2.688,5.149
0x85d1c7c40,134,128,90,gdn_step_norm_multi_tail_kernel,48,1,1,512,46.483,16.370,4.359
0x85d1c7c40,134,128,91,gdn_conv_commit_kernel,40,1,1,256,7.768,2.643,5.044
0x85d1c7c40,134,128,92,gdn_step_norm_multi_tail_kernel,48,1,1,512,46.906,16.801,0.673
0x85d1c7c40,134,128,93,gdn_conv_commit_kernel,40,1,1,256,8.249,7.076,0.599
0x85d1c7c40,134,128,94,gdn_step_norm_multi_tail_kernel,48,1,1,512,47.290,18.409,0.664
0x85d1c7c40,134,128,95,copy_from_mapped_kernel,1,1,1,256,6.711,15.635,0.995
0x85d1c7c40,134,128,96,nqsi_append_kernel,1,1,1,256,11.318,8.437,3.919
0x85d1c7c40,134,128,97,nqsi_append_kernel,1,1,1,256,6.375,2.438,0.402
0x85d1c7c40,134,128,98,nqsi_append_kernel,1,1,1,256,6.328,2.388,0.569
0x85d1c7c40,134,128,99,nqsi_append_kernel,1,1,1,256,6.306,2.512,0.391
0x85d1c7c40,134,128,100,gdn_conv_commit_kernel,40,1,1,256,10.577,28.027,2.475
0x85d1c7c40,134,128,101,gdn_step_norm_multi_tail_kernel,48,1,1,512,46.458,16.470,2.349
0x85d1c7c40,134,128,102,gdn_conv_commit_kernel,40,1,1,256,8.719,10.888,0.740
0x85d1c7c40,134,128,103,gdn_step_norm_multi_tail_kernel,48,1,1,512,46.177,16.063,1.313
0x85d1c7c40,134,128,104,gdn_conv_commit_kernel,40,1,1,256,8.149,4.665,3.963
0x85d1c7c40,134,128,105,gdn_step_norm_multi_tail_kernel,48,1,1,512,45.750,14.597,5.141
0x85d1c7c40,134,128,106,copy_from_mapped_kernel,1,1,1,256,6.336,10.027,0.443
0x85d1c7c40,134,128,107,nqsi_append_kernel,1,1,1,256,11.287,6.710,0.401
0x85d1c7c40,134,128,108,nqsi_append_kernel,1,1,1,256,6.384,2.757,0.390
0x85d1c7c40,134,128,109,nqsi_append_kernel,1,1,1,256,6.265,2.435,0.701
0x85d1c7c40,134,128,110,nqsi_append_kernel,1,1,1,256,6.238,2.401,0.698
0x85d1c7c40,134,128,111,gdn_conv_commit_kernel,40,1,1,256,7.611,2.517,1.429
0x85d1c7c40,134,128,112,gdn_step_norm_multi_tail_kernel,48,1,1,512,45.113,14.448,0.785
0x85d1c7c40,134,128,113,gdn_conv_commit_kernel,40,1,1,256,7.681,2.504,0.712
0x85d1c7c40,134,128,114,gdn_step_norm_multi_tail_kernel,48,1,1,512,45.306,14.450,0.773
0x85d1c7c40,134,128,115,gdn_conv_commit_kernel,40,1,1,256,8.439,9.736,1.016
0x85d1c7c40,134,128,116,gdn_step_norm_multi_tail_kernel,48,1,1,512,45.500,14.805,1.037
0x85d1c7c40,134,128,117,copy_from_mapped_kernel,1,1,1,256,5.456,1.995,3.653
0x85d1c7c40,134,128,118,nqsi_append_kernel,1,1,1,256,10.849,5.126,0.393
0x85d1c7c40,134,128,119,nqsi_append_kernel,1,1,1,256,6.495,4.082,0.722
0x85d1c7c40,134,128,120,nqsi_append_kernel,1,1,1,256,7.506,14.205,0.872
0x85d1c7c40,134,128,121,nqsi_append_kernel,1,1,1,256,6.611,5.221,1.246
0x85d1c7c40,134,128,122,gdn_conv_commit_kernel,40,1,1,256,7.647,2.554,2.486
0x85d1c7c40,134,128,123,gdn_step_norm_multi_tail_kernel,48,1,1,512,45.118,14.544,3.452
0x85d1c7c40,134,128,124,gdn_conv_commit_kernel,40,1,1,256,7.691,2.477,2.020
0x85d1c7c40,134,128,125,gdn_step_norm_multi_tail_kernel,48,1,1,512,45.301,14.737,1.442
0x85d1c7c40,134,128,126,gdn_conv_commit_kernel,40,1,1,256,7.732,2.799,3.274
0x85d1c7c40,134,128,127,gdn_step_norm_multi_tail_kernel,48,1,1,512,45.242,15.075,0.905
0x85d1c7c40,134,128,128,copy_from_mapped_kernel,1,1,1,256,5.498,1.963,0.507
0x85d1c7c40,134,128,129,nqsi_append_kernel,1,1,1,256,10.700,4.885,0.618
0x85d1c7c40,134,128,130,nqsi_append_kernel,1,1,1,256,6.267,2.461,0.679
0x85d1c7c40,134,128,131,nqsi_append_kernel,1,1,1,256,7.421,12.662,0.848
0x85d1c7c40,134,128,132,nqsi_append_kernel,1,1,1,256,6.688,5.818,0.694
0x85d1c7c40,134,128,133,copy_indexed_kernel,64,1,1,256,12.467,18.487,1.587
0x85d1d1ae0,1743,124,0,copy_i32_from_mapped_kernel,1,1,1,128,11.398,15.584,0.000
0x85d1d1ae0,1743,124,1,copy_i32_from_mapped_kernel,1,1,1,128,6.877,8.180,1.403
0x85d1d1ae0,1743,124,2,copy_i32_from_mapped_kernel,1,1,1,128,5.909,3.324,0.690
0x85d1d1ae0,1743,124,3,copy_from_mapped_kernel,3,1,1,256,6.841,2.288,3.239
0x85d1d1ae0,1743,124,4,embed_rows_kernel,10,1,1,32,12.233,6.044,9.962
0x85d1d1ae0,1743,124,5,broadcast_streams_kernel,40,1,1,256,11.720,28.354,10.495
0x85d1d1ae0,1743,124,6,fused_gr_norm1_kernel,1,1,1,256,25.303,10.257,0.728
0x85d1d1ae0,1743,124,7,fused_gr_down_kernel,41,1,1,256,75.197,45.672,1.865
0x85d1d1ae0,1743,124,8,fused_gr_up_kernel,160,1,1,256,71.466,46.142,1.277
0x85d1d1ae0,1743,124,9,native_quantize_q8_1_kernel,10,1,1,256,8.406,3.163,0.440
0x85d1d1ae0,1743,124,10,native_iq4_xs_direct_sg4,640,1,1,128,141.190,67.646,0.961
0x85d1d1ae0,1743,124,11,gdn_conv_l2_multi_kernel,80,1,1,128,9.536,7.424,0.435
0x85d1d1ae0,1743,124,12,gdn_ab_multi_kernel,12,1,1,256,22.561,14.175,0.493
0x85d1d1ae0,1743,124,13,mmvq_direct_21_r2,768,1,1,128,99.341,46.791,0.441
0x85d1d1ae0,1743,124,14,gdn_step_norm_multi_tail_kernel,48,1,1,512,38.924,22.662,0.447
0x85d1d1ae0,1743,124,15,native_quantize_q8_1_kernel,24,1,1,256,7.386,2.400,0.434
0x85d1d1ae0,1743,124,16,native_iq4_xs_direct_sg4,160,1,1,128,62.422,23.020,0.416
0x85d1d1ae0,1743,124,17,fused_gr_norm1_kernel,1,1,1,256,26.982,14.122,0.413
0x85d1d1ae0,1743,124,18,fused_gr_down_kernel,41,1,1,256,38.009,11.941,0.401
0x85d1d1ae0,1743,124,19,fused_gr_up_kernel,160,1,1,256,43.217,14.921,0.387
0x85d1d1ae0,1743,124,20,bf16_f32_mmvf_kernel,512,1,1,256,19.350,18.240,0.381
0x85d1d1ae0,1743,124,21,route,1,1,1,256,26.807,8.423,0.424
0x85d1d1ae0,1743,124,22,to_bf16_kernel,10,1,1,256,4.899,1.782,0.415
0x85d1d1ae0,1743,124,23,native_quantize_q8_1_kernel,10,1,1,256,7.156,2.319,0.410
0x85d1d1ae0,1743,124,24,mmvq_direct_21_r2,80,1,1,128,24.220,8.134,0.418
0x85d1d1ae0,1743,124,25,native_iq4_xs_direct_r4,160,1,1,128,17.022,5.606,0.422
0x85d1d1ae0,1743,124,26,shexp_native_swiglu_kernel,5,1,1,128,7.130,2.177,0.415
0x85d1d1ae0,1743,124,27,native_quantize_q8_1_kernel,3,1,1,256,6.120,2.228,0.394
0x85d1d1ae0,1743,124,28,native_iq4_nl_direct_r4,640,1,1,128,21.310,7.107,0.385
0x85d1d1ae0,1743,124,29,bf16_f32_mmvf_kernel,1,1,1,256,8.012,2.763,0.390
0x85d1d1ae0,1743,124,30,shexp_native_scalar_sigmoid_kernel,1,1,1,1,6.149,1.956,0.388
0x85d1d1ae0,1743,124,31,shexp_scale_rows_kernel,20,1,1,128,5.881,1.965,0.372
0x85d1d1ae0,1743,124,32,quantize_q8_1_kernel,10,1,1,256,7.091,2.229,0.396
0x85d1d1ae0,1743,124,33,native_resident_gu_22,160,10,1,256,201.910,79.004,0.401
0x85d1d1ae0,1743,124,34,swiglu_entries_kernel,25,1,1,256,7.427,4.011,0.395
0x85d1d1ae0,1743,124,35,quantize_q8_1_kernel,25,1,1,256,8.334,18.597,0.380
0x85d1d1ae0,1743,124,36,native_resident_down_direct_42_r4,80,10,1,256,114.095,42.542,0.386
0x85d1d1ae0,1743,124,37,nmoe_combine_kernel,10,1,1,256,9.810,3.424,0.399
0x85d1d1ae0,1743,124,38,native_gr_post_kernel,40,1,1,256,9.621,3.293,0.393
0x85d1d1ae0,1743,124,39,bf16_f32_mmvf_kernel,10240,1,1,256,183.784,65.080,0.395
0x85d1d1ae0,1743,124,40,bf16_f32_mmvf_kernel,2560,1,1,256,53.727,19.425,0.532
0x85d1d1ae0,1743,124,41,weighted_rms_norm,4,1,1,1024,10.194,3.222,0.424
0x85d1d1ae0,1743,124,42,weighted_rms_norm,4,1,1,1024,9.013,2.897,0.433
0x85d1d1ae0,1743,124,43,nple_gate_kernel,4,1,1,512,7.593,2.374,0.403
0x85d1d1ae0,1743,124,44,nple_broadcast_kernel,40,1,1,256,5.339,1.805,0.397
0x85d1d1ae0,1743,124,45,weighted_rms_norm,4,1,1,1024,8.601,3.050,0.412
0x85d1d1ae0,1743,124,46,nple_conv_residual_kernel,40,1,1,256,10.589,3.506,0.400
0x85d1d1ae0,1743,124,47,copy(compute),40960,1,1,0,5.239,2.210,0.371
0x85d1d1ae0,1743,124,48,history_advance_kernel,40,1,1,256,6.484,2.294,0.413
0x85d1d1ae0,1743,124,49,copy_from_mapped_kernel,64,1,1,256,6.911,2.228,0.389
0x85d1d1ae0,1743,124,50,fused_gr_norm1_kernel,1,1,1,256,21.376,6.882,0.399
0x85d1d1ae0,1743,124,51,fused_gr_down_kernel,41,1,1,256,36.222,9.307,0.378
0x85d1d1ae0,1743,124,52,fused_gr_up_kernel,160,1,1,256,37.387,9.983,0.377
0x85d1d1ae0,1743,124,53,native_quantize_q8_1_kernel,10,1,1,256,8.045,2.557,0.398
0x85d1d1ae0,1743,124,54,native_iq4_xs_direct_sg4,640,1,1,128,96.914,33.925,0.388
0x85d1d1ae0,1743,124,55,gdn_conv_l2_multi_kernel,80,1,1,128,10.266,9.971,0.385
0x85d1d1ae0,1743,124,56,gdn_ab_multi_kernel,12,1,1,256,19.893,7.207,0.392
0x85d1d1ae0,1743,124,57,mmvq_direct_21_r2,768,1,1,128,94.901,39.746,0.367
0x85d1d1ae0,1743,124,58,gdn_step_norm_multi_tail_kernel,48,1,1,512,35.122,15.507,0.380
0x85d1d1ae0,1743,124,59,native_quantize_q8_1_kernel,24,1,1,256,7.618,3.946,0.343
0x85d1d1ae0,1743,124,60,native_iq4_xs_direct_sg4,160,1,1,128,59.072,19.051,0.350
0x85d1d1ae0,1743,124,61,fused_gr_norm1_kernel,1,1,1,256,25.232,11.436,0.361
0x85d1d1ae0,1743,124,62,fused_gr_down_kernel,41,1,1,256,35.276,17.110,0.362
0x85d1d1ae0,1743,124,63,fused_gr_up_kernel,160,1,1,256,41.505,12.658,0.354
0x85d1d1ae0,1743,124,64,bf16_f32_mmvf_kernel,512,1,1,256,17.509,19.017,0.371
0x85d1d1ae0,1743,124,65,route,1,1,1,256,26.823,17.883,0.380
0x85d1d1ae0,1743,124,66,to_bf16_kernel,10,1,1,256,5.531,1.824,0.371
0x85d1d1ae0,1743,124,67,native_quantize_q8_1_kernel,10,1,1,256,7.077,2.547,0.353
0x85d1d1ae0,1743,124,68,native_q6_k_mmvq_kernel_large,640,1,1,128,18.443,8.786,0.362
0x85d1d1ae0,1743,124,69,native_iq4_xs_direct_r4,160,1,1,128,16.967,5.214,0.358
0x85d1d1ae0,1743,124,70,shexp_native_swiglu_kernel,5,1,1,128,6.504,1.999,0.363
0x85d1d1ae0,1743,124,71,native_quantize_q8_1_kernel,3,1,1,256,6.749,7.418,0.353
0x85d1d1ae0,1743,124,72,native_iq4_nl_direct_r4,640,1,1,128,20.751,7.379,0.361
0x85d1d1ae0,1743,124,73,bf16_f32_mmvf_kernel,1,1,1,256,7.802,2.297,0.366
0x85d1d1ae0,1743,124,74,shexp_native_scalar_sigmoid_kernel,1,1,1,1,5.771,1.760,0.373
0x85d1d1ae0,1743,124,75,shexp_scale_rows_kernel,20,1,1,128,5.334,2.308,0.362
0x85d1d1ae0,1743,124,76,quantize_q8_1_kernel,10,1,1,256,7.543,7.219,0.361
0x85d1d1ae0,1743,124,77,native_resident_gu_16,160,10,1,256,190.400,77.101,0.372
0x85d1d1ae0,1743,124,78,swiglu_entries_kernel,25,1,1,256,7.627,2.265,0.374
0x85d1d1ae0,1743,124,79,quantize_q8_1_kernel,25,1,1,256,6.473,2.275,0.339
0x85d1d1ae0,1743,124,80,native_resident_down_direct_42_r4,80,10,1,256,120.395,52.062,372.477
0x85d1d1ae0,1743,124,81,nmoe_combine_kernel,10,1,1,256,9.311,5.465,0.387
0x85d1d1ae0,1743,124,82,fused_gr_norm1_kernel,1,1,1,256,25.371,10.796,1.685
0x85d1d1ae0,1743,124,83,fused_gr_down_kernel,41,1,1,256,36.115,14.409,2.468
0x85d1d1ae0,1743,124,84,fused_gr_up_kernel,160,1,1,256,43.702,18.287,0.383
0x85d1d1ae0,1743,124,85,native_quantize_q8_1_kernel,10,1,1,256,7.326,2.569,0.388
0x85d1d1ae0,1743,124,86,native_iq4_xs_direct_sg4,640,1,1,128,103.534,47.746,0.390
0x85d1d1ae0,1743,124,87,gdn_conv_l2_multi_kernel,80,1,1,128,9.927,12.017,0.395
0x85d1d1ae0,1743,124,88,gdn_ab_multi_kernel,12,1,1,256,22.548,19.954,0.381
0x85d1d1ae0,1743,124,89,native_iq4_xs_direct_sg4,384,1,1,128,66.343,27.785,1.288
0x85d1d1ae0,1743,124,90,gdn_step_norm_multi_tail_kernel,48,1,1,512,35.115,12.183,0.386
0x85d1d1ae0,1743,124,91,native_quantize_q8_1_kernel,24,1,1,256,7.406,2.934,1.406
0x85d1d1ae0,1743,124,92,native_iq4_xs_direct_sg4,160,1,1,128,59.040,21.711,0.369
0x85d1d1ae0,1743,124,93,fused_gr_norm1_kernel,1,1,1,256,24.421,8.031,0.384
0x85d1d1ae0,1743,124,94,fused_gr_down_kernel,41,1,1,256,34.944,10.076,1.192
0x85d1d1ae0,1743,124,95,fused_gr_up_kernel,160,1,1,256,41.828,14.392,0.377
0x85d1d1ae0,1743,124,96,bf16_f32_mmvf_kernel,512,1,1,256,16.871,7.869,0.394
0x85d1d1ae0,1743,124,97,route,1,1,1,256,25.987,8.569,0.395
0x85d1d1ae0,1743,124,98,to_bf16_kernel,10,1,1,256,4.655,2.012,0.385
0x85d1d1ae0,1743,124,99,native_quantize_q8_1_kernel,10,1,1,256,6.843,2.364,0.381
0x85d1d1ae0,1743,124,100,native_iq4_xs_direct_r4,160,1,1,128,17.535,6.139,0.383
0x85d1d1ae0,1743,124,101,native_iq4_xs_direct_r4,160,1,1,128,15.452,5.566,0.381
0x85d1d1ae0,1743,124,102,shexp_native_swiglu_kernel,5,1,1,128,6.313,2.327,0.364
0x85d1d1ae0,1743,124,103,native_quantize_q8_1_kernel,3,1,1,256,5.827,2.207,0.353
0x85d1d1ae0,1743,124,104,native_iq4_nl_direct_r4,640,1,1,128,20.738,7.036,0.371
0x85d1d1ae0,1743,124,105,bf16_f32_mmvf_kernel,1,1,1,256,7.755,2.653,0.376
0x85d1d1ae0,1743,124,106,shexp_native_scalar_sigmoid_kernel,1,1,1,1,5.972,2.109,0.393
0x85d1d1ae0,1743,124,107,shexp_scale_rows_kernel,20,1,1,128,4.913,1.952,0.378
0x85d1d1ae0,1743,124,108,quantize_q8_1_kernel,10,1,1,256,7.321,3.808,2.036
0x85d1d1ae0,1743,124,109,native_resident_gu_22,160,10,1,256,202.660,80.748,3.032
0x85d1d1ae0,1743,124,110,swiglu_entries_kernel,25,1,1,256,6.865,2.677,0.395
0x85d1d1ae0,1743,124,111,quantize_q8_1_kernel,25,1,1,256,6.873,2.759,0.375
0x85d1d1ae0,1743,124,112,native_resident_down_direct_42_r4,80,10,1,256,116.606,45.967,0.357
0x85d1d1ae0,1743,124,113,nmoe_combine_kernel,10,1,1,256,10.219,10.824,0.375
0x85d1d1ae0,1743,124,114,fused_gr_norm1_kernel,1,1,1,256,24.557,10.085,0.364
0x85d1d1ae0,1743,124,115,fused_gr_down_kernel,41,1,1,256,35.132,10.046,0.359
0x85d1d1ae0,1743,124,116,fused_gr_up_kernel,160,1,1,256,44.614,24.360,0.370
0x85d1d1ae0,1743,124,117,native_quantize_q8_1_kernel,10,1,1,256,8.579,13.809,0.396
0x85d1d1ae0,1743,124,118,bf16_f32_mmvf_kernel,128,1,1,256,10.428,6.781,0.385
0x85d1d1ae0,1743,124,119,native_q6_k_mmvq_kernel_large,512,1,1,128,16.654,6.215,0.375
0x85d1d1ae0,1743,124,120,native_iq4_xs_direct_r4,128,1,1,128,17.229,6.168,0.375
0x85d1d1ae0,1743,124,121,nqs_norm_kernel,2,1,1,256,10.255,23.440,0.378
0x85d1d1ae0,1743,124,122,native_rope_apply_kernel,1,2,1,128,13.459,5.329,0.374
0x85d1d1ae0,1743,124,123,copy_from_mapped_kernel,1,1,1,256,6.065,2.187,0.364
0x85d1d1ae0,1743,124,124,kv_append_kernel,2,1,1,256,16.816,13.519,0.362
0x85d1d1ae0,1743,124,125,nqsi_append_kernel,1,1,1,256,12.643,5.553,0.375
0x85d1d1ae0,1743,124,126,native_iq4_xs_direct_sg4,768,1,1,128,115.513,43.692,0.384
0x85d1d1ae0,1743,124,127,runtime_copy2d16,1,24,1,128,6.411,6.405,0.392
0x85d1d1ae0,1743,124,128,nqs_norm_kernel,24,1,1,256,7.458,2.793,0.357
0x85d1d1ae0,1743,124,129,native_rope_apply_kernel,1,24,1,128,13.340,4.511,0.378
0x85d1d1ae0,1743,124,130,bf16_f32_mmvf_kernel,512,1,1,256,16.295,4.719,0.625
0x85d1d1ae0,1743,124,131,nqs_norm_kernel,4,1,1,256,9.310,18.836,0.438
0x85d1d1ae0,1743,124,132,native_rope_apply_kernel,1,4,1,128,9.481,3.854,0.548
0x85d1d1ae0,1743,124,133,block_scores_multi_kernel,256,1,1,256,18.233,6.444,0.677
0x85d1d1ae0,1743,124,134,block_topk_scan_kernel,1,1,1,256,57.777,22.213,0.664
0x85d1d1ae0,1743,124,135,attn_chunk_kernel_m0,33,2,1,256,151.141,59.913,0.379
0x85d1d1ae0,1743,124,136,attn_merge_kernel,24,1,1,256,47.851,18.120,0.401
0x85d1d1ae0,1743,124,137,nqs_gate_kernel,24,1,1,256,11.690,16.724,0.396
0x85d1d1ae0,1743,124,138,native_quantize_q8_1_kernel,24,1,1,256,7.750,3.052,0.403
0x85d1d1ae0,1743,124,139,mmvq_direct_21_r2,320,1,1,128,86.212,34.999,0.471
0x85d1d1ae0,1743,124,140,fused_gr_norm1_kernel,1,1,1,256,26.257,9.024,0.395
0x85d1d1ae0,1743,124,141,fused_gr_down_kernel,41,1,1,256,38.171,11.264,0.404
0x85d1d1ae0,1743,124,142,fused_gr_up_kernel,160,1,1,256,43.536,15.841,0.448
0x85d1d1ae0,1743,124,143,bf16_f32_mmvf_kernel,512,1,1,256,17.837,5.307,0.672
0x85d1d1ae0,1743,124,144,route,1,1,1,256,26.724,9.684,0.471
0x85d1d1ae0,1743,124,145,to_bf16_kernel,10,1,1,256,5.721,1.923,0.670
0x85d1d1ae0,1743,124,146,native_quantize_q8_1_kernel,10,1,1,256,7.078,2.666,0.521
0x85d1d1ae0,1743,124,147,native_iq4_xs_direct_r4,160,1,1,128,17.859,6.694,0.562
0x85d1d1ae0,1743,124,148,native_iq4_xs_direct_r4,160,1,1,128,16.432,6.222,0.629
0x85d1d1ae0,1743,124,149,shexp_native_swiglu_kernel,5,1,1,128,6.941,2.676,0.635
0x85d1d1ae0,1743,124,150,native_quantize_q8_1_kernel,3,1,1,256,6.554,2.116,0.677
0x85d1d1ae0,1743,124,151,native_small_mmvq_kernel_q8_0_small,640,1,1,128,20.477,7.063,0.531
0x85d1d1ae0,1743,124,152,bf16_f32_mmvf_kernel,1,1,1,256,8.194,2.914,0.501
0x85d1d1ae0,1743,124,153,shexp_native_scalar_sigmoid_kernel,1,1,1,1,6.388,2.400,0.707
0x85d1d1ae0,1743,124,154,shexp_scale_rows_kernel,20,1,1,128,5.625,2.501,0.670
0x85d1d1ae0,1743,124,155,quantize_q8_1_kernel,10,1,1,256,7.543,2.770,0.539
0x85d1d1ae0,1743,124,156,native_resident_gu_22,160,10,1,256,207.046,85.582,0.773
0x85d1d1ae0,1743,124,157,swiglu_entries_kernel,25,1,1,256,8.261,4.859,0.400
0x85d1d1ae0,1743,124,158,quantize_q8_1_kernel,25,1,1,256,7.152,3.143,0.386
0x85d1d1ae0,1743,124,159,native_resident_down_direct_42_r4,80,10,1,256,121.611,60.418,0.579
0x85d1d1ae0,1743,124,160,nmoe_combine_kernel,10,1,1,256,11.880,11.469,391.938
0x85d1d1ae0,1743,124,161,fused_gr_norm1_kernel,1,1,1,256,25.045,11.104,1.611
0x85d1d1ae0,1743,124,162,fused_gr_down_kernel,41,1,1,256,38.217,15.002,4.666
0x85d1d1ae0,1743,124,163,fused_gr_up_kernel,160,1,1,256,44.927,17.755,11.704
0x85d1d1ae0,1743,124,164,native_quantize_q8_1_kernel,10,1,1,256,7.696,2.798,2.979
0x85d1d1ae0,1743,124,165,native_iq4_xs_direct_sg4,640,1,1,128,101.972,41.065,1.406
0x85d1d1ae0,1743,124,166,gdn_conv_l2_multi_kernel,80,1,1,128,8.744,3.322,2.995
0x85d1d1ae0,1743,124,167,gdn_ab_multi_kernel,12,1,1,256,20.609,7.185,0.510
0x85d1d1ae0,1743,124,168,mmvq_direct_21_r2,768,1,1,128,97.021,39.481,0.670
0x85d1d1ae0,1743,124,169,gdn_step_norm_multi_tail_kernel,48,1,1,512,37.550,19.241,0.469
0x85d1d1ae0,1743,124,170,native_quantize_q8_1_kernel,24,1,1,256,10.029,19.019,0.632
0x85d1d1ae0,1743,124,171,native_iq4_xs_direct_sg4,160,1,1,128,62.327,26.355,0.720
0x85d1d1ae0,1743,124,172,fused_gr_norm1_kernel,1,1,1,256,28.367,29.974,0.411
0x85d1d1ae0,1743,124,173,fused_gr_down_kernel,41,1,1,256,36.408,11.962,0.537
0x85d1d1ae0,1743,124,174,fused_gr_up_kernel,160,1,1,256,44.863,28.957,1.861
0x85d1d1ae0,1743,124,175,bf16_f32_mmvf_kernel,512,1,1,256,16.886,4.982,0.631
0x85d1d1ae0,1743,124,176,route,1,1,1,256,26.458,9.045,0.524
0x85d1d1ae0,1743,124,177,to_bf16_kernel,10,1,1,256,4.623,1.785,0.696
0x85d1d1ae0,1743,124,178,native_quantize_q8_1_kernel,10,1,1,256,7.039,2.644,0.537
0x85d1d1ae0,1743,124,179,native_iq4_xs_direct_r4,160,1,1,128,17.536,6.226,0.683
0x85d1d1ae0,1743,124,180,mmvq_direct_21_r2,80,1,1,128,24.221,8.661,1.518
0x85d1d1ae0,1743,124,181,shexp_native_swiglu_kernel,5,1,1,128,6.410,2.229,0.726
0x85d1d1ae0,1743,124,182,native_quantize_q8_1_kernel,3,1,1,256,5.944,2.236,0.686
0x85d1d1ae0,1743,124,183,native_iq4_nl_direct_r4,640,1,1,128,21.132,7.293,0.533
0x85d1d1ae0,1743,124,184,bf16_f32_mmvf_kernel,1,1,1,256,7.834,2.751,0.501
0x85d1d1ae0,1743,124,185,shexp_native_scalar_sigmoid_kernel,1,1,1,1,6.051,2.148,0.379
0x85d1d1ae0,1743,124,186,shexp_scale_rows_kernel,20,1,1,128,4.963,1.876,0.613
0x85d1d1ae0,1743,124,187,quantize_q8_1_kernel,10,1,1,256,7.103,2.538,0.548
0x85d1d1ae0,1743,124,188,native_resident_gu_16,160,10,1,256,193.821,79.421,1.019
0x85d1d1ae0,1743,124,189,swiglu_entries_kernel,25,1,1,256,6.758,2.642,0.401
0x85d1d1ae0,1743,124,190,quantize_q8_1_kernel,25,1,1,256,6.715,2.573,0.395
0x85d1d1ae0,1743,124,191,native_resident_down_direct_42_r4,80,10,1,256,118.928,51.884,0.392
0x85d1d1ae0,1743,124,192,nmoe_combine_kernel,10,1,1,256,9.390,3.416,0.397
0x85d1d1ae0,1743,124,193,fused_gr_norm1_kernel,1,1,1,256,23.320,8.240,0.389
0x85d1d1ae0,1743,124,194,fused_gr_down_kernel,41,1,1,256,36.785,19.365,0.381
0x85d1d1ae0,1743,124,195,fused_gr_up_kernel,160,1,1,256,43.732,19.494,0.363
0x85d1d1ae0,1743,124,196,native_quantize_q8_1_kernel,10,1,1,256,7.245,2.434,0.366
0x85d1d1ae0,1743,124,197,native_iq4_xs_direct_sg4,640,1,1,128,100.088,42.395,0.390
0x85d1d1ae0,1743,124,198,gdn_conv_l2_multi_kernel,80,1,1,128,9.388,5.625,0.403
0x85d1d1ae0,1743,124,199,gdn_ab_multi_kernel,12,1,1,256,22.029,20.160,0.388
0x85d1d1ae0,1743,124,200,mmvq_direct_21_r2,768,1,1,128,100.669,49.900,0.405
0x85d1d1ae0,1743,124,201,gdn_step_norm_multi_tail_kernel,48,1,1,512,36.213,13.238,0.406
0x85d1d1ae0,1743,124,202,native_quantize_q8_1_kernel,24,1,1,256,9.462,16.031,0.399
0x85d1d1ae0,1743,124,203,native_iq4_xs_direct_sg4,160,1,1,128,60.368,22.507,0.381
0x85d1d1ae0,1743,124,204,fused_gr_norm1_kernel,1,1,1,256,26.380,17.294,0.385
0x85d1d1ae0,1743,124,205,fused_gr_down_kernel,41,1,1,256,36.369,17.825,0.386
0x85d1d1ae0,1743,124,206,fused_gr_up_kernel,160,1,1,256,42.644,14.371,0.374
0x85d1d1ae0,1743,124,207,bf16_f32_mmvf_kernel,512,1,1,256,16.700,4.559,0.366
0x85d1d1ae0,1743,124,208,route,1,1,1,256,26.163,8.838,0.378
0x85d1d1ae0,1743,124,209,to_bf16_kernel,10,1,1,256,5.238,3.703,0.380
0x85d1d1ae0,1743,124,210,native_quantize_q8_1_kernel,10,1,1,256,7.363,2.320,0.380
0x85d1d1ae0,1743,124,211,native_iq4_xs_direct_r4,160,1,1,128,17.340,7.057,0.372
0x85d1d1ae0,1743,124,212,native_q6_k_mmvq_kernel_large,640,1,1,128,18.234,6.947,0.378
0x85d1d1ae0,1743,124,213,shexp_native_swiglu_kernel,5,1,1,128,6.272,2.103,0.400
0x85d1d1ae0,1743,124,214,native_quantize_q8_1_kernel,3,1,1,256,5.751,2.128,0.391
0x85d1d1ae0,1743,124,215,native_iq4_nl_direct_r4,640,1,1,128,22.267,20.683,0.376
0x85d1d1ae0,1743,124,216,bf16_f32_mmvf_kernel,1,1,1,256,7.552,2.515,0.400
0x85d1d1ae0,1743,124,217,shexp_native_scalar_sigmoid_kernel,1,1,1,1,6.181,2.079,0.394
0x85d1d1ae0,1743,124,218,shexp_scale_rows_kernel,20,1,1,128,5.442,1.790,0.384
0x85d1d1ae0,1743,124,219,quantize_q8_1_kernel,10,1,1,256,7.159,2.473,0.372
0x85d1d1ae0,1743,124,220,native_resident_gu_22,160,10,1,256,204.755,84.530,0.375
0x85d1d1ae0,1743,124,221,swiglu_entries_kernel,25,1,1,256,8.916,14.849,0.394
0x85d1d1ae0,1743,124,222,quantize_q8_1_kernel,25,1,1,256,7.452,6.113,0.370
0x85d1d1ae0,1743,124,223,native_resident_down_direct_42_r4,80,10,1,256,115.881,46.734,0.359
0x85d1d1ae0,1743,124,224,nmoe_combine_kernel,10,1,1,256,9.320,3.663,0.382
0x85d1d1ae0,1743,124,225,fused_gr_norm1_kernel,1,1,1,256,24.306,7.858,0.372
0x85d1d1ae0,1743,124,226,fused_gr_down_kernel,41,1,1,256,36.160,9.251,0.371
0x85d1d1ae0,1743,124,227,fused_gr_up_kernel,160,1,1,256,42.833,14.005,0.362
0x85d1d1ae0,1743,124,228,native_quantize_q8_1_kernel,10,1,1,256,7.665,2.339,0.368
0x85d1d1ae0,1743,124,229,native_iq4_xs_direct_sg4,640,1,1,128,96.455,32.864,0.391
0x85d1d1ae0,1743,124,230,gdn_conv_l2_multi_kernel,80,1,1,128,9.184,2.752,0.405
0x85d1d1ae0,1743,124,231,gdn_ab_multi_kernel,12,1,1,256,19.894,6.342,0.381
0x85d1d1ae0,1743,124,232,native_iq4_xs_direct_sg4,384,1,1,128,64.160,22.607,0.381
0x85d1d1ae0,1743,124,233,gdn_step_norm_multi_tail_kernel,48,1,1,512,34.942,11.330,0.400
0x85d1d1ae0,1743,124,234,native_quantize_q8_1_kernel,24,1,1,256,8.119,2.421,0.397
0x85d1d1ae0,1743,124,235,native_iq4_xs_direct_sg4,160,1,1,128,59.137,21.306,0.368
0x85d1d1ae0,1743,124,236,fused_gr_norm1_kernel,1,1,1,256,24.272,7.904,0.380
0x85d1d1ae0,1743,124,237,fused_gr_down_kernel,41,1,1,256,35.428,8.628,0.380
0x85d1d1ae0,1743,124,238,fused_gr_up_kernel,160,1,1,256,41.722,13.709,0.377
0x85d1d1ae0,1743,124,239,bf16_f32_mmvf_kernel,512,1,1,256,16.546,4.243,0.376
0x85d1d1ae0,1743,124,240,route,1,1,1,256,27.124,13.458,361.033
0x85d1d1ae0,1743,124,241,to_bf16_kernel,10,1,1,256,5.072,4.934,7.741
0x85d1d1ae0,1743,124,242,native_quantize_q8_1_kernel,10,1,1,256,7.459,3.715,1.980
0x85d1d1ae0,1743,124,243,native_iq4_xs_direct_r4,160,1,1,128,17.193,5.723,10.864
0x85d1d1ae0,1743,124,244,native_iq4_xs_direct_r4,160,1,1,128,15.438,5.422,2.739
0x85d1d1ae0,1743,124,245,shexp_native_swiglu_kernel,5,1,1,128,6.238,2.085,1.638
0x85d1d1ae0,1743,124,246,native_quantize_q8_1_kernel,3,1,1,256,5.794,2.036,1.443
0x85d1d1ae0,1743,124,247,native_q2_0_mmvq_kernel_small,640,1,1,128,32.400,10.200,5.932
0x85d1d1ae0,1743,124,248,bf16_f32_mmvf_kernel,1,1,1,256,8.125,2.652,2.122
0x85d1d1ae0,1743,124,249,shexp_native_scalar_sigmoid_kernel,1,1,1,1,5.957,2.030,0.578
0x85d1d1ae0,1743,124,250,shexp_scale_rows_kernel,20,1,1,128,4.854,1.944,7.159
0x85d1d1ae0,1743,124,251,quantize_q8_1_kernel,10,1,1,256,7.204,3.066,5.850
0x85d1d1ae0,1743,124,252,native_resident_gu_22,160,10,1,256,202.281,79.952,16.858
0x85d1d1ae0,1743,124,253,swiglu_entries_kernel,25,1,1,256,6.296,2.105,0.387
0x85d1d1ae0,1743,124,254,quantize_q8_1_kernel,25,1,1,256,7.563,11.297,0.377
0x85d1d1ae0,1743,124,255,native_resident_down_direct_42_r4,80,10,1,256,115.362,45.128,0.365
0x85d1d1ae0,1743,124,256,nmoe_combine_kernel,10,1,1,256,8.895,3.140,0.381
0x85d1d1ae0,1743,124,257,fused_gr_norm1_kernel,1,1,1,256,23.779,7.807,0.376
0x85d1d1ae0,1743,124,258,fused_gr_down_kernel,41,1,1,256,35.015,9.396,0.382
0x85d1d1ae0,1743,124,259,fused_gr_up_kernel,160,1,1,256,42.521,15.243,0.377
0x85d1d1ae0,1743,124,260,native_quantize_q8_1_kernel,10,1,1,256,6.941,2.387,3.352
0x85d1d1ae0,1743,124,261,bf16_f32_mmvf_kernel,128,1,1,256,9.377,2.923,0.630
0x85d1d1ae0,1743,124,262,native_q6_k_mmvq_kernel_large,512,1,1,128,16.004,5.950,0.389
0x85d1d1ae0,1743,124,263,native_q6_k_mmvq_kernel_large,512,1,1,128,15.377,5.849,0.723
0x85d1d1ae0,1743,124,264,nqs_norm_kernel,2,1,1,256,7.511,2.450,0.377
0x85d1d1ae0,1743,124,265,native_rope_apply_kernel,1,2,1,128,13.118,4.228,0.383
0x85d1d1ae0,1743,124,266,copy_from_mapped_kernel,1,1,1,256,5.852,2.011,0.386
0x85d1d1ae0,1743,124,267,kv_append_kernel,2,1,1,256,15.279,5.051,0.353
0x85d1d1ae0,1743,124,268,nqsi_append_kernel,1,1,1,256,11.843,5.109,9.451
0x85d1d1ae0,1743,124,269,native_iq4_xs_direct_sg4,768,1,1,128,115.344,43.489,0.680
0x85d1d1ae0,1743,124,270,runtime_copy2d16,1,24,1,128,5.814,3.810,0.407
0x85d1d1ae0,1743,124,271,nqs_norm_kernel,24,1,1,256,7.339,2.700,0.358
0x85d1d1ae0,1743,124,272,native_rope_apply_kernel,1,24,1,128,12.640,4.399,0.392
0x85d1d1ae0,1743,124,273,bf16_f32_mmvf_kernel,512,1,1,256,16.764,5.889,0.397
0x85d1d1ae0,1743,124,274,nqs_norm_kernel,4,1,1,256,6.647,2.405,0.403
0x85d1d1ae0,1743,124,275,native_rope_apply_kernel,1,4,1,128,9.276,3.533,0.378
0x85d1d1ae0,1743,124,276,block_scores_multi_kernel,256,1,1,256,18.404,6.816,0.387
0x85d1d1ae0,1743,124,277,block_topk_scan_kernel,1,1,1,256,56.341,21.900,0.395
0x85d1d1ae0,1743,124,278,attn_chunk_kernel_m0,33,2,1,256,151.744,60.578,0.376
0x85d1d1ae0,1743,124,279,attn_merge_kernel,24,1,1,256,45.684,17.714,0.375
0x85d1d1ae0,1743,124,280,nqs_gate_kernel,24,1,1,256,11.880,16.500,0.390
0x85d1d1ae0,1743,124,281,native_quantize_q8_1_kernel,24,1,1,256,7.668,3.658,0.395
0x85d1d1ae0,1743,124,282,native_iq4_xs_direct_sg4,160,1,1,128,62.179,23.120,0.400
0x85d1d1ae0,1743,124,283,fused_gr_norm1_kernel,1,1,1,256,27.631,23.510,0.409
0x85d1d1ae0,1743,124,284,fused_gr_down_kernel,41,1,1,256,37.970,11.699,0.398
0x85d1d1ae0,1743,124,285,fused_gr_up_kernel,160,1,1,256,43.973,16.519,0.414
0x85d1d1ae0,1743,124,286,bf16_f32_mmvf_kernel,512,1,1,256,17.224,5.755,0.417
0x85d1d1ae0,1743,124,287,route,1,1,1,256,26.918,9.400,0.396
0x85d1d1ae0,1743,124,288,to_bf16_kernel,10,1,1,256,5.334,1.926,0.382
0x85d1d1ae0,1743,124,289,native_quantize_q8_1_kernel,10,1,1,256,7.273,2.567,0.403
0x85d1d1ae0,1743,124,290,native_q6_k_mmvq_kernel_large,640,1,1,128,19.231,7.293,0.402
0x85d1d1ae0,1743,124,291,native_iq4_xs_direct_r4,160,1,1,128,17.901,6.381,0.396
0x85d1d1ae0,1743,124,292,shexp_native_swiglu_kernel,5,1,1,128,6.822,2.178,0.387
0x85d1d1ae0,1743,124,293,native_quantize_q8_1_kernel,3,1,1,256,6.163,2.305,0.408
0x85d1d1ae0,1743,124,294,native_q2_0_mmvq_kernel_small,640,1,1,128,33.777,11.515,0.411
0x85d1d1ae0,1743,124,295,bf16_f32_mmvf_kernel,1,1,1,256,8.177,2.690,0.400
0x85d1d1ae0,1743,124,296,shexp_native_scalar_sigmoid_kernel,1,1,1,1,6.198,2.201,0.397
0x85d1d1ae0,1743,124,297,shexp_scale_rows_kernel,20,1,1,128,5.280,2.027,0.401
0x85d1d1ae0,1743,124,298,quantize_q8_1_kernel,10,1,1,256,7.295,2.561,0.422
0x85d1d1ae0,1743,124,299,native_resident_gu_22,160,10,1,256,212.781,99.288,0.401
0x85d1d1ae0,1743,124,300,swiglu_entries_kernel,25,1,1,256,8.003,4.868,0.411
0x85d1d1ae0,1743,124,301,quantize_q8_1_kernel,25,1,1,256,7.753,7.046,0.399
0x85d1d1ae0,1743,124,302,native_resident_down_direct_42_r4,80,10,1,256,123.394,72.680,0.402
0x85d1d1ae0,1743,124,303,nmoe_combine_kernel,10,1,1,256,9.953,4.298,0.401
0x85d1d1ae0,1743,124,304,fused_gr_norm1_kernel,1,1,1,256,24.367,8.798,0.397
0x85d1d1ae0,1743,124,305,fused_gr_down_kernel,41,1,1,256,36.771,10.098,0.388
0x85d1d1ae0,1743,124,306,fused_gr_up_kernel,160,1,1,256,43.780,15.781,0.396
0x85d1d1ae0,1743,124,307,native_quantize_q8_1_kernel,10,1,1,256,8.663,8.936,0.393
0x85d1d1ae0,1743,124,308,native_iq4_xs_direct_sg4,640,1,1,128,102.115,38.268,0.395
0x85d1d1ae0,1743,124,309,gdn_conv_l2_multi_kernel,80,1,1,128,10.091,9.380,0.436
0x85d1d1ae0,1743,124,310,gdn_ab_multi_kernel,12,1,1,256,19.886,6.878,0.398
0x85d1d1ae0,1743,124,311,native_iq4_xs_direct_sg4,384,1,1,128,66.906,25.105,0.391
0x85d1d1ae0,1743,124,312,gdn_step_norm_multi_tail_kernel,48,1,1,512,36.784,14.748,0.412
0x85d1d1ae0,1743,124,313,native_quantize_q8_1_kernel,24,1,1,256,8.826,4.814,0.399
0x85d1d1ae0,1743,124,314,mmvq_direct_21_r2,320,1,1,128,90.039,43.887,0.406
0x85d1d1ae0,1743,124,315,fused_gr_norm1_kernel,1,1,1,256,25.900,9.150,0.401
0x85d1d1ae0,1743,124,316,fused_gr_down_kernel,41,1,1,256,37.130,10.190,0.389
0x85d1d1ae0,1743,124,317,fused_gr_up_kernel,160,1,1,256,44.788,21.699,0.403
0x85d1d1ae0,1743,124,318,bf16_f32_mmvf_kernel,512,1,1,256,17.605,5.039,0.425
0x85d1d1ae0,1743,124,319,route,1,1,1,256,26.933,9.440,0.400
0x85d1d1ae0,1743,124,320,to_bf16_kernel,10,1,1,256,6.889,14.374,369.765
0x85d1d1ae0,1743,124,321,native_quantize_q8_1_kernel,10,1,1,256,8.684,12.354,8.623
0x85d1d1ae0,1743,124,322,native_iq4_xs_direct_r4,160,1,1,128,17.836,6.955,14.055
0x85d1d1ae0,1743,124,323,native_iq4_xs_direct_r4,160,1,1,128,16.235,6.490,43.548
0x85d1d1ae0,1743,124,324,shexp_native_swiglu_kernel,5,1,1,128,8.765,25.434,3.951
0x85d1d1ae0,1743,124,325,native_quantize_q8_1_kernel,3,1,1,256,6.160,2.505,0.400
0x85d1d1ae0,1743,124,326,native_iq4_nl_direct_r4,640,1,1,128,21.635,8.202,0.446
0x85d1d1ae0,1743,124,327,bf16_f32_mmvf_kernel,1,1,1,256,9.153,3.434,1.495
0x85d1d1ae0,1743,124,328,shexp_native_scalar_sigmoid_kernel,1,1,1,1,6.228,2.309,3.376
0x85d1d1ae0,1743,124,329,shexp_scale_rows_kernel,20,1,1,128,4.997,1.974,2.388
0x85d1d1ae0,1743,124,330,quantize_q8_1_kernel,10,1,1,256,7.280,2.699,1.610
0x85d1d1ae0,1743,124,331,native_resident_gu_29,160,10,1,256,189.892,80.846,2.037
0x85d1d1ae0,1743,124,332,swiglu_entries_kernel,25,1,1,256,6.779,3.771,1.039
0x85d1d1ae0,1743,124,333,quantize_q8_1_kernel,25,1,1,256,6.549,2.590,0.398
0x85d1d1ae0,1743,124,334,native_resident_down_direct_42_r4,80,10,1,256,119.103,50.591,0.639
0x85d1d1ae0,1743,124,335,nmoe_combine_kernel,10,1,1,256,9.307,4.411,0.395
0x85d1d1ae0,1743,124,336,fused_gr_norm1_kernel,1,1,1,256,24.470,8.508,0.382
0x85d1d1ae0,1743,124,337,fused_gr_down_kernel,41,1,1,256,35.295,10.432,0.386
0x85d1d1ae0,1743,124,338,fused_gr_up_kernel,160,1,1,256,42.935,15.756,0.389
0x85d1d1ae0,1743,124,339,native_quantize_q8_1_kernel,10,1,1,256,7.781,6.823,0.395
0x85d1d1ae0,1743,124,340,native_iq4_xs_direct_sg4,640,1,1,128,99.589,37.046,3.107
0x85d1d1ae0,1743,124,341,gdn_conv_l2_multi_kernel,80,1,1,128,8.492,3.045,0.425
0x85d1d1ae0,1743,124,342,gdn_ab_multi_kernel,12,1,1,256,19.791,7.152,0.402
0x85d1d1ae0,1743,124,343,native_iq4_xs_direct_sg4,384,1,1,128,66.291,25.843,0.393
0x85d1d1ae0,1743,124,344,gdn_step_norm_multi_tail_kernel,48,1,1,512,35.543,12.756,0.396
0x85d1d1ae0,1743,124,345,native_quantize_q8_1_kernel,24,1,1,256,7.299,2.882,0.402
0x85d1d1ae0,1743,124,346,native_iq4_xs_direct_sg4,160,1,1,128,59.921,23.319,0.392
0x85d1d1ae0,1743,124,347,fused_gr_norm1_kernel,1,1,1,256,24.896,8.668,0.417
0x85d1d1ae0,1743,124,348,fused_gr_down_kernel,41,1,1,256,35.477,10.671,0.381
0x85d1d1ae0,1743,124,349,fused_gr_up_kernel,160,1,1,256,43.704,15.737,0.388
0x85d1d1ae0,1743,124,350,bf16_f32_mmvf_kernel,512,1,1,256,17.328,9.704,0.388
0x85d1d1ae0,1743,124,351,route,1,1,1,256,26.561,9.512,0.377
0x85d1d1ae0,1743,124,352,to_bf16_kernel,10,1,1,256,5.727,8.725,0.375
0x85d1d1ae0,1743,124,353,native_quantize_q8_1_kernel,10,1,1,256,7.459,2.676,0.399
0x85d1d1ae0,1743,124,354,mmvq_direct_21_r2,80,1,1,128,24.224,9.022,0.392
0x85d1d1ae0,1743,124,355,mmvq_direct_21_r2,80,1,1,128,23.191,14.732,0.376
0x85d1d1ae0,1743,124,356,shexp_native_swiglu_kernel,5,1,1,128,6.784,2.934,0.384
0x85d1d1ae0,1743,124,357,native_quantize_q8_1_kernel,3,1,1,256,5.963,2.257,0.391
0x85d1d1ae0,1743,124,358,native_small_mmvq_kernel_q8_0_small,640,1,1,128,19.581,6.537,0.390
0x85d1d1ae0,1743,124,359,bf16_f32_mmvf_kernel,1,1,1,256,7.975,2.820,0.571
0x85d1d1ae0,1743,124,360,shexp_native_scalar_sigmoid_kernel,1,1,1,1,6.084,2.111,0.369
0x85d1d1ae0,1743,124,361,shexp_scale_rows_kernel,20,1,1,128,5.345,2.219,0.381
0x85d1d1ae0,1743,124,362,quantize_q8_1_kernel,10,1,1,256,7.256,2.600,0.397
0x85d1d1ae0,1743,124,363,native_resident_gu_16,160,10,1,256,194.658,81.353,0.805
0x85d1d1ae0,1743,124,364,swiglu_entries_kernel,25,1,1,256,7.849,6.533,0.388
0x85d1d1ae0,1743,124,365,quantize_q8_1_kernel,25,1,1,256,8.348,16.411,0.384
0x85d1d1ae0,1743,124,366,native_resident_down_direct_42_r4,80,10,1,256,119.086,60.023,0.391
0x85d1d1ae0,1743,124,367,nmoe_combine_kernel,10,1,1,256,9.470,3.231,0.385
0x85d1d1ae0,1743,124,368,fused_gr_norm1_kernel,1,1,1,256,23.919,8.113,0.367
0x85d1d1ae0,1743,124,369,fused_gr_down_kernel,41,1,1,256,35.635,9.795,0.376
0x85d1d1ae0,1743,124,370,fused_gr_up_kernel,160,1,1,256,43.010,15.407,0.377
0x85d1d1ae0,1743,124,371,native_quantize_q8_1_kernel,10,1,1,256,7.813,2.578,0.367
0x85d1d1ae0,1743,124,372,native_iq4_xs_direct_sg4,640,1,1,128,97.588,35.193,0.360
0x85d1d1ae0,1743,124,373,gdn_conv_l2_multi_kernel,80,1,1,128,11.587,16.809,0.397
0x85d1d1ae0,1743,124,374,gdn_ab_multi_kernel,12,1,1,256,19.642,7.798,0.386
0x85d1d1ae0,1743,124,375,native_iq4_xs_direct_sg4,384,1,1,128,64.598,23.769,0.379
0x85d1d1ae0,1743,124,376,gdn_step_norm_multi_tail_kernel,48,1,1,512,35.607,13.836,0.396
0x85d1d1ae0,1743,124,377,native_quantize_q8_1_kernel,24,1,1,256,7.524,2.742,0.388
0x85d1d1ae0,1743,124,378,native_iq4_xs_direct_sg4,160,1,1,128,59.166,22.275,0.386
0x85d1d1ae0,1743,124,379,fused_gr_norm1_kernel,1,1,1,256,26.281,18.553,0.374
0x85d1d1ae0,1743,124,380,fused_gr_down_kernel,41,1,1,256,35.761,10.497,0.376
0x85d1d1ae0,1743,124,381,fused_gr_up_kernel,160,1,1,256,43.052,15.559,0.369
0x85d1d1ae0,1743,124,382,bf16_f32_mmvf_kernel,512,1,1,256,16.961,4.771,0.378
0x85d1d1ae0,1743,124,383,route,1,1,1,256,25.856,8.630,0.361
0x85d1d1ae0,1743,124,384,to_bf16_kernel,10,1,1,256,6.342,10.814,0.379
0x85d1d1ae0,1743,124,385,native_quantize_q8_1_kernel,10,1,1,256,7.225,3.825,0.386
0x85d1d1ae0,1743,124,386,native_iq4_xs_direct_r4,160,1,1,128,17.354,5.897,0.383
0x85d1d1ae0,1743,124,387,mmvq_direct_21_r2,80,1,1,128,24.316,8.175,0.373
0x85d1d1ae0,1743,124,388,shexp_native_swiglu_kernel,5,1,1,128,6.796,1.948,0.365
0x85d1d1ae0,1743,124,389,native_quantize_q8_1_kernel,3,1,1,256,5.993,2.272,0.598
0x85d1d1ae0,1743,124,390,native_iq4_nl_direct_r4,640,1,1,128,21.271,7.490,0.381
0x85d1d1ae0,1743,124,391,bf16_f32_mmvf_kernel,1,1,1,256,7.967,2.611,0.489
0x85d1d1ae0,1743,124,392,shexp_native_scalar_sigmoid_kernel,1,1,1,1,6.575,6.639,0.557
0x85d1d1ae0,1743,124,393,shexp_scale_rows_kernel,20,1,1,128,5.529,2.227,0.564
0x85d1d1ae0,1743,124,394,quantize_q8_1_kernel,10,1,1,256,7.093,2.370,1.228
0x85d1d1ae0,1743,124,395,native_resident_gu_16,160,10,1,256,196.491,91.292,0.559
0x85d1d1ae0,1743,124,396,swiglu_entries_kernel,25,1,1,256,7.651,3.070,0.390
0x85d1d1ae0,1743,124,397,quantize_q8_1_kernel,25,1,1,256,8.211,18.638,0.376
0x85d1d1ae0,1743,124,398,native_resident_down_direct_42_r4,80,10,1,256,118.078,48.909,0.378
0x85d1d1ae0,1743,124,399,nmoe_combine_kernel,10,1,1,256,8.893,3.022,0.379
0x85d1d1ae0,1743,124,400,fused_gr_norm1_kernel,1,1,1,256,27.009,16.713,367.502
0x85d1d1ae0,1743,124,401,fused_gr_down_kernel,41,1,1,256,37.347,12.460,4.066
0x85d1d1ae0,1743,124,402,fused_gr_up_kernel,160,1,1,256,43.221,18.416,3.821
0x85d1d1ae0,1743,124,403,native_quantize_q8_1_kernel,10,1,1,256,6.960,2.390,0.852
0x85d1d1ae0,1743,124,404,bf16_f32_mmvf_kernel,128,1,1,256,9.729,3.293,2.795
0x85d1d1ae0,1743,124,405,native_iq4_xs_direct_r4,128,1,1,128,15.953,5.538,3.843
0x85d1d1ae0,1743,124,406,native_iq4_xs_direct_r4,128,1,1,128,15.138,5.427,4.387
0x85d1d1ae0,1743,124,407,nqs_norm_kernel,2,1,1,256,7.576,2.581,1.132
0x85d1d1ae0,1743,124,408,native_rope_apply_kernel,1,2,1,128,13.079,4.198,1.867
0x85d1d1ae0,1743,124,409,copy_from_mapped_kernel,1,1,1,256,5.584,2.025,2.663
0x85d1d1ae0,1743,124,410,kv_append_kernel,2,1,1,256,15.489,5.268,4.593
0x85d1d1ae0,1743,124,411,nqsi_append_kernel,1,1,1,256,11.885,5.236,2.497
0x85d1d1ae0,1743,124,412,native_iq4_xs_direct_sg4,768,1,1,128,115.056,45.132,3.553
0x85d1d1ae0,1743,124,413,runtime_copy2d16,1,24,1,128,4.978,1.696,0.601
0x85d1d1ae0,1743,124,414,nqs_norm_kernel,24,1,1,256,7.289,2.682,1.432
0x85d1d1ae0,1743,124,415,native_rope_apply_kernel,1,24,1,128,13.101,4.378,1.088
0x85d1d1ae0,1743,124,416,bf16_f32_mmvf_kernel,512,1,1,256,16.853,6.215,0.630
0x85d1d1ae0,1743,124,417,nqs_norm_kernel,4,1,1,256,6.457,2.289,0.509
0x85d1d1ae0,1743,124,418,native_rope_apply_kernel,1,4,1,128,9.247,3.484,0.550
0x85d1d1ae0,1743,124,419,block_scores_multi_kernel,256,1,1,256,17.758,6.518,0.518
0x85d1d1ae0,1743,124,420,block_topk_scan_kernel,1,1,1,256,55.505,21.280,1.172
0x85d1d1ae0,1743,124,421,attn_chunk_kernel_m0,33,2,1,256,147.997,55.614,0.902
0x85d1d1ae0,1743,124,422,attn_merge_kernel,24,1,1,256,44.233,16.760,0.388
0x85d1d1ae0,1743,124,423,nqs_gate_kernel,24,1,1,256,9.466,3.597,1.457
0x85d1d1ae0,1743,124,424,native_quantize_q8_1_kernel,24,1,1,256,6.974,2.394,0.387
0x85d1d1ae0,1743,124,425,native_iq4_xs_direct_sg4,160,1,1,128,60.379,22.312,0.389
0x85d1d1ae0,1743,124,426,fused_gr_norm1_kernel,1,1,1,256,25.599,12.490,0.406
0x85d1d1ae0,1743,124,427,fused_gr_down_kernel,41,1,1,256,38.059,13.993,0.584
0x85d1d1ae0,1743,124,428,fused_gr_up_kernel,160,1,1,256,44.251,20.927,0.392
0x85d1d1ae0,1743,124,429,bf16_f32_mmvf_kernel,512,1,1,256,18.747,16.685,0.703
0x85d1d1ae0,1743,124,430,route,1,1,1,256,27.253,13.972,0.551
0x85d1d1ae0,1743,124,431,to_bf16_kernel,10,1,1,256,4.786,1.971,0.451
0x85d1d1ae0,1743,124,432,native_quantize_q8_1_kernel,10,1,1,256,7.183,3.203,0.625
0x85d1d1ae0,1743,124,433,native_iq4_xs_direct_r4,160,1,1,128,16.838,6.196,0.681
0x85d1d1ae0,1743,124,434,native_q6_k_mmvq_kernel_large,640,1,1,128,19.979,20.658,0.997
0x85d1d1ae0,1743,124,435,shexp_native_swiglu_kernel,5,1,1,128,8.287,18.454,0.673
0x85d1d1ae0,1743,124,436,native_quantize_q8_1_kernel,3,1,1,256,6.061,2.781,0.846
0x85d1d1ae0,1743,124,437,native_q2_0_mmvq_kernel_small,640,1,1,128,34.272,17.746,0.610
0x85d1d1ae0,1743,124,438,bf16_f32_mmvf_kernel,1,1,1,256,8.199,4.060,0.403
0x85d1d1ae0,1743,124,439,shexp_native_scalar_sigmoid_kernel,1,1,1,1,6.193,2.188,0.387
0x85d1d1ae0,1743,124,440,shexp_scale_rows_kernel,20,1,1,128,5.349,2.267,0.673
0x85d1d1ae0,1743,124,441,quantize_q8_1_kernel,10,1,1,256,7.219,2.581,0.407
0x85d1d1ae0,1743,124,442,native_resident_gu_16,160,10,1,256,194.696,85.182,1.423
0x85d1d1ae0,1743,124,443,swiglu_entries_kernel,25,1,1,256,7.181,2.479,0.377
0x85d1d1ae0,1743,124,444,quantize_q8_1_kernel,25,1,1,256,6.884,2.631,0.356
0x85d1d1ae0,1743,124,445,native_resident_down_direct_42_r4,80,10,1,256,116.189,46.010,0.384
0x85d1d1ae0,1743,124,446,nmoe_combine_kernel,10,1,1,256,9.269,3.431,0.395
0x85d1d1ae0,1743,124,447,fused_gr_norm1_kernel,1,1,1,256,24.682,8.316,0.364
0x85d1d1ae0,1743,124,448,fused_gr_down_kernel,41,1,1,256,37.460,10.289,0.384
0x85d1d1ae0,1743,124,449,fused_gr_up_kernel,160,1,1,256,43.133,15.186,0.395
0x85d1d1ae0,1743,124,450,native_quantize_q8_1_kernel,10,1,1,256,7.523,2.517,0.399
0x85d1d1ae0,1743,124,451,native_iq4_xs_direct_sg4,640,1,1,128,97.937,36.068,0.386
0x85d1d1ae0,1743,124,452,gdn_conv_l2_multi_kernel,80,1,1,128,8.983,2.832,0.406
0x85d1d1ae0,1743,124,453,gdn_ab_multi_kernel,12,1,1,256,19.469,6.726,0.381
0x85d1d1ae0,1743,124,454,native_iq4_xs_direct_sg4,384,1,1,128,65.971,24.251,2.135
0x85d1d1ae0,1743,124,455,gdn_step_norm_multi_tail_kernel,48,1,1,512,36.734,14.534,0.385
0x85d1d1ae0,1743,124,456,native_quantize_q8_1_kernel,24,1,1,256,7.788,2.826,0.376
0x85d1d1ae0,1743,124,457,native_iq4_xs_direct_sg4,160,1,1,128,59.947,22.515,0.390
0x85d1d1ae0,1743,124,458,fused_gr_norm1_kernel,1,1,1,256,24.694,8.183,0.401
0x85d1d1ae0,1743,124,459,fused_gr_down_kernel,41,1,1,256,36.647,10.377,0.384
0x85d1d1ae0,1743,124,460,fused_gr_up_kernel,160,1,1,256,43.596,15.336,0.382
0x85d1d1ae0,1743,124,461,bf16_f32_mmvf_kernel,512,1,1,256,17.195,5.052,0.393
0x85d1d1ae0,1743,124,462,route,1,1,1,256,26.241,9.039,0.384
0x85d1d1ae0,1743,124,463,to_bf16_kernel,10,1,1,256,5.199,1.815,0.365
0x85d1d1ae0,1743,124,464,native_quantize_q8_1_kernel,10,1,1,256,7.193,2.461,0.376
0x85d1d1ae0,1743,124,465,native_q6_k_mmvq_kernel_large,640,1,1,128,18.273,7.086,0.372
0x85d1d1ae0,1743,124,466,mmvq_direct_21_r2,80,1,1,128,24.473,8.471,0.379
0x85d1d1ae0,1743,124,467,shexp_native_swiglu_kernel,5,1,1,128,6.789,2.062,0.371
0x85d1d1ae0,1743,124,468,native_quantize_q8_1_kernel,3,1,1,256,5.863,2.167,0.371
0x85d1d1ae0,1743,124,469,native_iq4_nl_direct_r4,640,1,1,128,21.152,7.416,0.392
0x85d1d1ae0,1743,124,470,bf16_f32_mmvf_kernel,1,1,1,256,7.793,2.653,0.381
0x85d1d1ae0,1743,124,471,shexp_native_scalar_sigmoid_kernel,1,1,1,1,6.177,2.208,0.375
0x85d1d1ae0,1743,124,472,shexp_scale_rows_kernel,20,1,1,128,5.600,2.395,0.387
0x85d1d1ae0,1743,124,473,quantize_q8_1_kernel,10,1,1,256,7.172,2.487,0.393
0x85d1d1ae0,1743,124,474,native_resident_gu_22,160,10,1,256,203.706,81.941,0.388
0x85d1d1ae0,1743,124,475,swiglu_entries_kernel,25,1,1,256,7.507,2.460,0.385
0x85d1d1ae0,1743,124,476,quantize_q8_1_kernel,25,1,1,256,8.364,17.202,0.370
0x85d1d1ae0,1743,124,477,native_resident_down_direct_42_r4,80,10,1,256,122.864,69.835,0.395
0x85d1d1ae0,1743,124,478,nmoe_combine_kernel,10,1,1,256,10.960,16.932,0.398
0x85d1d1ae0,1743,124,479,fused_gr_norm1_kernel,1,1,1,256,24.250,8.545,0.372
0x85d1d1ae0,1743,124,480,fused_gr_down_kernel,41,1,1,256,36.467,10.265,364.756
0x85d1d1ae0,1743,124,481,fused_gr_up_kernel,160,1,1,256,43.072,15.846,10.509
0x85d1d1ae0,1743,124,482,native_quantize_q8_1_kernel,10,1,1,256,8.258,8.061,7.740
0x85d1d1ae0,1743,124,483,native_iq4_xs_direct_sg4,640,1,1,128,98.658,36.033,0.413
0x85d1d1ae0,1743,124,484,gdn_conv_l2_multi_kernel,80,1,1,128,8.590,3.623,0.926
0x85d1d1ae0,1743,124,485,gdn_ab_multi_kernel,12,1,1,256,19.603,6.928,0.390
0x85d1d1ae0,1743,124,486,native_iq4_xs_direct_sg4,384,1,1,128,66.550,25.449,2.405
0x85d1d1ae0,1743,124,487,gdn_step_norm_multi_tail_kernel,48,1,1,512,35.064,12.243,0.379
0x85d1d1ae0,1743,124,488,native_quantize_q8_1_kernel,24,1,1,256,7.055,2.523,0.498
0x85d1d1ae0,1743,124,489,native_iq4_xs_direct_sg4,160,1,1,128,59.941,22.780,0.626
0x85d1d1ae0,1743,124,490,fused_gr_norm1_kernel,1,1,1,256,25.868,14.157,0.399
0x85d1d1ae0,1743,124,491,fused_gr_down_kernel,41,1,1,256,35.251,10.212,0.792
0x85d1d1ae0,1743,124,492,fused_gr_up_kernel,160,1,1,256,43.456,18.673,0.374
0x85d1d1ae0,1743,124,493,bf16_f32_mmvf_kernel,512,1,1,256,17.722,19.768,0.384
0x85d1d1ae0,1743,124,494,route,1,1,1,256,26.252,9.192,0.391
0x85d1d1ae0,1743,124,495,to_bf16_kernel,10,1,1,256,5.362,9.523,0.385
0x85d1d1ae0,1743,124,496,native_quantize_q8_1_kernel,10,1,1,256,7.826,5.174,0.383
0x85d1d1ae0,1743,124,497,mmvq_direct_21_r2,80,1,1,128,24.122,8.646,0.388
0x85d1d1ae0,1743,124,498,mmvq_direct_21_r2,80,1,1,128,21.939,8.790,0.958
0x85d1d1ae0,1743,124,499,shexp_native_swiglu_kernel,5,1,1,128,6.535,2.534,0.505
0x85d1d1ae0,1743,124,500,native_quantize_q8_1_kernel,3,1,1,256,6.028,2.561,0.546
0x85d1d1ae0,1743,124,501,native_small_mmvq_kernel_q8_0_small,640,1,1,128,19.423,6.514,1.164
0x85d1d1ae0,1743,124,502,bf16_f32_mmvf_kernel,1,1,1,256,7.942,2.977,0.424
0x85d1d1ae0,1743,124,503,shexp_native_scalar_sigmoid_kernel,1,1,1,1,6.567,6.679,0.579
0x85d1d1ae0,1743,124,504,shexp_scale_rows_kernel,20,1,1,128,5.191,2.998,0.652
0x85d1d1ae0,1743,124,505,quantize_q8_1_kernel,10,1,1,256,7.109,2.658,0.513
0x85d1d1ae0,1743,124,506,native_resident_gu_29,160,10,1,256,191.604,84.516,2.079
0x85d1d1ae0,1743,124,507,swiglu_entries_kernel,25,1,1,256,8.370,16.926,0.405
0x85d1d1ae0,1743,124,508,quantize_q8_1_kernel,25,1,1,256,7.179,6.610,0.380
0x85d1d1ae0,1743,124,509,native_resident_down_direct_42_r4,80,10,1,256,119.514,52.740,0.701
0x85d1d1ae0,1743,124,510,nmoe_combine_kernel,10,1,1,256,10.856,15.214,0.397
0x85d1d1ae0,1743,124,511,fused_gr_norm1_kernel,1,1,1,256,24.475,9.887,0.397
0x85d1d1ae0,1743,124,512,fused_gr_down_kernel,41,1,1,256,34.739,10.008,0.378
0x85d1d1ae0,1743,124,513,fused_gr_up_kernel,160,1,1,256,44.207,22.332,0.465
0x85d1d1ae0,1743,124,514,native_quantize_q8_1_kernel,10,1,1,256,7.406,2.685,2.960
0x85d1d1ae0,1743,124,515,native_iq4_xs_direct_sg4,640,1,1,128,100.317,39.360,0.788
0x85d1d1ae0,1743,124,516,gdn_conv_l2_multi_kernel,80,1,1,128,9.540,9.906,0.392
0x85d1d1ae0,1743,124,517,gdn_ab_multi_kernel,12,1,1,256,19.690,7.926,0.363
0x85d1d1ae0,1743,124,518,mmvq_direct_21_r2,768,1,1,128,98.668,44.037,0.377
0x85d1d1ae0,1743,124,519,gdn_step_norm_multi_tail_kernel,48,1,1,512,35.756,12.649,0.381
0x85d1d1ae0,1743,124,520,native_quantize_q8_1_kernel,24,1,1,256,10.149,16.981,0.355
0x85d1d1ae0,1743,124,521,native_iq4_xs_direct_sg4,160,1,1,128,60.830,24.548,0.370
0x85d1d1ae0,1743,124,522,fused_gr_norm1_kernel,1,1,1,256,26.737,25.587,0.391
0x85d1d1ae0,1743,124,523,fused_gr_down_kernel,41,1,1,256,35.055,9.621,0.392
0x85d1d1ae0,1743,124,524,fused_gr_up_kernel,160,1,1,256,44.162,21.780,0.375
0x85d1d1ae0,1743,124,525,bf16_f32_mmvf_kernel,512,1,1,256,17.391,8.961,0.386
0x85d1d1ae0,1743,124,526,route,1,1,1,256,26.055,8.765,0.395
0x85d1d1ae0,1743,124,527,to_bf16_kernel,10,1,1,256,5.122,2.056,0.372
0x85d1d1ae0,1743,124,528,native_quantize_q8_1_kernel,10,1,1,256,7.212,2.325,0.363
0x85d1d1ae0,1743,124,529,native_iq4_xs_direct_r4,160,1,1,128,17.163,6.251,0.368
0x85d1d1ae0,1743,124,530,native_iq4_xs_direct_r4,160,1,1,128,15.591,5.481,0.380
0x85d1d1ae0,1743,124,531,shexp_native_swiglu_kernel,5,1,1,128,6.443,2.082,0.382
0x85d1d1ae0,1743,124,532,native_quantize_q8_1_kernel,3,1,1,256,6.152,2.040,0.372
0x85d1d1ae0,1743,124,533,native_small_mmvq_kernel_q8_0_small,640,1,1,128,19.182,6.403,0.370
0x85d1d1ae0,1743,124,534,bf16_f32_mmvf_kernel,1,1,1,256,7.867,2.626,0.380
0x85d1d1ae0,1743,124,535,shexp_native_scalar_sigmoid_kernel,1,1,1,1,6.180,2.191,0.368
0x85d1d1ae0,1743,124,536,shexp_scale_rows_kernel,20,1,1,128,5.606,2.431,0.361
0x85d1d1ae0,1743,124,537,quantize_q8_1_kernel,10,1,1,256,7.112,2.415,0.359
0x85d1d1ae0,1743,124,538,native_resident_gu_16,160,10,1,256,196.327,85.749,0.868
0x85d1d1ae0,1743,124,539,swiglu_entries_kernel,25,1,1,256,7.210,2.271,0.391
0x85d1d1ae0,1743,124,540,quantize_q8_1_kernel,25,1,1,256,8.813,26.376,0.367
0x85d1d1ae0,1743,124,541,native_resident_down_direct_42_r4,80,10,1,256,117.997,48.385,0.377
0x85d1d1ae0,1743,124,542,nmoe_combine_kernel,10,1,1,256,9.892,7.942,0.406
0x85d1d1ae0,1743,124,543,fused_gr_norm1_kernel,1,1,1,256,23.743,8.104,0.393
0x85d1d1ae0,1743,124,544,fused_gr_down_kernel,41,1,1,256,35.629,10.813,0.366
0x85d1d1ae0,1743,124,545,fused_gr_up_kernel,160,1,1,256,43.124,14.758,0.371
0x85d1d1ae0,1743,124,546,native_quantize_q8_1_kernel,10,1,1,256,8.175,9.018,0.392
0x85d1d1ae0,1743,124,547,bf16_f32_mmvf_kernel,128,1,1,256,10.001,4.239,0.353
0x85d1d1ae0,1743,124,548,mmvq_direct_21_r2,64,1,1,128,22.086,7.397,0.349
0x85d1d1ae0,1743,124,549,native_iq4_xs_direct_r4,128,1,1,128,17.189,5.617,0.382
0x85d1d1ae0,1743,124,550,nqs_norm_kernel,2,1,1,256,7.754,2.642,0.390
0x85d1d1ae0,1743,124,551,native_rope_apply_kernel,1,2,1,128,13.518,4.410,0.388
0x85d1d1ae0,1743,124,552,copy_from_mapped_kernel,1,1,1,256,6.267,2.174,0.382
0x85d1d1ae0,1743,124,553,kv_append_kernel,2,1,1,256,15.776,5.385,0.390
0x85d1d1ae0,1743,124,554,nqsi_append_kernel,1,1,1,256,12.299,5.456,0.401
0x85d1d1ae0,1743,124,555,native_iq4_xs_direct_sg4,768,1,1,128,115.478,42.136,0.392
0x85d1d1ae0,1743,124,556,runtime_copy2d16,1,24,1,128,6.327,1.988,0.418
0x85d1d1ae0,1743,124,557,nqs_norm_kernel,24,1,1,256,7.387,2.568,0.371
0x85d1d1ae0,1743,124,558,native_rope_apply_kernel,1,24,1,128,12.774,4.412,0.358
0x85d1d1ae0,1743,124,559,bf16_f32_mmvf_kernel,512,1,1,256,17.337,4.921,0.621
0x85d1d1ae0,1743,124,560,nqs_norm_kernel,4,1,1,256,8.549,13.321,380.916
0x85d1d1ae0,1743,124,561,native_rope_apply_kernel,1,4,1,128,11.807,4.601,4.499
0x85d1d1ae0,1743,124,562,block_scores_multi_kernel,256,1,1,256,18.482,7.074,5.890
0x85d1d1ae0,1743,124,563,block_topk_scan_kernel,1,1,1,256,56.474,21.678,2.224
0x85d1d1ae0,1743,124,564,attn_chunk_kernel_m0,33,2,1,256,152.693,58.525,1.300
0x85d1d1ae0,1743,124,565,attn_merge_kernel,24,1,1,256,46.077,19.355,3.089
0x85d1d1ae0,1743,124,566,nqs_gate_kernel,24,1,1,256,9.433,3.590,0.407
0x85d1d1ae0,1743,124,567,native_quantize_q8_1_kernel,24,1,1,256,7.394,4.496,0.388
0x85d1d1ae0,1743,124,568,native_q6_k_mmvq_kernel_large,2560,1,1,128,116.005,56.222,0.761
0x85d1d1ae0,1743,124,569,fused_gr_norm1_kernel,1,1,1,256,28.144,24.422,1.844
0x85d1d1ae0,1743,124,570,fused_gr_down_kernel,41,1,1,256,41.120,20.429,2.454
0x85d1d1ae0,1743,124,571,fused_gr_up_kernel,160,1,1,256,47.998,26.647,0.404
0x85d1d1ae0,1743,124,572,bf16_f32_mmvf_kernel,512,1,1,256,19.383,13.911,0.392
0x85d1d1ae0,1743,124,573,route,1,1,1,256,26.981,9.519,0.391
0x85d1d1ae0,1743,124,574,to_bf16_kernel,10,1,1,256,4.556,1.786,0.407
0x85d1d1ae0,1743,124,575,native_quantize_q8_1_kernel,10,1,1,256,7.182,2.618,0.407
0x85d1d1ae0,1743,124,576,mmvq_direct_21_r2,80,1,1,128,25.983,15.385,0.385
0x85d1d1ae0,1743,124,577,native_q6_k_mmvq_kernel_large,640,1,1,128,18.882,7.749,0.390
0x85d1d1ae0,1743,124,578,shexp_native_swiglu_kernel,5,1,1,128,6.535,2.260,0.382
0x85d1d1ae0,1743,124,579,native_quantize_q8_1_kernel,3,1,1,256,6.011,2.302,0.376
0x85d1d1ae0,1743,124,580,native_iq4_nl_direct_r4,640,1,1,128,22.553,9.672,0.559
0x85d1d1ae0,1743,124,581,bf16_f32_mmvf_kernel,1,1,1,256,7.923,2.704,0.505
0x85d1d1ae0,1743,124,582,shexp_native_scalar_sigmoid_kernel,1,1,1,1,6.094,2.097,0.681
0x85d1d1ae0,1743,124,583,shexp_scale_rows_kernel,20,1,1,128,5.405,4.444,1.093
0x85d1d1ae0,1743,124,584,quantize_q8_1_kernel,10,1,1,256,7.150,2.498,0.993
0x85d1d1ae0,1743,124,585,native_resident_gu_22,160,10,1,256,209.623,90.488,0.575
0x85d1d1ae0,1743,124,586,swiglu_entries_kernel,25,1,1,256,10.301,28.944,0.422
0x85d1d1ae0,1743,124,587,quantize_q8_1_kernel,25,1,1,256,6.894,2.857,0.385
0x85d1d1ae0,1743,124,588,native_resident_down_direct_42_r4,80,10,1,256,118.630,56.957,0.380
0x85d1d1ae0,1743,124,589,nmoe_combine_kernel,10,1,1,256,9.367,3.366,0.386
0x85d1d1ae0,1743,124,590,fused_gr_norm1_kernel,1,1,1,256,24.229,7.893,0.386
0x85d1d1ae0,1743,124,591,fused_gr_down_kernel,41,1,1,256,37.257,14.556,0.388
0x85d1d1ae0,1743,124,592,fused_gr_up_kernel,160,1,1,256,43.023,14.955,0.385
0x85d1d1ae0,1743,124,593,native_quantize_q8_1_kernel,10,1,1,256,7.685,5.244,0.387
0x85d1d1ae0,1743,124,594,native_iq4_xs_direct_sg4,640,1,1,128,98.864,34.904,0.383
0x85d1d1ae0,1743,124,595,gdn_conv_l2_multi_kernel,80,1,1,128,10.444,13.852,0.413
0x85d1d1ae0,1743,124,596,gdn_ab_multi_kernel,12,1,1,256,20.281,8.935,0.388
0x85d1d1ae0,1743,124,597,native_iq4_xs_direct_sg4,384,1,1,128,65.410,23.739,0.390
0x85d1d1ae0,1743,124,598,gdn_step_norm_multi_tail_kernel,48,1,1,512,37.049,19.988,0.405
0x85d1d1ae0,1743,124,599,native_quantize_q8_1_kernel,24,1,1,256,7.991,2.617,0.395
0x85d1d1ae0,1743,124,600,native_iq4_xs_direct_sg4,160,1,1,128,59.859,22.650,0.386
0x85d1d1ae0,1743,124,601,fused_gr_norm1_kernel,1,1,1,256,25.341,9.417,0.386
0x85d1d1ae0,1743,124,602,fused_gr_down_kernel,41,1,1,256,35.798,9.728,0.386
0x85d1d1ae0,1743,124,603,fused_gr_up_kernel,160,1,1,256,42.993,14.819,0.387
0x85d1d1ae0,1743,124,604,bf16_f32_mmvf_kernel,512,1,1,256,16.637,4.674,0.377
0x85d1d1ae0,1743,124,605,route,1,1,1,256,26.415,8.808,0.376
0x85d1d1ae0,1743,124,606,to_bf16_kernel,10,1,1,256,5.076,1.801,0.380
0x85d1d1ae0,1743,124,607,native_quantize_q8_1_kernel,10,1,1,256,7.158,2.385,0.391
0x85d1d1ae0,1743,124,608,native_q6_k_mmvq_kernel_large,640,1,1,128,19.488,14.423,0.380
0x85d1d1ae0,1743,124,609,native_q6_k_mmvq_kernel_large,640,1,1,128,18.524,8.410,0.440
0x85d1d1ae0,1743,124,610,shexp_native_swiglu_kernel,5,1,1,128,6.626,1.994,0.799
0x85d1d1ae0,1743,124,611,native_quantize_q8_1_kernel,3,1,1,256,5.957,2.240,0.964
0x85d1d1ae0,1743,124,612,native_small_mmvq_kernel_q8_0_small,640,1,1,128,19.219,6.231,0.427
0x85d1d1ae0,1743,124,613,bf16_f32_mmvf_kernel,1,1,1,256,7.876,2.728,0.374
0x85d1d1ae0,1743,124,614,shexp_native_scalar_sigmoid_kernel,1,1,1,1,6.010,2.110,0.637
0x85d1d1ae0,1743,124,615,shexp_scale_rows_kernel,20,1,1,128,5.616,2.098,0.377
0x85d1d1ae0,1743,124,616,quantize_q8_1_kernel,10,1,1,256,7.075,2.450,0.628
0x85d1d1ae0,1743,124,617,native_resident_gu_22,160,10,1,256,208.364,89.840,0.380
0x85d1d1ae0,1743,124,618,swiglu_entries_kernel,25,1,1,256,7.592,3.422,0.397
0x85d1d1ae0,1743,124,619,quantize_q8_1_kernel,25,1,1,256,6.819,2.673,0.368
0x85d1d1ae0,1743,124,620,native_resident_down_direct_42_r4,80,10,1,256,121.254,59.311,0.358
0x85d1d1ae0,1743,124,621,nmoe_combine_kernel,10,1,1,256,9.399,5.625,0.378
0x85d1d1ae0,1743,124,622,fused_gr_norm1_kernel,1,1,1,256,23.344,7.992,0.379
0x85d1d1ae0,1743,124,623,fused_gr_down_kernel,41,1,1,256,37.718,28.623,1.432
0x85d1d1ae0,1743,124,624,fused_gr_up_kernel,160,1,1,256,42.527,14.863,0.379
0x85d1d1ae0,1743,124,625,native_quantize_q8_1_kernel,10,1,1,256,7.947,6.533,0.379
0x85d1d1ae0,1743,124,626,native_iq4_xs_direct_sg4,640,1,1,128,97.616,35.571,0.381
0x85d1d1ae0,1743,124,627,gdn_conv_l2_multi_kernel,80,1,1,128,8.955,2.827,0.410
0x85d1d1ae0,1743,124,628,gdn_ab_multi_kernel,12,1,1,256,19.635,6.884,0.376
0x85d1d1ae0,1743,124,629,mmvq_direct_21_r2,768,1,1,128,98.881,41.520,0.363
0x85d1d1ae0,1743,124,630,gdn_step_norm_multi_tail_kernel,48,1,1,512,36.446,13.635,0.383
0x85d1d1ae0,1743,124,631,native_quantize_q8_1_kernel,24,1,1,256,7.927,2.651,0.372
0x85d1d1ae0,1743,124,632,native_iq4_xs_direct_sg4,160,1,1,128,61.565,30.478,0.384
0x85d1d1ae0,1743,124,633,fused_gr_norm1_kernel,1,1,1,256,24.169,8.602,0.386
0x85d1d1ae0,1743,124,634,fused_gr_down_kernel,41,1,1,256,36.676,10.142,0.386
0x85d1d1ae0,1743,124,635,fused_gr_up_kernel,160,1,1,256,43.355,15.621,0.401
0x85d1d1ae0,1743,124,636,bf16_f32_mmvf_kernel,512,1,1,256,16.815,4.934,0.397
0x85d1d1ae0,1743,124,637,route,1,1,1,256,26.665,9.421,0.392
0x85d1d1ae0,1743,124,638,to_bf16_kernel,10,1,1,256,5.534,1.711,0.402
0x85d1d1ae0,1743,124,639,native_quantize_q8_1_kernel,10,1,1,256,7.055,2.657,0.400
0x85d1d1ae0,1743,124,640,native_iq4_xs_direct_r4,160,1,1,128,19.302,9.743,367.047
0x85d1d1ae0,1743,124,641,native_iq4_xs_direct_r4,160,1,1,128,16.588,7.064,11.876
0x85d1d1ae0,1743,124,642,shexp_native_swiglu_kernel,5,1,1,128,6.519,2.945,5.931
0x85d1d1ae0,1743,124,643,native_quantize_q8_1_kernel,3,1,1,256,6.870,2.665,4.416
0x85d1d1ae0,1743,124,644,native_iq4_nl_direct_r4,640,1,1,128,22.194,9.522,22.411
0x85d1d1ae0,1743,124,645,bf16_f32_mmvf_kernel,1,1,1,256,8.583,3.186,1.821
0x85d1d1ae0,1743,124,646,shexp_native_scalar_sigmoid_kernel,1,1,1,1,6.166,2.311,1.347
0x85d1d1ae0,1743,124,647,shexp_scale_rows_kernel,20,1,1,128,5.085,1.962,5.565
0x85d1d1ae0,1743,124,648,quantize_q8_1_kernel,10,1,1,256,7.256,2.724,4.158
0x85d1d1ae0,1743,124,649,native_resident_gu_22,160,10,1,256,206.320,84.456,20.592
0x85d1d1ae0,1743,124,650,swiglu_entries_kernel,25,1,1,256,6.968,2.859,0.415
0x85d1d1ae0,1743,124,651,quantize_q8_1_kernel,25,1,1,256,6.879,2.670,0.395
0x85d1d1ae0,1743,124,652,native_resident_down_direct_42_r4,80,10,1,256,118.687,48.687,0.940
0x85d1d1ae0,1743,124,653,nmoe_combine_kernel,10,1,1,256,11.665,18.767,0.400
0x85d1d1ae0,1743,124,654,fused_gr_norm1_kernel,1,1,1,256,25.392,11.114,0.411
0x85d1d1ae0,1743,124,655,fused_gr_down_kernel,41,1,1,256,36.381,11.578,0.390
0x85d1d1ae0,1743,124,656,fused_gr_up_kernel,160,1,1,256,45.206,27.657,0.384
0x85d1d1ae0,1743,124,657,native_quantize_q8_1_kernel,10,1,1,256,9.346,18.438,0.401
0x85d1d1ae0,1743,124,658,native_iq4_xs_direct_sg4,640,1,1,128,100.954,38.165,1.466
0x85d1d1ae0,1743,124,659,gdn_conv_l2_multi_kernel,80,1,1,128,8.622,3.346,0.414
0x85d1d1ae0,1743,124,660,gdn_ab_multi_kernel,12,1,1,256,19.883,7.313,0.386
0x85d1d1ae0,1743,124,661,native_iq4_xs_direct_sg4,384,1,1,128,65.811,25.811,0.370
0x85d1d1ae0,1743,124,662,gdn_step_norm_multi_tail_kernel,48,1,1,512,36.382,13.981,0.383
0x85d1d1ae0,1743,124,663,native_quantize_q8_1_kernel,24,1,1,256,7.357,2.774,0.378
0x85d1d1ae0,1743,124,664,native_iq4_xs_direct_sg4,160,1,1,128,60.700,23.498,0.391
0x85d1d1ae0,1743,124,665,fused_gr_norm1_kernel,1,1,1,256,25.382,10.324,0.421
0x85d1d1ae0,1743,124,666,fused_gr_down_kernel,41,1,1,256,35.493,10.640,0.399
0x85d1d1ae0,1743,124,667,fused_gr_up_kernel,160,1,1,256,42.864,15.622,0.411
0x85d1d1ae0,1743,124,668,bf16_f32_mmvf_kernel,512,1,1,256,16.549,5.069,0.396
0x85d1d1ae0,1743,124,669,route,1,1,1,256,26.440,9.406,0.388
0x85d1d1ae0,1743,124,670,to_bf16_kernel,10,1,1,256,5.564,8.752,0.379
0x85d1d1ae0,1743,124,671,native_quantize_q8_1_kernel,10,1,1,256,7.374,3.740,0.398
0x85d1d1ae0,1743,124,672,mmvq_direct_21_r2,80,1,1,128,24.437,8.886,0.389
0x85d1d1ae0,1743,124,673,mmvq_direct_21_r2,80,1,1,128,23.412,13.795,0.382
0x85d1d1ae0,1743,124,674,shexp_native_swiglu_kernel,5,1,1,128,6.892,3.963,0.381
0x85d1d1ae0,1743,124,675,native_quantize_q8_1_kernel,3,1,1,256,6.219,2.650,0.392
0x85d1d1ae0,1743,124,676,native_iq4_nl_direct_r4,640,1,1,128,21.833,7.774,0.382
0x85d1d1ae0,1743,124,677,bf16_f32_mmvf_kernel,1,1,1,256,8.136,2.901,0.375
0x85d1d1ae0,1743,124,678,shexp_native_scalar_sigmoid_kernel,1,1,1,1,6.074,2.165,0.388
0x85d1d1ae0,1743,124,679,shexp_scale_rows_kernel,20,1,1,128,5.299,2.180,0.370
0x85d1d1ae0,1743,124,680,quantize_q8_1_kernel,10,1,1,256,7.218,2.554,0.376
0x85d1d1ae0,1743,124,681,native_resident_gu_16,160,10,1,256,196.003,84.224,0.783
0x85d1d1ae0,1743,124,682,swiglu_entries_kernel,25,1,1,256,7.219,2.431,0.396
0x85d1d1ae0,1743,124,683,quantize_q8_1_kernel,25,1,1,256,6.928,2.563,0.368
0x85d1d1ae0,1743,124,684,native_resident_down_direct_42_r4,80,10,1,256,122.698,71.884,0.366
0x85d1d1ae0,1743,124,685,nmoe_combine_kernel,10,1,1,256,9.288,4.009,0.386
0x85d1d1ae0,1743,124,686,fused_gr_norm1_kernel,1,1,1,256,24.434,8.538,0.385
0x85d1d1ae0,1743,124,687,fused_gr_down_kernel,41,1,1,256,35.703,10.297,0.382
0x85d1d1ae0,1743,124,688,fused_gr_up_kernel,160,1,1,256,43.340,15.301,0.378
0x85d1d1ae0,1743,124,689,native_quantize_q8_1_kernel,10,1,1,256,7.779,2.618,0.388
0x85d1d1ae0,1743,124,690,bf16_f32_mmvf_kernel,128,1,1,256,9.905,3.266,0.389
0x85d1d1ae0,1743,124,691,native_iq4_xs_direct_r4,128,1,1,128,16.856,5.978,0.389
0x85d1d1ae0,1743,124,692,native_iq4_xs_direct_r4,128,1,1,128,15.612,5.784,0.381
0x85d1d1ae0,1743,124,693,nqs_norm_kernel,2,1,1,256,7.832,2.729,0.384
0x85d1d1ae0,1743,124,694,native_rope_apply_kernel,1,2,1,128,13.456,4.671,0.393
0x85d1d1ae0,1743,124,695,copy_from_mapped_kernel,1,1,1,256,6.090,2.092,0.381
0x85d1d1ae0,1743,124,696,kv_append_kernel,2,1,1,256,15.879,5.549,0.374
0x85d1d1ae0,1743,124,697,nqsi_append_kernel,1,1,1,256,12.377,5.630,0.377
0x85d1d1ae0,1743,124,698,native_iq4_xs_direct_sg4,768,1,1,128,116.473,44.666,0.391
0x85d1d1ae0,1743,124,699,runtime_copy2d16,1,24,1,128,6.476,2.304,0.425
0x85d1d1ae0,1743,124,700,nqs_norm_kernel,24,1,1,256,7.340,2.838,0.376
0x85d1d1ae0,1743,124,701,native_rope_apply_kernel,1,24,1,128,12.505,4.526,0.384
0x85d1d1ae0,1743,124,702,bf16_f32_mmvf_kernel,512,1,1,256,16.158,4.902,0.522
0x85d1d1ae0,1743,124,703,nqs_norm_kernel,4,1,1,256,7.032,2.305,0.626
0x85d1d1ae0,1743,124,704,native_rope_apply_kernel,1,4,1,128,9.545,3.788,0.384
0x85d1d1ae0,1743,124,705,block_scores_multi_kernel,256,1,1,256,19.288,13.456,0.624
0x85d1d1ae0,1743,124,706,block_topk_scan_kernel,1,1,1,256,57.141,22.606,0.450
0x85d1d1ae0,1743,124,707,attn_chunk_kernel_m0,33,2,1,256,151.034,58.145,0.391
0x85d1d1ae0,1743,124,708,attn_merge_kernel,24,1,1,256,45.013,17.196,0.392
0x85d1d1ae0,1743,124,709,nqs_gate_kernel,24,1,1,256,10.198,3.458,0.384
0x85d1d1ae0,1743,124,710,native_quantize_q8_1_kernel,24,1,1,256,7.160,2.673,0.384
0x85d1d1ae0,1743,124,711,native_iq4_xs_direct_sg4,160,1,1,128,61.292,22.605,0.515
0x85d1d1ae0,1743,124,712,fused_gr_norm1_kernel,1,1,1,256,24.838,8.571,0.428
0x85d1d1ae0,1743,124,713,fused_gr_down_kernel,41,1,1,256,37.748,12.212,0.372
0x85d1d1ae0,1743,124,714,fused_gr_up_kernel,160,1,1,256,44.962,17.492,0.452
0x85d1d1ae0,1743,124,715,bf16_f32_mmvf_kernel,512,1,1,256,17.507,5.968,0.468
0x85d1d1ae0,1743,124,716,route,1,1,1,256,27.711,15.473,0.540
0x85d1d1ae0,1743,124,717,to_bf16_kernel,10,1,1,256,5.904,2.483,0.546
0x85d1d1ae0,1743,124,718,native_quantize_q8_1_kernel,10,1,1,256,7.080,2.563,0.660
0x85d1d1ae0,1743,124,719,native_iq4_xs_direct_r4,160,1,1,128,18.266,6.962,0.518
0x85d1d1ae0,1743,124,720,mmvq_direct_21_r2,80,1,1,128,28.587,20.911,377.529
0x85d1d1ae0,1743,124,721,shexp_native_swiglu_kernel,5,1,1,128,8.107,17.796,8.668
0x85d1d1ae0,1743,124,722,native_quantize_q8_1_kernel,3,1,1,256,6.901,2.907,3.440
0x85d1d1ae0,1743,124,723,native_iq4_nl_direct_r4,640,1,1,128,22.143,7.845,8.292
0x85d1d1ae0,1743,124,724,bf16_f32_mmvf_kernel,1,1,1,256,8.575,3.057,2.954
0x85d1d1ae0,1743,124,725,shexp_native_scalar_sigmoid_kernel,1,1,1,1,6.126,2.175,3.044
0x85d1d1ae0,1743,124,726,shexp_scale_rows_kernel,20,1,1,128,5.051,1.910,3.462
0x85d1d1ae0,1743,124,727,quantize_q8_1_kernel,10,1,1,256,7.141,2.582,6.880
0x85d1d1ae0,1743,124,728,native_resident_gu_16,160,10,1,256,194.474,77.952,13.949
0x85d1d1ae0,1743,124,729,swiglu_entries_kernel,25,1,1,256,6.777,4.108,0.503
0x85d1d1ae0,1743,124,730,quantize_q8_1_kernel,25,1,1,256,6.636,2.415,0.878
0x85d1d1ae0,1743,124,731,native_resident_down_direct_42_r4,80,10,1,256,116.873,45.277,1.995
0x85d1d1ae0,1743,124,732,nmoe_combine_kernel,10,1,1,256,9.014,3.201,0.386
0x85d1d1ae0,1743,124,733,fused_gr_norm1_kernel,1,1,1,256,24.199,8.084,0.375
0x85d1d1ae0,1743,124,734,fused_gr_down_kernel,41,1,1,256,36.929,12.601,0.380
0x85d1d1ae0,1743,124,735,fused_gr_up_kernel,160,1,1,256,43.386,16.273,0.415
0x85d1d1ae0,1743,124,736,native_quantize_q8_1_kernel,10,1,1,256,7.706,2.999,0.388
0x85d1d1ae0,1743,124,737,native_iq4_xs_direct_sg4,640,1,1,128,98.516,34.989,0.835
0x85d1d1ae0,1743,124,738,gdn_conv_l2_multi_kernel,80,1,1,128,8.773,3.930,1.265
0x85d1d1ae0,1743,124,739,gdn_ab_multi_kernel,12,1,1,256,19.981,8.496,0.395
0x85d1d1ae0,1743,124,740,native_iq4_xs_direct_sg4,384,1,1,128,66.551,26.463,0.393
0x85d1d1ae0,1743,124,741,gdn_step_norm_multi_tail_kernel,48,1,1,512,36.014,12.555,0.407
0x85d1d1ae0,1743,124,742,native_quantize_q8_1_kernel,24,1,1,256,7.329,2.685,0.401
0x85d1d1ae0,1743,124,743,native_iq4_xs_direct_sg4,160,1,1,128,60.162,21.748,0.382
0x85d1d1ae0,1743,124,744,fused_gr_norm1_kernel,1,1,1,256,25.761,10.739,0.370
0x85d1d1ae0,1743,124,745,fused_gr_down_kernel,41,1,1,256,34.982,9.637,0.373
0x85d1d1ae0,1743,124,746,fused_gr_up_kernel,160,1,1,256,42.466,13.971,0.395
0x85d1d1ae0,1743,124,747,bf16_f32_mmvf_kernel,512,1,1,256,16.296,4.543,0.394
0x85d1d1ae0,1743,124,748,route,1,1,1,256,26.128,8.378,0.384
0x85d1d1ae0,1743,124,749,to_bf16_kernel,10,1,1,256,5.016,2.151,0.383
0x85d1d1ae0,1743,124,750,native_quantize_q8_1_kernel,10,1,1,256,7.308,2.552,0.399
0x85d1d1ae0,1743,124,751,native_iq4_xs_direct_r4,160,1,1,128,17.282,5.724,0.385
0x85d1d1ae0,1743,124,752,native_iq4_xs_direct_r4,160,1,1,128,15.662,5.318,0.380
0x85d1d1ae0,1743,124,753,shexp_native_swiglu_kernel,5,1,1,128,6.467,2.049,0.377
0x85d1d1ae0,1743,124,754,native_quantize_q8_1_kernel,3,1,1,256,5.976,2.081,0.370
0x85d1d1ae0,1743,124,755,native_small_mmvq_kernel_q8_0_small,640,1,1,128,19.438,5.987,0.366
0x85d1d1ae0,1743,124,756,bf16_f32_mmvf_kernel,1,1,1,256,7.866,2.688,0.362
0x85d1d1ae0,1743,124,757,shexp_native_scalar_sigmoid_kernel,1,1,1,1,6.143,2.092,0.376
0x85d1d1ae0,1743,124,758,shexp_scale_rows_kernel,20,1,1,128,5.086,1.791,0.727
0x85d1d1ae0,1743,124,759,quantize_q8_1_kernel,10,1,1,256,7.280,2.390,0.395
0x85d1d1ae0,1743,124,760,native_resident_gu_22,160,10,1,256,205.938,82.682,0.380
0x85d1d1ae0,1743,124,761,swiglu_entries_kernel,25,1,1,256,8.747,17.985,0.391
0x85d1d1ae0,1743,124,762,quantize_q8_1_kernel,25,1,1,256,8.550,18.491,0.377
0x85d1d1ae0,1743,124,763,native_resident_down_direct_42_r4,80,10,1,256,119.409,51.502,0.375
0x85d1d1ae0,1743,124,764,nmoe_combine_kernel,10,1,1,256,9.284,3.440,0.368
0x85d1d1ae0,1743,124,765,fused_gr_norm1_kernel,1,1,1,256,23.952,7.882,0.360
0x85d1d1ae0,1743,124,766,fused_gr_down_kernel,41,1,1,256,38.766,27.222,0.374
0x85d1d1ae0,1743,124,767,fused_gr_up_kernel,160,1,1,256,43.054,14.694,0.383
0x85d1d1ae0,1743,124,768,native_quantize_q8_1_kernel,10,1,1,256,7.109,2.164,0.380
0x85d1d1ae0,1743,124,769,native_iq4_xs_direct_sg4,640,1,1,128,98.050,33.636,0.360
0x85d1d1ae0,1743,124,770,gdn_conv_l2_multi_kernel,80,1,1,128,9.452,5.498,0.391
0x85d1d1ae0,1743,124,771,gdn_ab_multi_kernel,12,1,1,256,19.303,6.593,0.374
0x85d1d1ae0,1743,124,772,mmvq_direct_21_r2,768,1,1,128,96.877,38.594,0.372
0x85d1d1ae0,1743,124,773,gdn_step_norm_multi_tail_kernel,48,1,1,512,35.604,11.881,0.388
0x85d1d1ae0,1743,124,774,native_quantize_q8_1_kernel,24,1,1,256,7.594,2.987,0.383
0x85d1d1ae0,1743,124,775,mmvq_direct_21_r2,320,1,1,128,85.369,35.947,0.379
0x85d1d1ae0,1743,124,776,fused_gr_norm1_kernel,1,1,1,256,24.837,8.116,0.398
0x85d1d1ae0,1743,124,777,fused_gr_down_kernel,41,1,1,256,35.482,9.766,0.383
0x85d1d1ae0,1743,124,778,fused_gr_up_kernel,160,1,1,256,42.826,14.726,0.418
0x85d1d1ae0,1743,124,779,bf16_f32_mmvf_kernel,512,1,1,256,16.910,6.044,0.386
0x85d1d1ae0,1743,124,780,route,1,1,1,256,27.121,13.333,0.369
0x85d1d1ae0,1743,124,781,to_bf16_kernel,10,1,1,256,5.753,5.966,0.369
0x85d1d1ae0,1743,124,782,native_quantize_q8_1_kernel,10,1,1,256,7.543,4.080,0.382
0x85d1d1ae0,1743,124,783,native_iq4_xs_direct_r4,160,1,1,128,17.848,6.254,0.378
0x85d1d1ae0,1743,124,784,mmvq_direct_21_r2,80,1,1,128,23.779,8.242,0.383
0x85d1d1ae0,1743,124,785,shexp_native_swiglu_kernel,5,1,1,128,6.964,3.465,0.562
0x85d1d1ae0,1743,124,786,native_quantize_q8_1_kernel,3,1,1,256,5.944,2.291,0.385
0x85d1d1ae0,1743,124,787,native_small_mmvq_kernel_q8_0_small,640,1,1,128,19.719,6.378,0.619
0x85d1d1ae0,1743,124,788,bf16_f32_mmvf_kernel,1,1,1,256,9.409,17.150,2.684
0x85d1d1ae0,1743,124,789,shexp_native_scalar_sigmoid_kernel,1,1,1,1,6.333,3.676,0.557
0x85d1d1ae0,1743,124,790,shexp_scale_rows_kernel,20,1,1,128,5.497,2.438,0.709
0x85d1d1ae0,1743,124,791,quantize_q8_1_kernel,10,1,1,256,7.140,2.484,0.737
0x85d1d1ae0,1743,124,792,native_resident_gu_22,160,10,1,256,206.161,80.138,0.699
0x85d1d1ae0,1743,124,793,swiglu_entries_kernel,25,1,1,256,8.558,12.293,0.392
0x85d1d1ae0,1743,124,794,quantize_q8_1_kernel,25,1,1,256,7.960,10.297,0.374
0x85d1d1ae0,1743,124,795,native_resident_down_direct_42_r4,80,10,1,256,117.624,46.017,0.367
0x85d1d1ae0,1743,124,796,nmoe_combine_kernel,10,1,1,256,9.138,3.238,0.374
0x85d1d1ae0,1743,124,797,fused_gr_norm1_kernel,1,1,1,256,24.398,10.312,0.368
0x85d1d1ae0,1743,124,798,fused_gr_down_kernel,41,1,1,256,37.648,20.291,0.378
0x85d1d1ae0,1743,124,799,fused_gr_up_kernel,160,1,1,256,43.567,15.821,0.394
0x85d1d1ae0,1743,124,800,native_quantize_q8_1_kernel,10,1,1,256,9.576,11.033,375.272
0x85d1d1ae0,1743,124,801,native_iq4_xs_direct_sg4,640,1,1,128,98.483,36.807,8.069
0x85d1d1ae0,1743,124,802,gdn_conv_l2_multi_kernel,80,1,1,128,8.215,2.857,4.977
0x85d1d1ae0,1743,124,803,gdn_ab_multi_kernel,12,1,1,256,19.529,6.869,0.401
0x85d1d1ae0,1743,124,804,mmvq_direct_21_r2,768,1,1,128,98.332,39.844,0.693
0x85d1d1ae0,1743,124,805,gdn_step_norm_multi_tail_kernel,48,1,1,512,37.210,16.395,0.374
0x85d1d1ae0,1743,124,806,native_quantize_q8_1_kernel,24,1,1,256,8.686,9.215,3.067
0x85d1d1ae0,1743,124,807,native_iq4_xs_direct_sg4,160,1,1,128,60.412,22.988,0.378
0x85d1d1ae0,1743,124,808,fused_gr_norm1_kernel,1,1,1,256,25.824,14.674,0.386
0x85d1d1ae0,1743,124,809,fused_gr_down_kernel,41,1,1,256,37.596,12.081,1.831
0x85d1d1ae0,1743,124,810,fused_gr_up_kernel,160,1,1,256,44.513,20.722,0.410
0x85d1d1ae0,1743,124,811,bf16_f32_mmvf_kernel,512,1,1,256,17.476,5.515,0.406
0x85d1d1ae0,1743,124,812,route,1,1,1,256,26.400,8.944,0.392
0x85d1d1ae0,1743,124,813,to_bf16_kernel,10,1,1,256,4.539,1.663,0.383
0x85d1d1ae0,1743,124,814,native_quantize_q8_1_kernel,10,1,1,256,6.997,2.469,0.392
0x85d1d1ae0,1743,124,815,native_iq4_xs_direct_r4,160,1,1,128,17.071,6.023,0.679
0x85d1d1ae0,1743,124,816,native_iq4_xs_direct_r4,160,1,1,128,15.579,5.669,0.376
0x85d1d1ae0,1743,124,817,shexp_native_swiglu_kernel,5,1,1,128,6.378,2.249,0.372
0x85d1d1ae0,1743,124,818,native_quantize_q8_1_kernel,3,1,1,256,5.958,2.163,0.391
0x85d1d1ae0,1743,124,819,native_q2_0_mmvq_kernel_small,640,1,1,128,33.246,10.991,1.598
0x85d1d1ae0,1743,124,820,bf16_f32_mmvf_kernel,1,1,1,256,7.982,3.073,0.396
0x85d1d1ae0,1743,124,821,shexp_native_scalar_sigmoid_kernel,1,1,1,1,6.205,2.306,0.377
0x85d1d1ae0,1743,124,822,shexp_scale_rows_kernel,20,1,1,128,4.974,1.845,0.390
0x85d1d1ae0,1743,124,823,quantize_q8_1_kernel,10,1,1,256,7.249,2.760,0.552
0x85d1d1ae0,1743,124,824,native_resident_gu_22,160,10,1,256,206.609,82.126,5.516
0x85d1d1ae0,1743,124,825,swiglu_entries_kernel,25,1,1,256,7.325,6.453,0.392
0x85d1d1ae0,1743,124,826,quantize_q8_1_kernel,25,1,1,256,6.785,2.583,0.381
0x85d1d1ae0,1743,124,827,native_resident_down_direct_42_r4,80,10,1,256,116.325,45.183,0.383
0x85d1d1ae0,1743,124,828,nmoe_combine_kernel,10,1,1,256,11.497,17.258,0.377
0x85d1d1ae0,1743,124,829,fused_gr_norm1_kernel,1,1,1,256,24.462,9.271,0.380
0x85d1d1ae0,1743,124,830,fused_gr_down_kernel,41,1,1,256,35.338,9.719,0.401
0x85d1d1ae0,1743,124,831,fused_gr_up_kernel,160,1,1,256,43.194,16.560,0.419
0x85d1d1ae0,1743,124,832,native_quantize_q8_1_kernel,10,1,1,256,9.140,17.943,0.402
0x85d1d1ae0,1743,124,833,bf16_f32_mmvf_kernel,128,1,1,256,10.411,4.380,0.395
0x85d1d1ae0,1743,124,834,native_iq4_xs_direct_r4,128,1,1,128,16.610,5.767,0.385
0x85d1d1ae0,1743,124,835,native_q6_k_mmvq_kernel_large,512,1,1,128,16.257,6.085,0.394
0x85d1d1ae0,1743,124,836,nqs_norm_kernel,2,1,1,256,7.732,2.567,0.383
0x85d1d1ae0,1743,124,837,native_rope_apply_kernel,1,2,1,128,13.608,4.721,0.356
0x85d1d1ae0,1743,124,838,copy_from_mapped_kernel,1,1,1,256,6.132,2.162,0.376
0x85d1d1ae0,1743,124,839,kv_append_kernel,2,1,1,256,16.233,5.473,0.371
0x85d1d1ae0,1743,124,840,nqsi_append_kernel,1,1,1,256,12.170,5.529,0.389
0x85d1d1ae0,1743,124,841,native_iq4_xs_direct_sg4,768,1,1,128,115.495,41.633,0.381
0x85d1d1ae0,1743,124,842,runtime_copy2d16,1,24,1,128,6.293,5.771,0.438
0x85d1d1ae0,1743,124,843,nqs_norm_kernel,24,1,1,256,7.754,5.060,0.388
0x85d1d1ae0,1743,124,844,native_rope_apply_kernel,1,24,1,128,12.192,4.300,0.379
0x85d1d1ae0,1743,124,845,bf16_f32_mmvf_kernel,512,1,1,256,16.436,4.746,0.379
0x85d1d1ae0,1743,124,846,nqs_norm_kernel,4,1,1,256,6.892,2.302,0.404
0x85d1d1ae0,1743,124,847,native_rope_apply_kernel,1,4,1,128,9.427,3.609,0.389
0x85d1d1ae0,1743,124,848,block_scores_multi_kernel,256,1,1,256,18.411,6.571,0.380
0x85d1d1ae0,1743,124,849,block_topk_scan_kernel,1,1,1,256,56.604,21.499,0.386
0x85d1d1ae0,1743,124,850,attn_chunk_kernel_m0,33,2,1,256,151.078,58.289,0.386
0x85d1d1ae0,1743,124,851,attn_merge_kernel,24,1,1,256,44.790,16.778,0.406
0x85d1d1ae0,1743,124,852,nqs_gate_kernel,24,1,1,256,11.226,17.144,0.385
0x85d1d1ae0,1743,124,853,native_quantize_q8_1_kernel,24,1,1,256,7.481,3.438,0.386
0x85d1d1ae0,1743,124,854,native_iq4_xs_direct_sg4,160,1,1,128,60.718,22.040,0.397
0x85d1d1ae0,1743,124,855,fused_gr_norm1_kernel,1,1,1,256,25.288,17.036,0.391
0x85d1d1ae0,1743,124,856,fused_gr_down_kernel,41,1,1,256,38.205,14.910,0.382
0x85d1d1ae0,1743,124,857,fused_gr_up_kernel,160,1,1,256,46.737,32.542,0.413
0x85d1d1ae0,1743,124,858,bf16_f32_mmvf_kernel,512,1,1,256,17.699,7.976,0.465
0x85d1d1ae0,1743,124,859,route,1,1,1,256,26.463,9.127,0.632
0x85d1d1ae0,1743,124,860,to_bf16_kernel,10,1,1,256,5.084,2.652,0.480
0x85d1d1ae0,1743,124,861,native_quantize_q8_1_kernel,10,1,1,256,7.081,2.413,0.625
0x85d1d1ae0,1743,124,862,mmvq_direct_21_r2,80,1,1,128,24.604,8.923,0.652
0x85d1d1ae0,1743,124,863,native_iq4_xs_direct_r4,160,1,1,128,18.977,20.161,0.642
0x85d1d1ae0,1743,124,864,shexp_native_swiglu_kernel,5,1,1,128,7.448,5.959,1.901
0x85d1d1ae0,1743,124,865,native_quantize_q8_1_kernel,3,1,1,256,6.104,2.294,0.396
0x85d1d1ae0,1743,124,866,native_iq4_nl_direct_r4,640,1,1,128,22.291,9.528,1.473
0x85d1d1ae0,1743,124,867,bf16_f32_mmvf_kernel,1,1,1,256,8.062,2.813,0.389
0x85d1d1ae0,1743,124,868,shexp_native_scalar_sigmoid_kernel,1,1,1,1,6.065,2.121,0.387
0x85d1d1ae0,1743,124,869,shexp_scale_rows_kernel,20,1,1,128,5.681,2.376,0.603
0x85d1d1ae0,1743,124,870,quantize_q8_1_kernel,10,1,1,256,7.901,7.734,0.399
0x85d1d1ae0,1743,124,871,native_resident_gu_22,160,10,1,256,211.019,88.960,0.808
0x85d1d1ae0,1743,124,872,swiglu_entries_kernel,25,1,1,256,8.603,11.523,0.402
0x85d1d1ae0,1743,124,873,quantize_q8_1_kernel,25,1,1,256,8.146,11.859,0.380
0x85d1d1ae0,1743,124,874,native_resident_down_direct_42_r4,80,10,1,256,121.043,53.617,0.885
0x85d1d1ae0,1743,124,875,nmoe_combine_kernel,10,1,1,256,9.887,8.244,0.400
0x85d1d1ae0,1743,124,876,fused_gr_norm1_kernel,1,1,1,256,24.254,8.218,0.378
0x85d1d1ae0,1743,124,877,fused_gr_down_kernel,41,1,1,256,37.029,9.947,0.378
0x85d1d1ae0,1743,124,878,fused_gr_up_kernel,160,1,1,256,44.145,16.394,0.392
0x85d1d1ae0,1743,124,879,native_quantize_q8_1_kernel,10,1,1,256,8.239,10.142,0.403
0x85d1d1ae0,1743,124,880,native_iq4_xs_direct_sg4,640,1,1,128,99.221,34.980,366.175
0x85d1d1ae0,1743,124,881,gdn_conv_l2_multi_kernel,80,1,1,128,8.603,3.143,12.907
0x85d1d1ae0,1743,124,882,gdn_ab_multi_kernel,12,1,1,256,19.741,6.614,0.483
0x85d1d1ae0,1743,124,883,native_q6_k_mmvq_kernel_large,6144,1,1,128,116.969,60.597,1.508
0x85d1d1ae0,1743,124,884,gdn_step_norm_multi_tail_kernel,48,1,1,512,36.578,13.327,0.400
0x85d1d1ae0,1743,124,885,native_quantize_q8_1_kernel,24,1,1,256,7.797,2.824,0.389
0x85d1d1ae0,1743,124,886,mmvq_direct_21_r2,320,1,1,128,87.622,34.878,0.485
0x85d1d1ae0,1743,124,887,fused_gr_norm1_kernel,1,1,1,256,26.989,15.823,0.413
0x85d1d1ae0,1743,124,888,fused_gr_down_kernel,41,1,1,256,38.037,11.795,0.371
0x85d1d1ae0,1743,124,889,fused_gr_up_kernel,160,1,1,256,45.108,25.742,0.432
0x85d1d1ae0,1743,124,890,bf16_f32_mmvf_kernel,512,1,1,256,18.099,10.388,0.397
0x85d1d1ae0,1743,124,891,route,1,1,1,256,26.486,8.889,0.574
0x85d1d1ae0,1743,124,892,to_bf16_kernel,10,1,1,256,4.646,1.807,0.388
0x85d1d1ae0,1743,124,893,native_quantize_q8_1_kernel,10,1,1,256,6.980,2.441,0.508
0x85d1d1ae0,1743,124,894,native_iq4_xs_direct_r4,160,1,1,128,17.136,5.879,0.404
0x85d1d1ae0,1743,124,895,native_iq4_xs_direct_r4,160,1,1,128,15.909,5.797,0.632
0x85d1d1ae0,1743,124,896,shexp_native_swiglu_kernel,5,1,1,128,6.563,2.601,0.391
0x85d1d1ae0,1743,124,897,native_quantize_q8_1_kernel,3,1,1,256,5.911,2.173,0.390
0x85d1d1ae0,1743,124,898,native_iq4_nl_direct_r4,640,1,1,128,24.176,24.866,0.638
0x85d1d1ae0,1743,124,899,bf16_f32_mmvf_kernel,1,1,1,256,8.241,4.411,0.385
0x85d1d1ae0,1743,124,900,shexp_native_scalar_sigmoid_kernel,1,1,1,1,6.104,2.159,0.374
0x85d1d1ae0,1743,124,901,shexp_scale_rows_kernel,20,1,1,128,4.960,1.796,1.377
0x85d1d1ae0,1743,124,902,quantize_q8_1_kernel,10,1,1,256,7.177,2.459,0.605
0x85d1d1ae0,1743,124,903,native_resident_gu_22,160,10,1,256,209.861,89.742,2.457
0x85d1d1ae0,1743,124,904,swiglu_entries_kernel,25,1,1,256,6.606,2.592,2.804
0x85d1d1ae0,1743,124,905,quantize_q8_1_kernel,25,1,1,256,6.899,2.817,1.066
0x85d1d1ae0,1743,124,906,native_resident_down_direct_42_r4,80,10,1,256,117.904,48.665,0.408
0x85d1d1ae0,1743,124,907,nmoe_combine_kernel,10,1,1,256,8.906,3.088,0.398
0x85d1d1ae0,1743,124,908,fused_gr_norm1_kernel,1,1,1,256,23.227,8.031,0.376
0x85d1d1ae0,1743,124,909,fused_gr_down_kernel,41,1,1,256,35.288,9.280,0.367
0x85d1d1ae0,1743,124,910,fused_gr_up_kernel,160,1,1,256,42.167,14.208,0.386
0x85d1d1ae0,1743,124,911,native_quantize_q8_1_kernel,10,1,1,256,7.068,2.330,0.380
0x85d1d1ae0,1743,124,912,native_iq4_xs_direct_sg4,640,1,1,128,97.738,33.317,0.383
0x85d1d1ae0,1743,124,913,gdn_conv_l2_multi_kernel,80,1,1,128,8.669,2.963,0.406
0x85d1d1ae0,1743,124,914,gdn_ab_multi_kernel,12,1,1,256,19.394,6.352,0.380
0x85d1d1ae0,1743,124,915,native_q6_k_mmvq_kernel_large,6144,1,1,128,114.953,48.675,0.400
0x85d1d1ae0,1743,124,916,gdn_step_norm_multi_tail_kernel,48,1,1,512,35.705,12.030,0.406
0x85d1d1ae0,1743,124,917,native_quantize_q8_1_kernel,24,1,1,256,7.938,2.800,0.384
0x85d1d1ae0,1743,124,918,native_iq4_xs_direct_sg4,160,1,1,128,59.772,22.059,0.389
0x85d1d1ae0,1743,124,919,fused_gr_norm1_kernel,1,1,1,256,25.843,13.654,0.395
0x85d1d1ae0,1743,124,920,fused_gr_down_kernel,41,1,1,256,35.860,10.106,0.367
0x85d1d1ae0,1743,124,921,fused_gr_up_kernel,160,1,1,256,42.800,14.326,0.368
0x85d1d1ae0,1743,124,922,bf16_f32_mmvf_kernel,512,1,1,256,16.660,4.674,0.380
0x85d1d1ae0,1743,124,923,route,1,1,1,256,26.310,8.723,0.389
0x85d1d1ae0,1743,124,924,to_bf16_kernel,10,1,1,256,5.108,1.926,0.368
0x85d1d1ae0,1743,124,925,native_quantize_q8_1_kernel,10,1,1,256,7.024,2.303,0.383
0x85d1d1ae0,1743,124,926,mmvq_direct_21_r2,80,1,1,128,24.168,8.281,0.396
0x85d1d1ae0,1743,124,927,native_iq4_xs_direct_r4,160,1,1,128,18.031,11.723,0.392
0x85d1d1ae0,1743,124,928,shexp_native_swiglu_kernel,5,1,1,128,6.663,2.637,0.371
0x85d1d1ae0,1743,124,929,native_quantize_q8_1_kernel,3,1,1,256,6.040,2.027,0.370
0x85d1d1ae0,1743,124,930,native_iq4_nl_direct_r4,640,1,1,128,20.980,7.066,0.371
0x85d1d1ae0,1743,124,931,bf16_f32_mmvf_kernel,1,1,1,256,7.768,2.624,0.386
0x85d1d1ae0,1743,124,932,shexp_native_scalar_sigmoid_kernel,1,1,1,1,6.121,2.125,0.376
0x85d1d1ae0,1743,124,933,shexp_scale_rows_kernel,20,1,1,128,5.535,2.300,0.380
0x85d1d1ae0,1743,124,934,quantize_q8_1_kernel,10,1,1,256,7.170,2.413,0.387
0x85d1d1ae0,1743,124,935,native_resident_gu_22,160,10,1,256,206.517,79.623,0.388
0x85d1d1ae0,1743,124,936,swiglu_entries_kernel,25,1,1,256,7.621,2.480,0.390
0x85d1d1ae0,1743,124,937,quantize_q8_1_kernel,25,1,1,256,6.774,2.509,0.357
0x85d1d1ae0,1743,124,938,native_resident_down_direct_42_r4,80,10,1,256,118.194,45.510,0.390
0x85d1d1ae0,1743,124,939,nmoe_combine_kernel,10,1,1,256,9.335,3.298,0.384
0x85d1d1ae0,1743,124,940,fused_gr_norm1_kernel,1,1,1,256,24.038,7.996,0.362
0x85d1d1ae0,1743,124,941,fused_gr_down_kernel,41,1,1,256,34.992,9.431,0.371
0x85d1d1ae0,1743,124,942,fused_gr_up_kernel,160,1,1,256,42.460,14.577,0.390
0x85d1d1ae0,1743,124,943,native_quantize_q8_1_kernel,10,1,1,256,8.338,9.930,0.383
0x85d1d1ae0,1743,124,944,native_iq4_xs_direct_sg4,640,1,1,128,97.790,34.749,0.364
0x85d1d1ae0,1743,124,945,gdn_conv_l2_multi_kernel,80,1,1,128,9.771,8.096,0.410
0x85d1d1ae0,1743,124,946,gdn_ab_multi_kernel,12,1,1,256,19.827,9.002,0.376
0x85d1d1ae0,1743,124,947,mmvq_direct_21_r2,768,1,1,128,99.873,49.608,0.384
0x85d1d1ae0,1743,124,948,gdn_step_norm_multi_tail_kernel,48,1,1,512,35.634,12.194,0.383
0x85d1d1ae0,1743,124,949,native_quantize_q8_1_kernel,24,1,1,256,8.175,2.634,0.371
0x85d1d1ae0,1743,124,950,native_iq4_xs_direct_sg4,160,1,1,128,60.312,22.389,0.385
0x85d1d1ae0,1743,124,951,fused_gr_norm1_kernel,1,1,1,256,25.715,13.741,3.169
0x85d1d1ae0,1743,124,952,fused_gr_down_kernel,41,1,1,256,35.819,9.930,0.371
0x85d1d1ae0,1743,124,953,fused_gr_up_kernel,160,1,1,256,42.798,14.643,0.971
0x85d1d1ae0,1743,124,954,bf16_f32_mmvf_kernel,512,1,1,256,16.851,4.608,0.780
0x85d1d1ae0,1743,124,955,route,1,1,1,256,27.640,20.255,0.380
0x85d1d1ae0,1743,124,956,to_bf16_kernel,10,1,1,256,6.131,5.793,0.364
0x85d1d1ae0,1743,124,957,native_quantize_q8_1_kernel,10,1,1,256,7.225,2.537,0.374
0x85d1d1ae0,1743,124,958,native_iq4_xs_direct_r4,160,1,1,128,17.164,6.032,0.397
0x85d1d1ae0,1743,124,959,mmvq_direct_21_r2,80,1,1,128,24.453,8.609,0.396
0x85d1d1ae0,1743,124,960,shexp_native_swiglu_kernel,5,1,1,128,8.028,12.773,365.080
0x85d1d1ae0,1743,124,961,native_quantize_q8_1_kernel,3,1,1,256,7.144,4.712,10.635
0x85d1d1ae0,1743,124,962,native_iq4_nl_direct_r4,640,1,1,128,21.439,8.113,16.067
0x85d1d1ae0,1743,124,963,bf16_f32_mmvf_kernel,1,1,1,256,8.305,2.813,12.476
0x85d1d1ae0,1743,124,964,shexp_native_scalar_sigmoid_kernel,1,1,1,1,5.998,2.076,9.662
0x85d1d1ae0,1743,124,965,shexp_scale_rows_kernel,20,1,1,128,4.962,1.824,12.678
0x85d1d1ae0,1743,124,966,quantize_q8_1_kernel,10,1,1,256,7.067,2.471,1.570
0x85d1d1ae0,1743,124,967,native_resident_gu_22,160,10,1,256,204.692,83.310,3.851
0x85d1d1ae0,1743,124,968,swiglu_entries_kernel,25,1,1,256,9.016,21.768,0.380
0x85d1d1ae0,1743,124,969,quantize_q8_1_kernel,25,1,1,256,6.998,4.906,0.372
0x85d1d1ae0,1743,124,970,native_resident_down_direct_42_r4,80,10,1,256,118.790,51.077,0.754
0x85d1d1ae0,1743,124,971,nmoe_combine_kernel,10,1,1,256,9.680,5.648,0.599
0x85d1d1ae0,1743,124,972,fused_gr_norm1_kernel,1,1,1,256,24.078,8.694,0.605
0x85d1d1ae0,1743,124,973,fused_gr_down_kernel,41,1,1,256,35.617,10.223,0.380
0x85d1d1ae0,1743,124,974,fused_gr_up_kernel,160,1,1,256,42.688,15.026,0.502
0x85d1d1ae0,1743,124,975,native_quantize_q8_1_kernel,10,1,1,256,7.134,2.575,0.385
0x85d1d1ae0,1743,124,976,bf16_f32_mmvf_kernel,128,1,1,256,9.573,3.161,0.686
0x85d1d1ae0,1743,124,977,native_iq4_xs_direct_r4,128,1,1,128,16.974,6.052,0.714
0x85d1d1ae0,1743,124,978,native_iq4_xs_direct_r4,128,1,1,128,15.367,5.633,0.735
0x85d1d1ae0,1743,124,979,nqs_norm_kernel,2,1,1,256,7.609,2.603,0.394
0x85d1d1ae0,1743,124,980,native_rope_apply_kernel,1,2,1,128,13.443,4.618,0.618
0x85d1d1ae0,1743,124,981,copy_from_mapped_kernel,1,1,1,256,5.686,2.046,0.379
0x85d1d1ae0,1743,124,982,kv_append_kernel,2,1,1,256,15.683,5.396,0.576
0x85d1d1ae0,1743,124,983,nqsi_append_kernel,1,1,1,256,12.130,5.528,0.390
0x85d1d1ae0,1743,124,984,native_iq4_xs_direct_sg4,768,1,1,128,118.671,47.291,3.719
0x85d1d1ae0,1743,124,985,runtime_copy2d16,1,24,1,128,6.534,11.645,0.409
0x85d1d1ae0,1743,124,986,nqs_norm_kernel,24,1,1,256,7.778,5.270,0.384
0x85d1d1ae0,1743,124,987,native_rope_apply_kernel,1,24,1,128,12.989,4.727,0.397
0x85d1d1ae0,1743,124,988,bf16_f32_mmvf_kernel,512,1,1,256,17.040,5.717,0.606
0x85d1d1ae0,1743,124,989,nqs_norm_kernel,4,1,1,256,6.747,2.493,0.526
0x85d1d1ae0,1743,124,990,native_rope_apply_kernel,1,4,1,128,10.523,11.982,0.388
0x85d1d1ae0,1743,124,991,block_scores_multi_kernel,256,1,1,256,18.286,7.088,0.651
0x85d1d1ae0,1743,124,992,block_topk_scan_kernel,1,1,1,256,57.173,22.476,0.370
0x85d1d1ae0,1743,124,993,attn_chunk_kernel_m0,33,2,1,256,153.314,66.359,0.372
0x85d1d1ae0,1743,124,994,attn_merge_kernel,24,1,1,256,47.438,26.291,0.385
0x85d1d1ae0,1743,124,995,nqs_gate_kernel,24,1,1,256,10.891,12.006,0.404
0x85d1d1ae0,1743,124,996,native_quantize_q8_1_kernel,24,1,1,256,7.912,4.451,0.866
0x85d1d1ae0,1743,124,997,native_iq4_xs_direct_sg4,160,1,1,128,64.002,26.593,0.394
0x85d1d1ae0,1743,124,998,fused_gr_norm1_kernel,1,1,1,256,25.886,11.508,0.406
0x85d1d1ae0,1743,124,999,fused_gr_down_kernel,41,1,1,256,39.286,14.167,0.409
0x85d1d1ae0,1743,124,1000,fused_gr_up_kernel,160,1,1,256,47.371,28.533,0.389
0x85d1d1ae0,1743,124,1001,bf16_f32_mmvf_kernel,512,1,1,256,17.512,5.944,0.400
0x85d1d1ae0,1743,124,1002,route,1,1,1,256,27.102,9.574,0.832
0x85d1d1ae0,1743,124,1003,to_bf16_kernel,10,1,1,256,5.914,4.773,0.387
0x85d1d1ae0,1743,124,1004,native_quantize_q8_1_kernel,10,1,1,256,7.519,3.018,0.375
0x85d1d1ae0,1743,124,1005,native_q6_k_mmvq_kernel_large,640,1,1,128,19.295,7.459,0.384
0x85d1d1ae0,1743,124,1006,mmvq_direct_21_r2,80,1,1,128,25.183,9.081,0.389
0x85d1d1ae0,1743,124,1007,shexp_native_swiglu_kernel,5,1,1,128,6.944,2.251,0.395
0x85d1d1ae0,1743,124,1008,native_quantize_q8_1_kernel,3,1,1,256,6.128,2.212,0.546
0x85d1d1ae0,1743,124,1009,native_iq4_nl_direct_r4,640,1,1,128,22.093,7.797,0.606
0x85d1d1ae0,1743,124,1010,bf16_f32_mmvf_kernel,1,1,1,256,8.077,2.834,0.499
0x85d1d1ae0,1743,124,1011,shexp_native_scalar_sigmoid_kernel,1,1,1,1,6.338,2.247,0.405
0x85d1d1ae0,1743,124,1012,shexp_scale_rows_kernel,20,1,1,128,5.595,2.105,1.439
0x85d1d1ae0,1743,124,1013,quantize_q8_1_kernel,10,1,1,256,7.323,2.575,0.550
0x85d1d1ae0,1743,124,1014,native_resident_gu_16,160,10,1,256,199.577,86.680,0.841
0x85d1d1ae0,1743,124,1015,swiglu_entries_kernel,25,1,1,256,9.996,25.477,0.408
0x85d1d1ae0,1743,124,1016,quantize_q8_1_kernel,25,1,1,256,6.933,3.116,0.384
0x85d1d1ae0,1743,124,1017,native_resident_down_direct_42_r4,80,10,1,256,119.620,47.900,0.386
0x85d1d1ae0,1743,124,1018,nmoe_combine_kernel,10,1,1,256,9.269,3.429,0.391
0x85d1d1ae0,1743,124,1019,fused_gr_norm1_kernel,1,1,1,256,23.895,8.352,0.386
0x85d1d1ae0,1743,124,1020,fused_gr_down_kernel,41,1,1,256,37.231,11.019,0.375
0x85d1d1ae0,1743,124,1021,fused_gr_up_kernel,160,1,1,256,44.054,15.549,0.382
0x85d1d1ae0,1743,124,1022,native_quantize_q8_1_kernel,10,1,1,256,7.395,2.502,0.377
0x85d1d1ae0,1743,124,1023,native_iq4_xs_direct_sg4,640,1,1,128,101.806,38.377,0.405
0x85d1d1ae0,1743,124,1024,gdn_conv_l2_multi_kernel,80,1,1,128,9.173,2.718,0.437
0x85d1d1ae0,1743,124,1025,gdn_ab_multi_kernel,12,1,1,256,19.965,6.924,0.390
0x85d1d1ae0,1743,124,1026,native_iq4_xs_direct_sg4,384,1,1,128,66.806,24.819,0.489
0x85d1d1ae0,1743,124,1027,gdn_step_norm_multi_tail_kernel,48,1,1,512,37.467,16.686,0.422
0x85d1d1ae0,1743,124,1028,native_quantize_q8_1_kernel,24,1,1,256,8.439,5.755,0.395
0x85d1d1ae0,1743,124,1029,native_iq4_xs_direct_sg4,160,1,1,128,61.664,23.082,0.651
0x85d1d1ae0,1743,124,1030,fused_gr_norm1_kernel,1,1,1,256,25.752,11.714,0.387
0x85d1d1ae0,1743,124,1031,fused_gr_down_kernel,41,1,1,256,36.915,9.903,2.823
0x85d1d1ae0,1743,124,1032,fused_gr_up_kernel,160,1,1,256,43.212,14.795,0.388
0x85d1d1ae0,1743,124,1033,bf16_f32_mmvf_kernel,512,1,1,256,16.813,4.494,0.376
0x85d1d1ae0,1743,124,1034,route,1,1,1,256,28.252,20.212,0.377
0x85d1d1ae0,1743,124,1035,to_bf16_kernel,10,1,1,256,5.598,1.772,0.385
0x85d1d1ae0,1743,124,1036,native_quantize_q8_1_kernel,10,1,1,256,7.618,2.552,0.376
0x85d1d1ae0,1743,124,1037,mmvq_direct_21_r2,80,1,1,128,24.126,8.525,0.373
0x85d1d1ae0,1743,124,1038,native_q6_k_mmvq_kernel_large,640,1,1,128,19.007,6.735,1.691
0x85d1d1ae0,1743,124,1039,shexp_native_swiglu_kernel,5,1,1,128,6.746,2.200,0.531
0x85d1d1ae0,1743,124,1040,native_quantize_q8_1_kernel,3,1,1,256,7.826,5.024,361.987
0x85d1d1ae0,1743,124,1041,native_iq4_nl_direct_r4,640,1,1,128,22.404,10.790,17.485
0x85d1d1ae0,1743,124,1042,bf16_f32_mmvf_kernel,1,1,1,256,8.408,2.900,1.816
0x85d1d1ae0,1743,124,1043,shexp_native_scalar_sigmoid_kernel,1,1,1,1,6.030,2.145,12.296
0x85d1d1ae0,1743,124,1044,shexp_scale_rows_kernel,20,1,1,128,4.950,1.803,17.657
0x85d1d1ae0,1743,124,1045,quantize_q8_1_kernel,10,1,1,256,7.175,2.542,6.465
0x85d1d1ae0,1743,124,1046,native_resident_gu_22,160,10,1,256,205.751,83.583,4.355
0x85d1d1ae0,1743,124,1047,swiglu_entries_kernel,25,1,1,256,6.436,2.259,0.445
0x85d1d1ae0,1743,124,1048,quantize_q8_1_kernel,25,1,1,256,6.733,2.474,0.422
0x85d1d1ae0,1743,124,1049,native_resident_down_direct_42_r4,80,10,1,256,117.452,46.381,0.405
0x85d1d1ae0,1743,124,1050,nmoe_combine_kernel,10,1,1,256,9.063,3.158,0.382
0x85d1d1ae0,1743,124,1051,fused_gr_norm1_kernel,1,1,1,256,23.944,7.961,0.395
0x85d1d1ae0,1743,124,1052,fused_gr_down_kernel,41,1,1,256,35.069,9.803,0.378
0x85d1d1ae0,1743,124,1053,fused_gr_up_kernel,160,1,1,256,42.441,14.726,0.389
0x85d1d1ae0,1743,124,1054,native_quantize_q8_1_kernel,10,1,1,256,6.980,2.425,0.384
0x85d1d1ae0,1743,124,1055,native_iq4_xs_direct_sg4,640,1,1,128,98.011,34.496,0.400
0x85d1d1ae0,1743,124,1056,gdn_conv_l2_multi_kernel,80,1,1,128,8.399,3.002,0.398
0x85d1d1ae0,1743,124,1057,gdn_ab_multi_kernel,12,1,1,256,19.569,6.827,0.389
0x85d1d1ae0,1743,124,1058,native_iq4_xs_direct_sg4,384,1,1,128,65.195,23.859,0.680
0x85d1d1ae0,1743,124,1059,gdn_step_norm_multi_tail_kernel,48,1,1,512,35.108,11.854,0.385
0x85d1d1ae0,1743,124,1060,native_quantize_q8_1_kernel,24,1,1,256,7.282,2.736,0.368
0x85d1d1ae0,1743,124,1061,mmvq_direct_21_r2,320,1,1,128,88.109,40.117,0.366
0x85d1d1ae0,1743,124,1062,fused_gr_norm1_kernel,1,1,1,256,24.613,8.404,0.370
0x85d1d1ae0,1743,124,1063,fused_gr_down_kernel,41,1,1,256,35.684,9.669,0.365
0x85d1d1ae0,1743,124,1064,fused_gr_up_kernel,160,1,1,256,44.976,28.846,3.452
0x85d1d1ae0,1743,124,1065,bf16_f32_mmvf_kernel,512,1,1,256,16.734,5.168,0.379
0x85d1d1ae0,1743,124,1066,route,1,1,1,256,25.891,8.525,0.729
0x85d1d1ae0,1743,124,1067,to_bf16_kernel,10,1,1,256,6.050,11.651,0.385
0x85d1d1ae0,1743,124,1068,native_quantize_q8_1_kernel,10,1,1,256,6.908,2.410,0.377
0x85d1d1ae0,1743,124,1069,native_iq4_xs_direct_r4,160,1,1,128,17.857,6.890,0.361
0x85d1d1ae0,1743,124,1070,native_iq4_xs_direct_r4,160,1,1,128,16.138,5.799,0.367
0x85d1d1ae0,1743,124,1071,shexp_native_swiglu_kernel,5,1,1,128,6.521,2.162,0.372
0x85d1d1ae0,1743,124,1072,native_quantize_q8_1_kernel,3,1,1,256,5.864,2.064,0.383
0x85d1d1ae0,1743,124,1073,native_iq4_nl_direct_r4,640,1,1,128,20.836,6.992,0.606
0x85d1d1ae0,1743,124,1074,bf16_f32_mmvf_kernel,1,1,1,256,7.790,2.514,0.371
0x85d1d1ae0,1743,124,1075,shexp_native_scalar_sigmoid_kernel,1,1,1,1,6.053,1.997,0.388
0x85d1d1ae0,1743,124,1076,shexp_scale_rows_kernel,20,1,1,128,6.843,18.314,0.388
0x85d1d1ae0,1743,124,1077,quantize_q8_1_kernel,10,1,1,256,7.283,2.763,0.695
0x85d1d1ae0,1743,124,1078,native_resident_gu_16,160,10,1,256,190.973,74.323,0.371
0x85d1d1ae0,1743,124,1079,swiglu_entries_kernel,25,1,1,256,6.995,2.252,0.373
0x85d1d1ae0,1743,124,1080,quantize_q8_1_kernel,25,1,1,256,6.783,2.411,0.354
0x85d1d1ae0,1743,124,1081,native_resident_down_direct_42_r4,80,10,1,256,117.588,44.117,0.343
0x85d1d1ae0,1743,124,1082,nmoe_combine_kernel,10,1,1,256,9.290,3.188,0.403
0x85d1d1ae0,1743,124,1083,fused_gr_norm1_kernel,1,1,1,256,22.614,7.483,0.382
0x85d1d1ae0,1743,124,1084,fused_gr_down_kernel,41,1,1,256,35.701,9.794,0.375
0x85d1d1ae0,1743,124,1085,fused_gr_up_kernel,160,1,1,256,43.336,17.177,0.386
0x85d1d1ae0,1743,124,1086,native_quantize_q8_1_kernel,10,1,1,256,7.232,2.333,0.385
0x85d1d1ae0,1743,124,1087,native_iq4_xs_direct_sg4,640,1,1,128,99.564,42.720,0.386
0x85d1d1ae0,1743,124,1088,gdn_conv_l2_multi_kernel,80,1,1,128,12.684,30.599,0.408
0x85d1d1ae0,1743,124,1089,gdn_ab_multi_kernel,12,1,1,256,20.226,9.231,0.369
0x85d1d1ae0,1743,124,1090,native_iq4_xs_direct_sg4,384,1,1,128,64.995,23.378,0.372
0x85d1d1ae0,1743,124,1091,gdn_step_norm_multi_tail_kernel,48,1,1,512,38.389,28.928,0.378
0x85d1d1ae0,1743,124,1092,native_quantize_q8_1_kernel,24,1,1,256,9.044,10.881,0.375
0x85d1d1ae0,1743,124,1093,native_iq4_xs_direct_sg4,160,1,1,128,61.087,30.922,0.369
0x85d1d1ae0,1743,124,1094,fused_gr_norm1_kernel,1,1,1,256,26.074,22.872,0.395
0x85d1d1ae0,1743,124,1095,fused_gr_down_kernel,41,1,1,256,35.316,12.488,0.382
0x85d1d1ae0,1743,124,1096,fused_gr_up_kernel,160,1,1,256,42.026,13.662,0.386
0x85d1d1ae0,1743,124,1097,bf16_f32_mmvf_kernel,512,1,1,256,16.320,4.517,0.380
0x85d1d1ae0,1743,124,1098,route,1,1,1,256,25.779,8.280,0.373
0x85d1d1ae0,1743,124,1099,to_bf16_kernel,10,1,1,256,5.136,1.737,0.374
0x85d1d1ae0,1743,124,1100,native_quantize_q8_1_kernel,10,1,1,256,7.162,2.484,0.370
0x85d1d1ae0,1743,124,1101,native_iq4_xs_direct_r4,160,1,1,128,17.051,5.765,0.372
0x85d1d1ae0,1743,124,1102,native_iq4_xs_direct_r4,160,1,1,128,15.619,5.392,0.378
0x85d1d1ae0,1743,124,1103,shexp_native_swiglu_kernel,5,1,1,128,7.245,9.661,0.376
0x85d1d1ae0,1743,124,1104,native_quantize_q8_1_kernel,3,1,1,256,6.129,2.045,0.376
0x85d1d1ae0,1743,124,1105,native_q2_0_mmvq_kernel_small,640,1,1,128,32.525,10.345,0.592
0x85d1d1ae0,1743,124,1106,bf16_f32_mmvf_kernel,1,1,1,256,7.846,2.587,0.363
0x85d1d1ae0,1743,124,1107,shexp_native_scalar_sigmoid_kernel,1,1,1,1,5.977,2.025,0.385
0x85d1d1ae0,1743,124,1108,shexp_scale_rows_kernel,20,1,1,128,5.412,2.232,0.990
0x85d1d1ae0,1743,124,1109,quantize_q8_1_kernel,10,1,1,256,7.001,2.268,0.372
0x85d1d1ae0,1743,124,1110,native_resident_gu_16,160,10,1,256,192.152,76.492,0.593
0x85d1d1ae0,1743,124,1111,swiglu_entries_kernel,25,1,1,256,8.503,14.259,5.162
0x85d1d1ae0,1743,124,1112,quantize_q8_1_kernel,25,1,1,256,6.976,4.673,0.373
0x85d1d1ae0,1743,124,1113,native_resident_down_direct_42_r4,80,10,1,256,115.118,43.183,0.369
0x85d1d1ae0,1743,124,1114,nmoe_combine_kernel,10,1,1,256,9.371,7.265,0.367
0x85d1d1ae0,1743,124,1115,fused_gr_norm1_kernel,1,1,1,256,24.212,8.450,0.374
0x85d1d1ae0,1743,124,1116,fused_gr_down_kernel,41,1,1,256,35.260,8.829,0.366
0x85d1d1ae0,1743,124,1117,fused_gr_up_kernel,160,1,1,256,44.220,23.740,0.370
0x85d1d1ae0,1743,124,1118,native_quantize_q8_1_kernel,10,1,1,256,7.431,2.972,2.472
0x85d1d1ae0,1743,124,1119,bf16_f32_mmvf_kernel,128,1,1,256,9.613,2.978,0.771
0x85d1d1ae0,1743,124,1120,native_iq4_xs_direct_r4,128,1,1,128,17.601,5.836,349.879
0x85d1d1ae0,1743,124,1121,native_q6_k_mmvq_kernel_large,512,1,1,128,15.997,5.774,27.192
0x85d1d1ae0,1743,124,1122,nqs_norm_kernel,2,1,1,256,7.465,2.708,11.858
0x85d1d1ae0,1743,124,1123,native_rope_apply_kernel,1,2,1,128,13.277,4.266,4.600
0x85d1d1ae0,1743,124,1124,copy_from_mapped_kernel,1,1,1,256,5.724,1.979,1.470
0x85d1d1ae0,1743,124,1125,kv_append_kernel,2,1,1,256,15.586,5.122,4.337
0x85d1d1ae0,1743,124,1126,nqsi_append_kernel,1,1,1,256,11.894,5.437,2.333
0x85d1d1ae0,1743,124,1127,native_iq4_xs_direct_sg4,768,1,1,128,115.384,42.811,13.958
0x85d1d1ae0,1743,124,1128,runtime_copy2d16,1,24,1,128,6.152,11.475,0.414
0x85d1d1ae0,1743,124,1129,nqs_norm_kernel,24,1,1,256,7.459,5.095,1.882
0x85d1d1ae0,1743,124,1130,native_rope_apply_kernel,1,24,1,128,12.277,4.312,0.367
0x85d1d1ae0,1743,124,1131,bf16_f32_mmvf_kernel,512,1,1,256,16.679,5.182,0.564
0x85d1d1ae0,1743,124,1132,nqs_norm_kernel,4,1,1,256,6.691,2.540,0.526
0x85d1d1ae0,1743,124,1133,native_rope_apply_kernel,1,4,1,128,9.484,3.583,0.632
0x85d1d1ae0,1743,124,1134,block_scores_multi_kernel,256,1,1,256,19.390,18.886,0.920
0x85d1d1ae0,1743,124,1135,block_topk_scan_kernel,1,1,1,256,56.543,21.303,1.698
0x85d1d1ae0,1743,124,1136,attn_chunk_kernel_m0,33,2,1,256,151.612,61.922,0.393
0x85d1d1ae0,1743,124,1137,attn_merge_kernel,24,1,1,256,44.668,17.131,0.394
0x85d1d1ae0,1743,124,1138,nqs_gate_kernel,24,1,1,256,10.320,8.953,0.388
0x85d1d1ae0,1743,124,1139,native_quantize_q8_1_kernel,24,1,1,256,7.807,5.555,0.405
0x85d1d1ae0,1743,124,1140,native_iq4_xs_direct_sg4,160,1,1,128,62.142,22.006,2.433
0x85d1d1ae0,1743,124,1141,fused_gr_norm1_kernel,1,1,1,256,25.166,9.007,0.381
0x85d1d1ae0,1743,124,1142,fused_gr_down_kernel,41,1,1,256,41.512,24.859,0.384
0x85d1d1ae0,1743,124,1143,fused_gr_up_kernel,160,1,1,256,45.564,21.665,0.402
0x85d1d1ae0,1743,124,1144,bf16_f32_mmvf_kernel,512,1,1,256,18.740,8.455,2.913
0x85d1d1ae0,1743,124,1145,route,1,1,1,256,26.747,9.470,0.647
0x85d1d1ae0,1743,124,1146,to_bf16_kernel,10,1,1,256,4.818,1.974,0.394
0x85d1d1ae0,1743,124,1147,native_quantize_q8_1_kernel,10,1,1,256,7.286,2.701,0.715
0x85d1d1ae0,1743,124,1148,native_iq4_xs_direct_r4,160,1,1,128,17.799,6.316,0.394
0x85d1d1ae0,1743,124,1149,mmvq_direct_21_r2,80,1,1,128,25.544,13.200,0.376
0x85d1d1ae0,1743,124,1150,shexp_native_swiglu_kernel,5,1,1,128,6.639,2.519,0.381
0x85d1d1ae0,1743,124,1151,native_quantize_q8_1_kernel,3,1,1,256,6.008,2.244,0.395
0x85d1d1ae0,1743,124,1152,native_iq4_nl_direct_r4,640,1,1,128,23.676,21.718,0.675
0x85d1d1ae0,1743,124,1153,bf16_f32_mmvf_kernel,1,1,1,256,7.986,2.795,0.380
0x85d1d1ae0,1743,124,1154,shexp_native_scalar_sigmoid_kernel,1,1,1,1,6.115,2.116,0.398
0x85d1d1ae0,1743,124,1155,shexp_scale_rows_kernel,20,1,1,128,5.260,2.092,0.407
0x85d1d1ae0,1743,124,1156,quantize_q8_1_kernel,10,1,1,256,7.171,2.517,0.392
0x85d1d1ae0,1743,124,1157,native_resident_gu_22,160,10,1,256,205.858,81.213,0.387
0x85d1d1ae0,1743,124,1158,swiglu_entries_kernel,25,1,1,256,7.085,2.519,0.398
0x85d1d1ae0,1743,124,1159,quantize_q8_1_kernel,25,1,1,256,6.869,2.437,0.378
0x85d1d1ae0,1743,124,1160,native_resident_down_direct_42_r4,80,10,1,256,116.423,45.899,0.387
0x85d1d1ae0,1743,124,1161,nmoe_combine_kernel,10,1,1,256,9.124,3.183,0.388
0x85d1d1ae0,1743,124,1162,fused_gr_norm1_kernel,1,1,1,256,23.364,8.197,0.363
0x85d1d1ae0,1743,124,1163,fused_gr_down_kernel,41,1,1,256,37.178,10.922,0.375
0x85d1d1ae0,1743,124,1164,fused_gr_up_kernel,160,1,1,256,43.007,15.400,0.377
0x85d1d1ae0,1743,124,1165,native_quantize_q8_1_kernel,10,1,1,256,7.327,2.479,0.386
0x85d1d1ae0,1743,124,1166,native_iq4_xs_direct_sg4,640,1,1,128,98.940,35.488,0.385
0x85d1d1ae0,1743,124,1167,gdn_conv_l2_multi_kernel,80,1,1,128,9.187,2.743,0.425
0x85d1d1ae0,1743,124,1168,gdn_ab_multi_kernel,12,1,1,256,19.599,6.684,0.409
0x85d1d1ae0,1743,124,1169,native_iq4_xs_direct_sg4,384,1,1,128,66.552,24.700,0.404
0x85d1d1ae0,1743,124,1170,gdn_step_norm_multi_tail_kernel,48,1,1,512,35.847,12.411,0.401
0x85d1d1ae0,1743,124,1171,native_quantize_q8_1_kernel,24,1,1,256,8.226,3.010,0.403
0x85d1d1ae0,1743,124,1172,native_iq4_xs_direct_sg4,160,1,1,128,60.798,22.854,0.407
0x85d1d1ae0,1743,124,1173,fused_gr_norm1_kernel,1,1,1,256,25.217,8.371,0.417
0x85d1d1ae0,1743,124,1174,fused_gr_down_kernel,41,1,1,256,36.378,11.018,0.385
0x85d1d1ae0,1743,124,1175,fused_gr_up_kernel,160,1,1,256,43.476,15.500,0.391
0x85d1d1ae0,1743,124,1176,bf16_f32_mmvf_kernel,512,1,1,256,18.925,23.410,0.399
0x85d1d1ae0,1743,124,1177,route,1,1,1,256,26.459,9.263,0.385
0x85d1d1ae0,1743,124,1178,to_bf16_kernel,10,1,1,256,7.295,23.537,0.376
0x85d1d1ae0,1743,124,1179,native_quantize_q8_1_kernel,10,1,1,256,7.113,2.405,0.384
0x85d1d1ae0,1743,124,1180,native_iq4_xs_direct_r4,160,1,1,128,17.314,6.197,0.375
0x85d1d1ae0,1743,124,1181,native_q6_k_mmvq_kernel_large,640,1,1,128,18.643,6.978,0.630
0x85d1d1ae0,1743,124,1182,shexp_native_swiglu_kernel,5,1,1,128,6.697,2.215,0.656
0x85d1d1ae0,1743,124,1183,native_quantize_q8_1_kernel,3,1,1,256,6.119,2.235,0.649
0x85d1d1ae0,1743,124,1184,native_iq4_nl_direct_r4,640,1,1,128,21.341,7.472,0.653
0x85d1d1ae0,1743,124,1185,bf16_f32_mmvf_kernel,1,1,1,256,8.271,6.732,0.511
0x85d1d1ae0,1743,124,1186,shexp_native_scalar_sigmoid_kernel,1,1,1,1,5.833,2.034,0.599
0x85d1d1ae0,1743,124,1187,shexp_scale_rows_kernel,20,1,1,128,5.242,2.396,0.533
0x85d1d1ae0,1743,124,1188,quantize_q8_1_kernel,10,1,1,256,6.901,2.469,0.631
0x85d1d1ae0,1743,124,1189,native_resident_gu_22,160,10,1,256,209.884,93.388,0.752
0x85d1d1ae0,1743,124,1190,swiglu_entries_kernel,25,1,1,256,8.461,8.301,0.390
0x85d1d1ae0,1743,124,1191,quantize_q8_1_kernel,25,1,1,256,6.819,2.475,0.376
0x85d1d1ae0,1743,124,1192,native_resident_down_direct_42_r4,80,10,1,256,118.193,47.553,0.556
0x85d1d1ae0,1743,124,1193,nmoe_combine_kernel,10,1,1,256,9.186,3.525,0.394
0x85d1d1ae0,1743,124,1194,fused_gr_norm1_kernel,1,1,1,256,25.087,9.473,0.383
0x85d1d1ae0,1743,124,1195,fused_gr_down_kernel,41,1,1,256,36.610,9.817,0.379
0x85d1d1ae0,1743,124,1196,fused_gr_up_kernel,160,1,1,256,43.324,15.129,0.387
0x85d1d1ae0,1743,124,1197,native_quantize_q8_1_kernel,10,1,1,256,7.352,2.384,0.458
0x85d1d1ae0,1743,124,1198,native_iq4_xs_direct_sg4,640,1,1,128,97.471,35.667,2.733
0x85d1d1ae0,1743,124,1199,gdn_conv_l2_multi_kernel,80,1,1,128,9.083,2.773,0.405
0x85d1d1ae0,1743,124,1200,gdn_ab_multi_kernel,12,1,1,256,20.867,8.729,354.542
0x85d1d1ae0,1743,124,1201,mmvq_direct_21_r2,768,1,1,128,97.578,40.480,10.429
0x85d1d1ae0,1743,124,1202,gdn_step_norm_multi_tail_kernel,48,1,1,512,36.535,22.238,1.690
0x85d1d1ae0,1743,124,1203,native_quantize_q8_1_kernel,24,1,1,256,7.229,2.685,0.397
0x85d1d1ae0,1743,124,1204,native_q6_k_mmvq_kernel_large,2560,1,1,128,115.287,56.777,1.634
0x85d1d1ae0,1743,124,1205,fused_gr_norm1_kernel,1,1,1,256,28.391,33.188,3.464
0x85d1d1ae0,1743,124,1206,fused_gr_down_kernel,41,1,1,256,35.965,10.449,0.386
0x85d1d1ae0,1743,124,1207,fused_gr_up_kernel,160,1,1,256,43.716,18.551,0.393
0x85d1d1ae0,1743,124,1208,bf16_f32_mmvf_kernel,512,1,1,256,16.634,5.103,0.767
0x85d1d1ae0,1743,124,1209,route,1,1,1,256,26.052,8.671,0.458
0x85d1d1ae0,1743,124,1210,to_bf16_kernel,10,1,1,256,4.622,1.681,0.586
0x85d1d1ae0,1743,124,1211,native_quantize_q8_1_kernel,10,1,1,256,6.917,2.494,0.536
0x85d1d1ae0,1743,124,1212,native_iq4_xs_direct_r4,160,1,1,128,17.002,5.855,0.694
0x85d1d1ae0,1743,124,1213,native_iq4_xs_direct_r4,160,1,1,128,15.575,5.754,0.989
0x85d1d1ae0,1743,124,1214,shexp_native_swiglu_kernel,5,1,1,128,7.072,7.885,0.479
0x85d1d1ae0,1743,124,1215,native_quantize_q8_1_kernel,3,1,1,256,6.337,6.129,0.564
0x85d1d1ae0,1743,124,1216,native_iq4_nl_direct_r4,640,1,1,128,21.284,7.371,0.631
0x85d1d1ae0,1743,124,1217,bf16_f32_mmvf_kernel,1,1,1,256,7.729,2.600,0.404
0x85d1d1ae0,1743,124,1218,shexp_native_scalar_sigmoid_kernel,1,1,1,1,5.913,1.994,0.446
0x85d1d1ae0,1743,124,1219,shexp_scale_rows_kernel,20,1,1,128,4.886,1.815,0.705
0x85d1d1ae0,1743,124,1220,quantize_q8_1_kernel,10,1,1,256,6.922,2.345,0.868
0x85d1d1ae0,1743,124,1221,native_resident_gu_22,160,10,1,256,207.299,86.742,0.948
0x85d1d1ae0,1743,124,1222,swiglu_entries_kernel,25,1,1,256,7.782,10.793,0.382
0x85d1d1ae0,1743,124,1223,quantize_q8_1_kernel,25,1,1,256,6.896,3.440,0.364
0x85d1d1ae0,1743,124,1224,native_resident_down_direct_42_r4,80,10,1,256,119.546,54.285,3.727
0x85d1d1ae0,1743,124,1225,nmoe_combine_kernel,10,1,1,256,9.807,7.079,0.359
0x85d1d1ae0,1743,124,1226,fused_gr_norm1_kernel,1,1,1,256,24.009,8.086,0.365
0x85d1d1ae0,1743,124,1227,fused_gr_down_kernel,41,1,1,256,35.535,10.002,0.373
0x85d1d1ae0,1743,124,1228,fused_gr_up_kernel,160,1,1,256,43.081,15.168,1.072
0x85d1d1ae0,1743,124,1229,native_quantize_q8_1_kernel,10,1,1,256,10.371,22.835,0.377
0x85d1d1ae0,1743,124,1230,native_iq4_xs_direct_sg4,640,1,1,128,100.063,38.909,0.371
0x85d1d1ae0,1743,124,1231,gdn_conv_l2_multi_kernel,80,1,1,128,10.362,17.751,0.403
0x85d1d1ae0,1743,124,1232,gdn_ab_multi_kernel,12,1,1,256,19.452,6.757,0.393
0x85d1d1ae0,1743,124,1233,native_iq4_xs_direct_sg4,384,1,1,128,66.886,28.166,0.378
0x85d1d1ae0,1743,124,1234,gdn_step_norm_multi_tail_kernel,48,1,1,512,35.396,11.427,0.374
0x85d1d1ae0,1743,124,1235,native_quantize_q8_1_kernel,24,1,1,256,8.211,6.275,0.364
0x85d1d1ae0,1743,124,1236,native_iq4_xs_direct_sg4,160,1,1,128,60.105,21.714,0.387
0x85d1d1ae0,1743,124,1237,fused_gr_norm1_kernel,1,1,1,256,25.118,8.125,0.376
0x85d1d1ae0,1743,124,1238,fused_gr_down_kernel,41,1,1,256,35.131,9.148,0.369
0x85d1d1ae0,1743,124,1239,fused_gr_up_kernel,160,1,1,256,43.185,14.937,0.385
0x85d1d1ae0,1743,124,1240,bf16_f32_mmvf_kernel,512,1,1,256,20.257,30.751,0.386
0x85d1d1ae0,1743,124,1241,route,1,1,1,256,26.314,8.804,0.382
0x85d1d1ae0,1743,124,1242,to_bf16_kernel,10,1,1,256,9.152,29.534,0.379
0x85d1d1ae0,1743,124,1243,native_quantize_q8_1_kernel,10,1,1,256,7.319,3.402,0.386
0x85d1d1ae0,1743,124,1244,native_iq4_xs_direct_r4,160,1,1,128,17.166,5.568,0.380
0x85d1d1ae0,1743,124,1245,native_iq4_xs_direct_r4,160,1,1,128,15.607,5.222,0.366
0x85d1d1ae0,1743,124,1246,shexp_native_swiglu_kernel,5,1,1,128,6.318,1.942,0.365
0x85d1d1ae0,1743,124,1247,native_quantize_q8_1_kernel,3,1,1,256,6.125,1.982,0.383
0x85d1d1ae0,1743,124,1248,native_iq4_nl_direct_r4,640,1,1,128,20.877,6.801,0.383
0x85d1d1ae0,1743,124,1249,bf16_f32_mmvf_kernel,1,1,1,256,7.939,2.478,0.374
0x85d1d1ae0,1743,124,1250,shexp_native_scalar_sigmoid_kernel,1,1,1,1,5.911,1.936,0.385
0x85d1d1ae0,1743,124,1251,shexp_scale_rows_kernel,20,1,1,128,5.276,1.951,0.395
0x85d1d1ae0,1743,124,1252,quantize_q8_1_kernel,10,1,1,256,7.162,2.360,0.388
0x85d1d1ae0,1743,124,1253,native_resident_gu_22,160,10,1,256,206.900,78.185,0.371
0x85d1d1ae0,1743,124,1254,swiglu_entries_kernel,25,1,1,256,10.369,20.707,0.384
0x85d1d1ae0,1743,124,1255,quantize_q8_1_kernel,25,1,1,256,7.481,5.522,0.360
0x85d1d1ae0,1743,124,1256,native_resident_down_direct_42_r4,80,10,1,256,117.818,48.509,0.358
0x85d1d1ae0,1743,124,1257,nmoe_combine_kernel,10,1,1,256,9.475,6.642,0.352
0x85d1d1ae0,1743,124,1258,fused_gr_norm1_kernel,1,1,1,256,23.710,7.708,0.367
0x85d1d1ae0,1743,124,1259,fused_gr_down_kernel,41,1,1,256,34.329,8.857,0.383
0x85d1d1ae0,1743,124,1260,fused_gr_up_kernel,160,1,1,256,42.694,14.455,0.377
0x85d1d1ae0,1743,124,1261,native_quantize_q8_1_kernel,10,1,1,256,7.652,4.450,0.387
0x85d1d1ae0,1743,124,1262,bf16_f32_mmvf_kernel,128,1,1,256,9.732,4.409,0.369
0x85d1d1ae0,1743,124,1263,native_iq4_xs_direct_r4,128,1,1,128,16.728,5.504,0.450
0x85d1d1ae0,1743,124,1264,native_iq4_xs_direct_r4,128,1,1,128,16.155,9.874,0.383
0x85d1d1ae0,1743,124,1265,nqs_norm_kernel,2,1,1,256,7.646,2.430,0.372
0x85d1d1ae0,1743,124,1266,native_rope_apply_kernel,1,2,1,128,13.287,4.155,0.371
0x85d1d1ae0,1743,124,1267,copy_from_mapped_kernel,1,1,1,256,6.527,1.751,0.382
0x85d1d1ae0,1743,124,1268,kv_append_kernel,2,1,1,256,15.624,4.967,0.384
0x85d1d1ae0,1743,124,1269,nqsi_append_kernel,1,1,1,256,12.339,6.906,3.023
0x85d1d1ae0,1743,124,1270,mmvq_direct_21_r2,1536,1,1,128,178.869,76.025,0.516
0x85d1d1ae0,1743,124,1271,runtime_copy2d16,1,24,1,128,6.629,3.326,0.418
0x85d1d1ae0,1743,124,1272,nqs_norm_kernel,24,1,1,256,7.428,2.399,0.379
0x85d1d1ae0,1743,124,1273,native_rope_apply_kernel,1,24,1,128,12.182,4.223,0.359
0x85d1d1ae0,1743,124,1274,bf16_f32_mmvf_kernel,512,1,1,256,16.863,6.512,0.378
0x85d1d1ae0,1743,124,1275,nqs_norm_kernel,4,1,1,256,6.680,2.253,0.462
0x85d1d1ae0,1743,124,1276,native_rope_apply_kernel,1,4,1,128,9.265,3.334,0.608
0x85d1d1ae0,1743,124,1277,block_scores_multi_kernel,256,1,1,256,18.023,6.031,0.715
0x85d1d1ae0,1743,124,1278,block_topk_scan_kernel,1,1,1,256,55.441,20.131,4.326
0x85d1d1ae0,1743,124,1279,attn_chunk_kernel_m0,33,2,1,256,147.814,53.733,0.857
0x85d1d1ae0,1743,124,1280,attn_merge_kernel,24,1,1,256,49.516,25.643,380.476
0x85d1d1ae0,1743,124,1281,nqs_gate_kernel,24,1,1,256,10.071,4.253,10.981
0x85d1d1ae0,1743,124,1282,native_quantize_q8_1_kernel,24,1,1,256,8.495,7.874,6.724
0x85d1d1ae0,1743,124,1283,native_iq4_xs_direct_sg4,160,1,1,128,73.549,44.119,5.918
0x85d1d1ae0,1743,124,1284,fused_gr_norm1_kernel,1,1,1,256,26.666,10.000,0.453
0x85d1d1ae0,1743,124,1285,fused_gr_down_kernel,41,1,1,256,46.709,26.587,3.600
0x85d1d1ae0,1743,124,1286,fused_gr_up_kernel,160,1,1,256,53.546,29.208,1.201
0x85d1d1ae0,1743,124,1287,bf16_f32_mmvf_kernel,512,1,1,256,21.275,14.014,1.288
0x85d1d1ae0,1743,124,1288,route,1,1,1,256,27.577,10.160,0.622
0x85d1d1ae0,1743,124,1289,to_bf16_kernel,10,1,1,256,4.810,2.062,0.426
0x85d1d1ae0,1743,124,1290,native_quantize_q8_1_kernel,10,1,1,256,7.437,2.831,0.682
0x85d1d1ae0,1743,124,1291,native_iq4_xs_direct_r4,160,1,1,128,18.136,7.287,0.760
0x85d1d1ae0,1743,124,1292,native_iq4_xs_direct_r4,160,1,1,128,16.549,6.634,0.502
0x85d1d1ae0,1743,124,1293,shexp_native_swiglu_kernel,5,1,1,128,6.643,2.535,0.554
0x85d1d1ae0,1743,124,1294,native_quantize_q8_1_kernel,3,1,1,256,6.124,2.266,0.587
0x85d1d1ae0,1743,124,1295,native_iq4_nl_direct_r4,640,1,1,128,22.147,7.807,2.007
0x85d1d1ae0,1743,124,1296,bf16_f32_mmvf_kernel,1,1,1,256,8.298,2.981,0.495
0x85d1d1ae0,1743,124,1297,shexp_native_scalar_sigmoid_kernel,1,1,1,1,6.153,2.171,0.799
0x85d1d1ae0,1743,124,1298,shexp_scale_rows_kernel,20,1,1,128,5.532,2.001,1.716
0x85d1d1ae0,1743,124,1299,quantize_q8_1_kernel,10,1,1,256,7.287,2.535,2.063
0x85d1d1ae0,1743,124,1300,native_resident_gu_22,160,10,1,256,203.180,80.065,5.374
0x85d1d1ae0,1743,124,1301,swiglu_entries_kernel,25,1,1,256,6.490,2.296,0.412
0x85d1d1ae0,1743,124,1302,quantize_q8_1_kernel,25,1,1,256,6.700,2.413,0.402
0x85d1d1ae0,1743,124,1303,native_resident_down_direct_42_r4,80,10,1,256,118.794,54.538,0.406
0x85d1d1ae0,1743,124,1304,nmoe_combine_kernel,10,1,1,256,9.860,7.057,10.610
0x85d1d1ae0,1743,124,1305,fused_gr_norm1_kernel,1,1,1,256,26.300,20.610,0.565
0x85d1d1ae0,1743,124,1306,fused_gr_down_kernel,41,1,1,256,39.845,21.959,0.382
0x85d1d1ae0,1743,124,1307,fused_gr_up_kernel,160,1,1,256,44.190,19.678,0.394
0x85d1d1ae0,1743,124,1308,native_quantize_q8_1_kernel,10,1,1,256,7.575,2.610,0.392
0x85d1d1ae0,1743,124,1309,native_iq4_xs_direct_sg4,640,1,1,128,104.173,48.326,0.384
0x85d1d1ae0,1743,124,1310,gdn_conv_l2_multi_kernel,80,1,1,128,8.730,3.115,0.417
0x85d1d1ae0,1743,124,1311,gdn_ab_multi_kernel,12,1,1,256,19.753,6.681,0.417
0x85d1d1ae0,1743,124,1312,native_iq4_xs_direct_sg4,384,1,1,128,66.584,24.293,0.418
0x85d1d1ae0,1743,124,1313,gdn_step_norm_multi_tail_kernel,48,1,1,512,37.892,22.072,0.397
0x85d1d1ae0,1743,124,1314,native_quantize_q8_1_kernel,24,1,1,256,7.869,5.379,0.383
0x85d1d1ae0,1743,124,1315,native_iq4_xs_direct_sg4,160,1,1,128,60.988,22.961,0.391
0x85d1d1ae0,1743,124,1316,fused_gr_norm1_kernel,1,1,1,256,26.999,23.653,0.387
0x85d1d1ae0,1743,124,1317,fused_gr_down_kernel,41,1,1,256,35.973,12.297,0.377
0x85d1d1ae0,1743,124,1318,fused_gr_up_kernel,160,1,1,256,43.338,14.993,0.374
0x85d1d1ae0,1743,124,1319,bf16_f32_mmvf_kernel,512,1,1,256,19.961,30.972,0.392
0x85d1d1ae0,1743,124,1320,route,1,1,1,256,26.569,9.133,0.406
0x85d1d1ae0,1743,124,1321,to_bf16_kernel,10,1,1,256,6.495,15.332,0.385
0x85d1d1ae0,1743,124,1322,native_quantize_q8_1_kernel,10,1,1,256,7.067,2.493,0.375
0x85d1d1ae0,1743,124,1323,native_q6_k_mmvq_kernel_large,640,1,1,128,18.765,8.196,0.387
0x85d1d1ae0,1743,124,1324,native_q6_k_mmvq_kernel_large,640,1,1,128,18.199,6.690,0.385
0x85d1d1ae0,1743,124,1325,shexp_native_swiglu_kernel,5,1,1,128,6.484,2.139,0.380
0x85d1d1ae0,1743,124,1326,native_quantize_q8_1_kernel,3,1,1,256,6.176,2.157,0.380
0x85d1d1ae0,1743,124,1327,native_iq4_nl_direct_r4,640,1,1,128,21.572,7.331,0.380
0x85d1d1ae0,1743,124,1328,bf16_f32_mmvf_kernel,1,1,1,256,8.008,2.683,0.477
0x85d1d1ae0,1743,124,1329,shexp_native_scalar_sigmoid_kernel,1,1,1,1,6.070,2.046,0.377
0x85d1d1ae0,1743,124,1330,shexp_scale_rows_kernel,20,1,1,128,5.375,2.164,0.385
0x85d1d1ae0,1743,124,1331,quantize_q8_1_kernel,10,1,1,256,7.141,2.413,0.620
0x85d1d1ae0,1743,124,1332,native_resident_gu_22,160,10,1,256,207.269,85.255,1.131
0x85d1d1ae0,1743,124,1333,swiglu_entries_kernel,25,1,1,256,10.518,21.270,0.402
0x85d1d1ae0,1743,124,1334,quantize_q8_1_kernel,25,1,1,256,7.460,5.742,0.385
0x85d1d1ae0,1743,124,1335,native_resident_down_direct_42_r4,80,10,1,256,117.707,47.221,0.383
0x85d1d1ae0,1743,124,1336,nmoe_combine_kernel,10,1,1,256,9.433,4.536,0.396
0x85d1d1ae0,1743,124,1337,fused_gr_norm1_kernel,1,1,1,256,22.991,7.905,0.383
0x85d1d1ae0,1743,124,1338,fused_gr_down_kernel,41,1,1,256,36.210,9.953,0.355
0x85d1d1ae0,1743,124,1339,fused_gr_up_kernel,160,1,1,256,42.280,14.351,0.369
0x85d1d1ae0,1743,124,1340,native_quantize_q8_1_kernel,10,1,1,256,7.265,2.316,0.369
0x85d1d1ae0,1743,124,1341,native_iq4_xs_direct_sg4,640,1,1,128,97.418,34.537,0.370
0x85d1d1ae0,1743,124,1342,gdn_conv_l2_multi_kernel,80,1,1,128,8.960,2.760,0.386
0x85d1d1ae0,1743,124,1343,gdn_ab_multi_kernel,12,1,1,256,19.224,6.490,0.385
0x85d1d1ae0,1743,124,1344,mmvq_direct_21_r2,768,1,1,128,96.900,37.337,0.387
0x85d1d1ae0,1743,124,1345,gdn_step_norm_multi_tail_kernel,48,1,1,512,35.401,11.206,0.401
0x85d1d1ae0,1743,124,1346,native_quantize_q8_1_kernel,24,1,1,256,10.040,23.826,0.376
0x85d1d1ae0,1743,124,1347,native_iq4_xs_direct_sg4,160,1,1,128,60.599,22.276,0.429
0x85d1d1ae0,1743,124,1348,fused_gr_norm1_kernel,1,1,1,256,25.721,17.211,0.397
0x85d1d1ae0,1743,124,1349,fused_gr_down_kernel,41,1,1,256,36.864,14.237,0.366
0x85d1d1ae0,1743,124,1350,fused_gr_up_kernel,160,1,1,256,43.446,15.780,0.376
0x85d1d1ae0,1743,124,1351,bf16_f32_mmvf_kernel,512,1,1,256,16.974,5.029,0.385
0x85d1d1ae0,1743,124,1352,route,1,1,1,256,26.279,8.801,0.390
0x85d1d1ae0,1743,124,1353,to_bf16_kernel,10,1,1,256,5.748,2.285,0.379
0x85d1d1ae0,1743,124,1354,native_quantize_q8_1_kernel,10,1,1,256,7.283,2.495,0.385
0x85d1d1ae0,1743,124,1355,native_iq4_xs_direct_r4,160,1,1,128,17.207,5.953,0.510
0x85d1d1ae0,1743,124,1356,mmvq_direct_21_r2,80,1,1,128,24.453,8.220,0.634
0x85d1d1ae0,1743,124,1357,shexp_native_swiglu_kernel,5,1,1,128,6.728,2.026,0.499
0x85d1d1ae0,1743,124,1358,native_quantize_q8_1_kernel,3,1,1,256,5.989,2.221,2.685
0x85d1d1ae0,1743,124,1359,native_iq4_nl_direct_r4,640,1,1,128,21.472,7.253,0.935
0x85d1d1ae0,1743,124,1360,bf16_f32_mmvf_kernel,1,1,1,256,9.733,7.736,354.802
0x85d1d1ae0,1743,124,1361,shexp_native_scalar_sigmoid_kernel,1,1,1,1,6.336,3.700,12.272
0x85d1d1ae0,1743,124,1362,shexp_scale_rows_kernel,20,1,1,128,4.988,2.329,4.096
0x85d1d1ae0,1743,124,1363,quantize_q8_1_kernel,10,1,1,256,7.272,2.642,21.889
0x85d1d1ae0,1743,124,1364,native_resident_gu_29,160,10,1,256,188.021,76.217,41.104
0x85d1d1ae0,1743,124,1365,swiglu_entries_kernel,25,1,1,256,6.461,2.294,3.601
0x85d1d1ae0,1743,124,1366,quantize_q8_1_kernel,25,1,1,256,6.203,2.261,0.377
0x85d1d1ae0,1743,124,1367,native_resident_down_direct_42_r4,80,10,1,256,115.852,44.808,1.016
0x85d1d1ae0,1743,124,1368,nmoe_combine_kernel,10,1,1,256,8.930,3.144,0.397
0x85d1d1ae0,1743,124,1369,fused_gr_norm1_kernel,1,1,1,256,23.349,7.817,0.379
0x85d1d1ae0,1743,124,1370,fused_gr_down_kernel,41,1,1,256,37.230,20.246,0.390
0x85d1d1ae0,1743,124,1371,fused_gr_up_kernel,160,1,1,256,42.936,14.628,2.631
0x85d1d1ae0,1743,124,1372,native_quantize_q8_1_kernel,10,1,1,256,7.110,2.401,0.375
0x85d1d1ae0,1743,124,1373,native_iq4_xs_direct_sg4,640,1,1,128,98.756,34.371,0.378
0x85d1d1ae0,1743,124,1374,gdn_conv_l2_multi_kernel,80,1,1,128,8.770,5.120,0.383
0x85d1d1ae0,1743,124,1375,gdn_ab_multi_kernel,12,1,1,256,19.626,6.665,0.387
0x85d1d1ae0,1743,124,1376,native_iq4_xs_direct_sg4,384,1,1,128,64.278,23.017,0.390
0x85d1d1ae0,1743,124,1377,gdn_step_norm_multi_tail_kernel,48,1,1,512,35.942,15.984,0.385
0x85d1d1ae0,1743,124,1378,native_quantize_q8_1_kernel,24,1,1,256,7.547,4.734,0.376
0x85d1d1ae0,1743,124,1379,native_iq4_xs_direct_sg4,160,1,1,128,59.064,21.067,0.380
0x85d1d1ae0,1743,124,1380,fused_gr_norm1_kernel,1,1,1,256,24.570,7.807,0.389
0x85d1d1ae0,1743,124,1381,fused_gr_down_kernel,41,1,1,256,36.226,20.017,0.372
0x85d1d1ae0,1743,124,1382,fused_gr_up_kernel,160,1,1,256,42.529,14.230,0.390
0x85d1d1ae0,1743,124,1383,bf16_f32_mmvf_kernel,512,1,1,256,17.842,12.089,0.383
0x85d1d1ae0,1743,124,1384,route,1,1,1,256,25.976,8.381,3.340
0x85d1d1ae0,1743,124,1385,to_bf16_kernel,10,1,1,256,4.947,2.860,0.372
0x85d1d1ae0,1743,124,1386,native_quantize_q8_1_kernel,10,1,1,256,6.951,2.320,0.373
0x85d1d1ae0,1743,124,1387,native_iq4_xs_direct_r4,160,1,1,128,17.361,5.690,0.385
0x85d1d1ae0,1743,124,1388,native_iq4_xs_direct_r4,160,1,1,128,16.038,5.640,0.376
0x85d1d1ae0,1743,124,1389,shexp_native_swiglu_kernel,5,1,1,128,6.286,2.078,0.557
0x85d1d1ae0,1743,124,1390,native_quantize_q8_1_kernel,3,1,1,256,5.939,2.099,0.591
0x85d1d1ae0,1743,124,1391,native_iq4_nl_direct_r4,640,1,1,128,20.698,6.844,0.423
0x85d1d1ae0,1743,124,1392,bf16_f32_mmvf_kernel,1,1,1,256,8.808,12.240,0.699
0x85d1d1ae0,1743,124,1393,shexp_native_scalar_sigmoid_kernel,1,1,1,1,7.064,9.732,0.567
0x85d1d1ae0,1743,124,1394,shexp_scale_rows_kernel,20,1,1,128,5.456,2.510,0.379
0x85d1d1ae0,1743,124,1395,quantize_q8_1_kernel,10,1,1,256,7.012,2.289,0.393
0x85d1d1ae0,1743,124,1396,native_resident_gu_22,160,10,1,256,206.983,82.787,1.012
0x85d1d1ae0,1743,124,1397,swiglu_entries_kernel,25,1,1,256,7.185,2.212,0.396
0x85d1d1ae0,1743,124,1398,quantize_q8_1_kernel,25,1,1,256,6.741,2.302,0.371
0x85d1d1ae0,1743,124,1399,native_resident_down_direct_42_r4,80,10,1,256,121.419,57.940,0.369
0x85d1d1ae0,1743,124,1400,nmoe_combine_kernel,10,1,1,256,10.429,15.608,0.376
0x85d1d1ae0,1743,124,1401,fused_gr_norm1_kernel,1,1,1,256,23.134,7.985,0.352
0x85d1d1ae0,1743,124,1402,fused_gr_down_kernel,41,1,1,256,36.659,26.602,0.370
0x85d1d1ae0,1743,124,1403,fused_gr_up_kernel,160,1,1,256,42.589,13.740,0.383
0x85d1d1ae0,1743,124,1404,native_quantize_q8_1_kernel,10,1,1,256,8.401,9.080,0.375
0x85d1d1ae0,1743,124,1405,bf16_f32_mmvf_kernel,128,1,1,256,9.822,4.690,0.369
0x85d1d1ae0,1743,124,1406,native_iq4_xs_direct_r4,128,1,1,128,16.647,5.418,0.370
0x85d1d1ae0,1743,124,1407,native_q6_k_mmvq_kernel_large,512,1,1,128,15.944,5.696,0.393
0x85d1d1ae0,1743,124,1408,nqs_norm_kernel,2,1,1,256,7.784,2.450,0.597
0x85d1d1ae0,1743,124,1409,native_rope_apply_kernel,1,2,1,128,13.110,3.988,0.369
0x85d1d1ae0,1743,124,1410,copy_from_mapped_kernel,1,1,1,256,6.022,1.851,0.361
0x85d1d1ae0,1743,124,1411,kv_append_kernel,2,1,1,256,15.844,4.910,0.372
0x85d1d1ae0,1743,124,1412,nqsi_append_kernel,1,1,1,256,11.891,5.093,0.573
0x85d1d1ae0,1743,124,1413,native_iq4_xs_direct_sg4,768,1,1,128,114.731,38.973,0.366
0x85d1d1ae0,1743,124,1414,runtime_copy2d16,1,24,1,128,6.333,2.168,0.391
0x85d1d1ae0,1743,124,1415,nqs_norm_kernel,24,1,1,256,7.135,2.345,0.368
0x85d1d1ae0,1743,124,1416,native_rope_apply_kernel,1,24,1,128,12.113,3.849,0.377
0x85d1d1ae0,1743,124,1417,bf16_f32_mmvf_kernel,512,1,1,256,16.008,4.144,0.370
0x85d1d1ae0,1743,124,1418,nqs_norm_kernel,4,1,1,256,6.802,2.040,0.566
0x85d1d1ae0,1743,124,1419,native_rope_apply_kernel,1,4,1,128,9.354,3.306,0.384
0x85d1d1ae0,1743,124,1420,block_scores_multi_kernel,256,1,1,256,17.900,5.838,0.373
0x85d1d1ae0,1743,124,1421,block_topk_scan_kernel,1,1,1,256,55.419,19.606,0.568
0x85d1d1ae0,1743,124,1422,attn_chunk_kernel_m0,33,2,1,256,148.146,51.067,0.349
0x85d1d1ae0,1743,124,1423,attn_merge_kernel,24,1,1,256,44.546,16.353,0.375
0x85d1d1ae0,1743,124,1424,nqs_gate_kernel,24,1,1,256,9.873,3.158,0.386
0x85d1d1ae0,1743,124,1425,native_quantize_q8_1_kernel,24,1,1,256,7.170,2.390,0.372
0x85d1d1ae0,1743,124,1426,native_iq4_xs_direct_sg4,160,1,1,128,59.825,20.252,0.386
0x85d1d1ae0,1743,124,1427,fused_gr_norm1_kernel,1,1,1,256,24.290,7.626,0.407
0x85d1d1ae0,1743,124,1428,fused_gr_down_kernel,41,1,1,256,36.203,9.092,0.389
0x85d1d1ae0,1743,124,1429,fused_gr_up_kernel,160,1,1,256,43.356,14.322,0.372
0x85d1d1ae0,1743,124,1430,bf16_f32_mmvf_kernel,512,1,1,256,18.242,10.665,0.375
0x85d1d1ae0,1743,124,1431,route,1,1,1,256,26.433,8.725,0.519
0x85d1d1ae0,1743,124,1432,to_bf16_kernel,10,1,1,256,7.062,11.786,0.635
0x85d1d1ae0,1743,124,1433,native_quantize_q8_1_kernel,10,1,1,256,7.518,4.725,0.588
0x85d1d1ae0,1743,124,1434,native_iq4_xs_direct_r4,160,1,1,128,17.964,6.534,0.640
0x85d1d1ae0,1743,124,1435,native_iq4_xs_direct_r4,160,1,1,128,16.071,5.183,0.774
0x85d1d1ae0,1743,124,1436,shexp_native_swiglu_kernel,5,1,1,128,6.421,2.219,0.729
0x85d1d1ae0,1743,124,1437,native_quantize_q8_1_kernel,3,1,1,256,6.336,1.785,1.023
0x85d1d1ae0,1743,124,1438,native_iq4_nl_direct_r4,640,1,1,128,21.408,7.293,2.764
0x85d1d1ae0,1743,124,1439,bf16_f32_mmvf_kernel,1,1,1,256,9.144,12.781,1.461
0x85d1d1ae0,1743,124,1440,shexp_native_scalar_sigmoid_kernel,1,1,1,1,7.052,5.495,362.658
0x85d1d1ae0,1743,124,1441,shexp_scale_rows_kernel,20,1,1,128,4.928,1.788,15.063
0x85d1d1ae0,1743,124,1442,quantize_q8_1_kernel,10,1,1,256,7.321,2.454,6.506
0x85d1d1ae0,1743,124,1443,native_resident_gu_22,160,10,1,256,208.914,89.568,57.892
0x85d1d1ae0,1743,124,1444,swiglu_entries_kernel,25,1,1,256,9.419,20.273,0.399
0x85d1d1ae0,1743,124,1445,quantize_q8_1_kernel,25,1,1,256,7.284,5.331,2.756
0x85d1d1ae0,1743,124,1446,native_resident_down_direct_42_r4,80,10,1,256,121.825,62.561,0.610
0x85d1d1ae0,1743,124,1447,nmoe_combine_kernel,10,1,1,256,9.079,3.103,0.395
0x85d1d1ae0,1743,124,1448,fused_gr_norm1_kernel,1,1,1,256,24.670,7.714,0.389
0x85d1d1ae0,1743,124,1449,fused_gr_down_kernel,41,1,1,256,36.548,10.866,0.979
0x85d1d1ae0,1743,124,1450,fused_gr_up_kernel,160,1,1,256,44.341,20.358,0.384
0x85d1d1ae0,1743,124,1451,native_quantize_q8_1_kernel,10,1,1,256,7.503,2.390,3.206
0x85d1d1ae0,1743,124,1452,mmvq_direct_21_r2,1280,1,1,128,150.957,59.949,0.389
0x85d1d1ae0,1743,124,1453,gdn_conv_l2_multi_kernel,80,1,1,128,8.426,2.732,0.403
0x85d1d1ae0,1743,124,1454,gdn_ab_multi_kernel,12,1,1,256,19.569,6.309,0.383
0x85d1d1ae0,1743,124,1455,native_iq4_xs_direct_sg4,384,1,1,128,66.295,22.881,0.390
0x85d1d1ae0,1743,124,1456,gdn_step_norm_multi_tail_kernel,48,1,1,512,35.443,11.685,0.390
0x85d1d1ae0,1743,124,1457,native_quantize_q8_1_kernel,24,1,1,256,8.293,10.533,0.382
0x85d1d1ae0,1743,124,1458,mmvq_direct_21_r2,320,1,1,128,85.880,32.702,0.386
0x85d1d1ae0,1743,124,1459,fused_gr_norm1_kernel,1,1,1,256,25.341,7.883,0.401
0x85d1d1ae0,1743,124,1460,fused_gr_down_kernel,41,1,1,256,36.561,10.390,0.398
0x85d1d1ae0,1743,124,1461,fused_gr_up_kernel,160,1,1,256,43.954,15.493,6.724
0x85d1d1ae0,1743,124,1462,bf16_f32_mmvf_kernel,512,1,1,256,17.305,5.415,0.390
0x85d1d1ae0,1743,124,1463,route,1,1,1,256,26.911,9.277,0.386
0x85d1d1ae0,1743,124,1464,to_bf16_kernel,10,1,1,256,6.290,15.932,3.206
0x85d1d1ae0,1743,124,1465,native_quantize_q8_1_kernel,10,1,1,256,7.263,2.654,0.388
0x85d1d1ae0,1743,124,1466,native_iq4_xs_direct_r4,160,1,1,128,17.602,6.312,1.754
0x85d1d1ae0,1743,124,1467,mmvq_direct_21_r2,80,1,1,128,24.541,8.606,0.402
0x85d1d1ae0,1743,124,1468,shexp_native_swiglu_kernel,5,1,1,128,6.794,2.323,0.392
0x85d1d1ae0,1743,124,1469,native_quantize_q8_1_kernel,3,1,1,256,6.085,2.231,0.387
0x85d1d1ae0,1743,124,1470,native_iq4_nl_direct_r4,640,1,1,128,21.660,7.655,0.652
0x85d1d1ae0,1743,124,1471,bf16_f32_mmvf_kernel,1,1,1,256,8.132,2.847,0.446
0x85d1d1ae0,1743,124,1472,shexp_native_scalar_sigmoid_kernel,1,1,1,1,7.462,13.188,0.385
0x85d1d1ae0,1743,124,1473,shexp_scale_rows_kernel,20,1,1,128,5.790,4.908,0.792
0x85d1d1ae0,1743,124,1474,quantize_q8_1_kernel,10,1,1,256,7.401,2.559,0.454
0x85d1d1ae0,1743,124,1475,native_resident_gu_22,160,10,1,256,211.980,86.030,1.225
0x85d1d1ae0,1743,124,1476,swiglu_entries_kernel,25,1,1,256,7.838,5.036,0.416
0x85d1d1ae0,1743,124,1477,quantize_q8_1_kernel,25,1,1,256,7.028,2.436,0.382
0x85d1d1ae0,1743,124,1478,native_resident_down_direct_42_r4,80,10,1,256,118.637,46.321,0.391
0x85d1d1ae0,1743,124,1479,nmoe_combine_kernel,10,1,1,256,9.603,3.392,0.403
0x85d1d1ae0,1743,124,1480,fused_gr_norm1_kernel,1,1,1,256,24.352,8.057,0.398
0x85d1d1ae0,1743,124,1481,fused_gr_down_kernel,41,1,1,256,37.635,13.287,0.387
0x85d1d1ae0,1743,124,1482,fused_gr_up_kernel,160,1,1,256,44.391,16.739,0.371
0x85d1d1ae0,1743,124,1483,native_quantize_q8_1_kernel,10,1,1,256,8.441,9.243,0.388
0x85d1d1ae0,1743,124,1484,native_iq4_xs_direct_sg4,640,1,1,128,100.247,37.493,0.382
0x85d1d1ae0,1743,124,1485,gdn_conv_l2_multi_kernel,80,1,1,128,10.674,17.847,0.412
0x85d1d1ae0,1743,124,1486,gdn_ab_multi_kernel,12,1,1,256,19.829,6.907,0.387
0x85d1d1ae0,1743,124,1487,native_iq4_xs_direct_sg4,384,1,1,128,66.539,24.800,0.402
0x85d1d1ae0,1743,124,1488,gdn_step_norm_multi_tail_kernel,48,1,1,512,36.207,12.342,0.431
0x85d1d1ae0,1743,124,1489,native_quantize_q8_1_kernel,24,1,1,256,7.699,2.602,0.391
0x85d1d1ae0,1743,124,1490,mmvq_direct_21_r2,320,1,1,128,87.548,34.697,0.380
0x85d1d1ae0,1743,124,1491,fused_gr_norm1_kernel,1,1,1,256,25.808,9.168,0.396
0x85d1d1ae0,1743,124,1492,fused_gr_down_kernel,41,1,1,256,35.857,10.308,0.442
0x85d1d1ae0,1743,124,1493,fused_gr_up_kernel,160,1,1,256,43.875,15.019,0.365
0x85d1d1ae0,1743,124,1494,bf16_f32_mmvf_kernel,512,1,1,256,16.865,4.583,0.373
0x85d1d1ae0,1743,124,1495,route,1,1,1,256,26.459,9.040,0.374
0x85d1d1ae0,1743,124,1496,to_bf16_kernel,10,1,1,256,5.571,1.916,0.391
0x85d1d1ae0,1743,124,1497,native_quantize_q8_1_kernel,10,1,1,256,7.107,2.445,0.375
0x85d1d1ae0,1743,124,1498,native_iq4_xs_direct_r4,160,1,1,128,17.409,6.246,0.415
0x85d1d1ae0,1743,124,1499,native_q6_k_mmvq_kernel_large,640,1,1,128,18.917,7.269,0.624
0x85d1d1ae0,1743,124,1500,shexp_native_swiglu_kernel,5,1,1,128,6.750,2.175,0.389
0x85d1d1ae0,1743,124,1501,native_quantize_q8_1_kernel,3,1,1,256,6.102,2.236,0.517
0x85d1d1ae0,1743,124,1502,native_iq4_nl_direct_r4,640,1,1,128,21.202,7.299,0.641
0x85d1d1ae0,1743,124,1503,bf16_f32_mmvf_kernel,1,1,1,256,8.017,2.793,0.769
0x85d1d1ae0,1743,124,1504,shexp_native_scalar_sigmoid_kernel,1,1,1,1,6.216,2.130,0.394
0x85d1d1ae0,1743,124,1505,shexp_scale_rows_kernel,20,1,1,128,7.186,10.202,0.865
0x85d1d1ae0,1743,124,1506,quantize_q8_1_kernel,10,1,1,256,7.299,2.501,0.377
0x85d1d1ae0,1743,124,1507,native_resident_gu_22,160,10,1,256,212.669,91.538,0.966
0x85d1d1ae0,1743,124,1508,swiglu_entries_kernel,25,1,1,256,8.931,15.433,0.412
0x85d1d1ae0,1743,124,1509,quantize_q8_1_kernel,25,1,1,256,7.104,5.197,0.377
0x85d1d1ae0,1743,124,1510,native_resident_down_direct_42_r4,80,10,1,256,118.224,46.812,0.369
0x85d1d1ae0,1743,124,1511,nmoe_combine_kernel,10,1,1,256,8.805,3.164,0.376
0x85d1d1ae0,1743,124,1512,fused_gr_norm1_kernel,1,1,1,256,23.860,8.189,0.373
0x85d1d1ae0,1743,124,1513,fused_gr_down_kernel,41,1,1,256,36.884,9.879,0.388
0x85d1d1ae0,1743,124,1514,fused_gr_up_kernel,160,1,1,256,43.237,14.754,0.384
0x85d1d1ae0,1743,124,1515,native_quantize_q8_1_kernel,10,1,1,256,7.335,2.372,0.387
0x85d1d1ae0,1743,124,1516,native_iq4_xs_direct_sg4,640,1,1,128,97.601,35.041,0.391
0x85d1d1ae0,1743,124,1517,gdn_conv_l2_multi_kernel,80,1,1,128,8.974,2.573,0.412
0x85d1d1ae0,1743,124,1518,gdn_ab_multi_kernel,12,1,1,256,19.541,6.660,2.016
0x85d1d1ae0,1743,124,1519,native_iq4_xs_direct_sg4,384,1,1,128,65.160,23.245,0.769
0x85d1d1ae0,1743,124,1520,gdn_step_norm_multi_tail_kernel,48,1,1,512,37.665,20.147,360.090
0x85d1d1ae0,1743,124,1521,native_quantize_q8_1_kernel,24,1,1,256,7.762,6.874,13.290
0x85d1d1ae0,1743,124,1522,native_iq4_xs_direct_sg4,160,1,1,128,63.292,29.764,12.507
0x85d1d1ae0,1743,124,1523,fused_gr_norm1_kernel,1,1,1,256,24.800,8.631,0.367
0x85d1d1ae0,1743,124,1524,fused_gr_down_kernel,41,1,1,256,35.902,10.690,0.396
0x85d1d1ae0,1743,124,1525,fused_gr_up_kernel,160,1,1,256,42.639,15.141,6.832
0x85d1d1ae0,1743,124,1526,bf16_f32_mmvf_kernel,512,1,1,256,16.818,5.085,2.326
0x85d1d1ae0,1743,124,1527,route,1,1,1,256,27.738,19.604,0.963
0x85d1d1ae0,1743,124,1528,to_bf16_kernel,10,1,1,256,4.802,3.702,0.449
0x85d1d1ae0,1743,124,1529,native_quantize_q8_1_kernel,10,1,1,256,7.126,2.584,0.667
0x85d1d1ae0,1743,124,1530,native_q6_k_mmvq_kernel_large,640,1,1,128,18.518,7.217,1.873
0x85d1d1ae0,1743,124,1531,native_iq4_xs_direct_r4,160,1,1,128,19.057,26.430,3.451
0x85d1d1ae0,1743,124,1532,shexp_native_swiglu_kernel,5,1,1,128,6.389,2.293,0.555
0x85d1d1ae0,1743,124,1533,native_quantize_q8_1_kernel,3,1,1,256,5.973,2.284,1.354
0x85d1d1ae0,1743,124,1534,native_iq4_nl_direct_r4,640,1,1,128,20.823,7.214,2.403
0x85d1d1ae0,1743,124,1535,bf16_f32_mmvf_kernel,1,1,1,256,7.831,2.690,0.577
0x85d1d1ae0,1743,124,1536,shexp_native_scalar_sigmoid_kernel,1,1,1,1,5.941,2.046,2.305
0x85d1d1ae0,1743,124,1537,shexp_scale_rows_kernel,20,1,1,128,4.972,1.775,5.444
0x85d1d1ae0,1743,124,1538,quantize_q8_1_kernel,10,1,1,256,7.422,5.073,7.141
0x85d1d1ae0,1743,124,1539,native_resident_gu_22,160,10,1,256,207.120,86.980,7.224
0x85d1d1ae0,1743,124,1540,swiglu_entries_kernel,25,1,1,256,6.585,2.435,0.401
0x85d1d1ae0,1743,124,1541,quantize_q8_1_kernel,25,1,1,256,7.670,11.746,3.171
0x85d1d1ae0,1743,124,1542,native_resident_down_direct_42_r4,80,10,1,256,121.055,55.519,0.385
0x85d1d1ae0,1743,124,1543,nmoe_combine_kernel,10,1,1,256,9.915,10.222,6.113
0x85d1d1ae0,1743,124,1544,fused_gr_norm1_kernel,1,1,1,256,25.626,18.971,3.754
0x85d1d1ae0,1743,124,1545,fused_gr_down_kernel,41,1,1,256,37.936,19.832,0.716
0x85d1d1ae0,1743,124,1546,fused_gr_up_kernel,160,1,1,256,42.615,15.560,0.390
0x85d1d1ae0,1743,124,1547,native_quantize_q8_1_kernel,10,1,1,256,10.028,19.710,2.578
0x85d1d1ae0,1743,124,1548,bf16_f32_mmvf_kernel,128,1,1,256,11.008,8.858,2.011
0x85d1d1ae0,1743,124,1549,native_iq4_xs_direct_r4,128,1,1,128,16.718,5.999,3.978
0x85d1d1ae0,1743,124,1550,native_iq4_xs_direct_r4,128,1,1,128,15.291,5.755,0.780
0x85d1d1ae0,1743,124,1551,nqs_norm_kernel,2,1,1,256,7.681,2.581,2.782
0x85d1d1ae0,1743,124,1552,native_rope_apply_kernel,1,2,1,128,13.311,4.300,0.755
0x85d1d1ae0,1743,124,1553,copy_from_mapped_kernel,1,1,1,256,6.390,3.935,0.608
0x85d1d1ae0,1743,124,1554,kv_append_kernel,2,1,1,256,15.679,5.266,0.699
0x85d1d1ae0,1743,124,1555,nqsi_append_kernel,1,1,1,256,12.021,5.339,0.422
0x85d1d1ae0,1743,124,1556,native_iq4_xs_direct_sg4,768,1,1,128,118.362,48.242,19.633
0x85d1d1ae0,1743,124,1557,runtime_copy2d16,1,24,1,128,6.418,6.685,0.428
0x85d1d1ae0,1743,124,1558,nqs_norm_kernel,24,1,1,256,7.511,3.371,0.380
0x85d1d1ae0,1743,124,1559,native_rope_apply_kernel,1,24,1,128,12.538,4.124,0.374
0x85d1d1ae0,1743,124,1560,bf16_f32_mmvf_kernel,512,1,1,256,16.854,6.103,21.086
0x85d1d1ae0,1743,124,1561,nqs_norm_kernel,4,1,1,256,6.658,2.244,0.705
0x85d1d1ae0,1743,124,1562,native_rope_apply_kernel,1,4,1,128,9.492,3.497,0.372
0x85d1d1ae0,1743,124,1563,block_scores_multi_kernel,256,1,1,256,19.668,19.423,0.373
0x85d1d1ae0,1743,124,1564,block_topk_scan_kernel,1,1,1,256,56.264,20.921,0.380
0x85d1d1ae0,1743,124,1565,attn_chunk_kernel_m0,33,2,1,256,150.954,57.558,1.221
0x85d1d1ae0,1743,124,1566,attn_merge_kernel,24,1,1,256,44.377,16.258,0.385
0x85d1d1ae0,1743,124,1567,nqs_gate_kernel,24,1,1,256,11.096,16.773,0.395
0x85d1d1ae0,1743,124,1568,native_quantize_q8_1_kernel,24,1,1,256,8.214,9.167,0.405
0x85d1d1ae0,1743,124,1569,native_iq4_xs_direct_sg4,160,1,1,128,61.771,22.692,0.393
0x85d1d1ae0,1743,124,1570,fused_gr_norm1_kernel,1,1,1,256,26.166,18.717,0.396
0x85d1d1ae0,1743,124,1571,fused_gr_down_kernel,41,1,1,256,39.397,17.754,0.746
0x85d1d1ae0,1743,124,1572,fused_gr_up_kernel,160,1,1,256,44.066,16.643,0.400
0x85d1d1ae0,1743,124,1573,bf16_f32_mmvf_kernel,512,1,1,256,17.324,6.080,0.741
0x85d1d1ae0,1743,124,1574,route,1,1,1,256,26.466,8.824,0.380
0x85d1d1ae0,1743,124,1575,to_bf16_kernel,10,1,1,256,5.320,1.936,0.379
0x85d1d1ae0,1743,124,1576,native_quantize_q8_1_kernel,10,1,1,256,7.531,2.562,0.598
0x85d1d1ae0,1743,124,1577,mmvq_direct_21_r2,80,1,1,128,24.418,8.487,0.392
0x85d1d1ae0,1743,124,1578,native_iq4_xs_direct_r4,160,1,1,128,17.561,5.935,0.498
0x85d1d1ae0,1743,124,1579,shexp_native_swiglu_kernel,5,1,1,128,6.414,2.106,0.530
0x85d1d1ae0,1743,124,1580,native_quantize_q8_1_kernel,3,1,1,256,6.233,2.166,0.382
0x85d1d1ae0,1743,124,1581,native_iq4_nl_direct_r4,640,1,1,128,21.367,7.121,0.657
0x85d1d1ae0,1743,124,1582,bf16_f32_mmvf_kernel,1,1,1,256,8.037,2.719,0.375
0x85d1d1ae0,1743,124,1583,shexp_native_scalar_sigmoid_kernel,1,1,1,1,6.621,6.835,0.430
0x85d1d1ae0,1743,124,1584,shexp_scale_rows_kernel,20,1,1,128,5.594,2.265,0.655
0x85d1d1ae0,1743,124,1585,quantize_q8_1_kernel,10,1,1,256,7.229,2.471,0.713
0x85d1d1ae0,1743,124,1586,native_resident_gu_22,160,10,1,256,213.375,99.323,0.614
0x85d1d1ae0,1743,124,1587,swiglu_entries_kernel,25,1,1,256,9.416,14.149,0.413
0x85d1d1ae0,1743,124,1588,quantize_q8_1_kernel,25,1,1,256,7.323,6.452,0.389
0x85d1d1ae0,1743,124,1589,native_resident_down_direct_42_r4,80,10,1,256,120.156,53.285,0.374
0x85d1d1ae0,1743,124,1590,nmoe_combine_kernel,10,1,1,256,9.646,3.393,0.390
0x85d1d1ae0,1743,124,1591,fused_gr_norm1_kernel,1,1,1,256,24.291,8.192,0.376
0x85d1d1ae0,1743,124,1592,fused_gr_down_kernel,41,1,1,256,37.404,12.730,0.393
0x85d1d1ae0,1743,124,1593,fused_gr_up_kernel,160,1,1,256,44.104,18.356,0.392
0x85d1d1ae0,1743,124,1594,native_quantize_q8_1_kernel,10,1,1,256,7.416,2.429,0.388
0x85d1d1ae0,1743,124,1595,native_iq4_xs_direct_sg4,640,1,1,128,99.441,35.243,0.366
0x85d1d1ae0,1743,124,1596,gdn_conv_l2_multi_kernel,80,1,1,128,9.909,10.108,0.440
0x85d1d1ae0,1743,124,1597,gdn_ab_multi_kernel,12,1,1,256,20.063,9.959,0.673
0x85d1d1ae0,1743,124,1598,native_iq4_xs_direct_sg4,384,1,1,128,65.546,23.530,0.550
0x85d1d1ae0,1743,124,1599,gdn_step_norm_multi_tail_kernel,48,1,1,512,37.346,21.449,0.424
0x85d1d1ae0,1743,124,1600,native_quantize_q8_1_kernel,24,1,1,256,8.143,5.303,344.785
0x85d1d1ae0,1743,124,1601,native_iq4_xs_direct_sg4,160,1,1,128,59.421,21.907,17.349
0x85d1d1ae0,1743,124,1602,fused_gr_norm1_kernel,1,1,1,256,23.685,8.018,1.214
0x85d1d1ae0,1743,124,1603,fused_gr_down_kernel,41,1,1,256,36.946,12.039,1.465
0x85d1d1ae0,1743,124,1604,fused_gr_up_kernel,160,1,1,256,42.502,14.862,17.255
0x85d1d1ae0,1743,124,1605,bf16_f32_mmvf_kernel,512,1,1,256,16.815,6.503,7.173
0x85d1d1ae0,1743,124,1606,route,1,1,1,256,26.195,8.804,0.621
0x85d1d1ae0,1743,124,1607,to_bf16_kernel,10,1,1,256,4.609,1.775,0.396
0x85d1d1ae0,1743,124,1608,native_quantize_q8_1_kernel,10,1,1,256,7.315,2.472,0.604
0x85d1d1ae0,1743,124,1609,native_q6_k_mmvq_kernel_large,640,1,1,128,18.439,6.929,11.472
0x85d1d1ae0,1743,124,1610,native_iq4_xs_direct_r4,160,1,1,128,17.005,5.809,8.558
0x85d1d1ae0,1743,124,1611,shexp_native_swiglu_kernel,5,1,1,128,6.370,2.170,2.818
0x85d1d1ae0,1743,124,1612,native_quantize_q8_1_kernel,3,1,1,256,5.912,2.113,1.496
0x85d1d1ae0,1743,124,1613,native_iq4_nl_direct_r4,640,1,1,128,21.087,7.026,4.372
0x85d1d1ae0,1743,124,1614,bf16_f32_mmvf_kernel,1,1,1,256,7.903,2.628,2.667
0x85d1d1ae0,1743,124,1615,shexp_native_scalar_sigmoid_kernel,1,1,1,1,6.022,1.972,2.367
0x85d1d1ae0,1743,124,1616,shexp_scale_rows_kernel,20,1,1,128,4.926,1.770,3.998
0x85d1d1ae0,1743,124,1617,quantize_q8_1_kernel,10,1,1,256,7.108,2.362,4.357
0x85d1d1ae0,1743,124,1618,native_resident_gu_22,160,10,1,256,207.828,84.899,7.411
0x85d1d1ae0,1743,124,1619,swiglu_entries_kernel,25,1,1,256,6.755,3.824,0.380
0x85d1d1ae0,1743,124,1620,quantize_q8_1_kernel,25,1,1,256,6.870,2.540,0.905
0x85d1d1ae0,1743,124,1621,native_resident_down_direct_42_r4,80,10,1,256,120.356,54.624,3.969
0x85d1d1ae0,1743,124,1622,nmoe_combine_kernel,10,1,1,256,9.029,3.128,0.381
0x85d1d1ae0,1743,124,1623,fused_gr_norm1_kernel,1,1,1,256,23.807,7.993,2.207
0x85d1d1ae0,1743,124,1624,fused_gr_down_kernel,41,1,1,256,35.245,10.017,3.300
0x85d1d1ae0,1743,124,1625,fused_gr_up_kernel,160,1,1,256,42.991,14.813,0.988
0x85d1d1ae0,1743,124,1626,native_quantize_q8_1_kernel,10,1,1,256,7.488,2.505,0.886
0x85d1d1ae0,1743,124,1627,native_iq4_xs_direct_sg4,640,1,1,128,99.606,40.497,3.805
0x85d1d1ae0,1743,124,1628,gdn_conv_l2_multi_kernel,80,1,1,128,8.456,2.991,0.422
0x85d1d1ae0,1743,124,1629,gdn_ab_multi_kernel,12,1,1,256,21.575,18.833,5.661
0x85d1d1ae0,1743,124,1630,native_q6_k_mmvq_kernel_large,6144,1,1,128,114.381,46.279,0.377
0x85d1d1ae0,1743,124,1631,gdn_step_norm_multi_tail_kernel,48,1,1,512,35.588,12.169,0.382
0x85d1d1ae0,1743,124,1632,native_quantize_q8_1_kernel,24,1,1,256,7.879,2.872,0.382
0x85d1d1ae0,1743,124,1633,native_iq4_xs_direct_sg4,160,1,1,128,60.945,21.648,0.378
0x85d1d1ae0,1743,124,1634,fused_gr_norm1_kernel,1,1,1,256,24.654,7.934,0.386
0x85d1d1ae0,1743,124,1635,fused_gr_down_kernel,41,1,1,256,35.526,9.606,0.376
0x85d1d1ae0,1743,124,1636,fused_gr_up_kernel,160,1,1,256,42.638,14.640,4.032
0x85d1d1ae0,1743,124,1637,bf16_f32_mmvf_kernel,512,1,1,256,16.540,4.718,0.397
0x85d1d1ae0,1743,124,1638,route,1,1,1,256,26.214,8.864,0.467
0x85d1d1ae0,1743,124,1639,to_bf16_kernel,10,1,1,256,5.046,1.858,0.465
0x85d1d1ae0,1743,124,1640,native_quantize_q8_1_kernel,10,1,1,256,6.977,2.338,4.774
0x85d1d1ae0,1743,124,1641,native_iq4_xs_direct_r4,160,1,1,128,17.267,5.950,0.664
0x85d1d1ae0,1743,124,1642,mmvq_direct_21_r2,80,1,1,128,24.168,8.140,0.464
0x85d1d1ae0,1743,124,1643,shexp_native_swiglu_kernel,5,1,1,128,6.553,2.098,0.442
0x85d1d1ae0,1743,124,1644,native_quantize_q8_1_kernel,3,1,1,256,5.941,2.066,0.442
0x85d1d1ae0,1743,124,1645,native_iq4_nl_direct_r4,640,1,1,128,22.862,20.405,0.958
0x85d1d1ae0,1743,124,1646,bf16_f32_mmvf_kernel,1,1,1,256,8.316,5.813,0.388
0x85d1d1ae0,1743,124,1647,shexp_native_scalar_sigmoid_kernel,1,1,1,1,6.058,2.029,0.374
0x85d1d1ae0,1743,124,1648,shexp_scale_rows_kernel,20,1,1,128,5.231,2.108,0.480
0x85d1d1ae0,1743,124,1649,quantize_q8_1_kernel,10,1,1,256,7.132,2.570,0.372
0x85d1d1ae0,1743,124,1650,native_resident_gu_22,160,10,1,256,208.577,94.209,0.612
0x85d1d1ae0,1743,124,1651,swiglu_entries_kernel,25,1,1,256,9.578,25.729,0.399
0x85d1d1ae0,1743,124,1652,quantize_q8_1_kernel,25,1,1,256,6.837,3.108,0.384
0x85d1d1ae0,1743,124,1653,native_resident_down_direct_42_r4,80,10,1,256,116.249,45.099,0.684
0x85d1d1ae0,1743,124,1654,nmoe_combine_kernel,10,1,1,256,8.845,3.084,0.381
0x85d1d1ae0,1743,124,1655,fused_gr_norm1_kernel,1,1,1,256,24.690,8.310,0.372
0x85d1d1ae0,1743,124,1656,fused_gr_down_kernel,41,1,1,256,34.524,9.474,0.390
0x85d1d1ae0,1743,124,1657,fused_gr_up_kernel,160,1,1,256,42.445,14.337,0.396
0x85d1d1ae0,1743,124,1658,native_quantize_q8_1_kernel,10,1,1,256,7.299,2.422,0.367
0x85d1d1ae0,1743,124,1659,native_iq4_xs_direct_sg4,640,1,1,128,98.342,35.077,0.355
0x85d1d1ae0,1743,124,1660,gdn_conv_l2_multi_kernel,80,1,1,128,10.894,19.645,0.404
0x85d1d1ae0,1743,124,1661,gdn_ab_multi_kernel,12,1,1,256,19.705,8.899,0.364
0x85d1d1ae0,1743,124,1662,native_iq4_xs_direct_sg4,384,1,1,128,64.424,23.652,0.371
0x85d1d1ae0,1743,124,1663,gdn_step_norm_multi_tail_kernel,48,1,1,512,35.945,19.773,0.390
0x85d1d1ae0,1743,124,1664,native_quantize_q8_1_kernel,24,1,1,256,7.732,2.315,0.372
0x85d1d1ae0,1743,124,1665,native_iq4_xs_direct_sg4,160,1,1,128,58.737,20.544,0.373
0x85d1d1ae0,1743,124,1666,fused_gr_norm1_kernel,1,1,1,256,23.035,7.530,0.374
0x85d1d1ae0,1743,124,1667,fused_gr_down_kernel,41,1,1,256,35.622,8.517,0.369
0x85d1d1ae0,1743,124,1668,fused_gr_up_kernel,160,1,1,256,43.438,16.331,0.383
0x85d1d1ae0,1743,124,1669,bf16_f32_mmvf_kernel,512,1,1,256,16.702,4.220,0.393
0x85d1d1ae0,1743,124,1670,route,1,1,1,256,26.011,8.516,0.435
0x85d1d1ae0,1743,124,1671,to_bf16_kernel,10,1,1,256,5.791,1.959,0.481
0x85d1d1ae0,1743,124,1672,native_quantize_q8_1_kernel,10,1,1,256,6.855,2.159,0.382
0x85d1d1ae0,1743,124,1673,native_iq4_xs_direct_r4,160,1,1,128,17.398,5.637,0.607
0x85d1d1ae0,1743,124,1674,native_iq4_xs_direct_r4,160,1,1,128,16.392,5.006,0.434
0x85d1d1ae0,1743,124,1675,shexp_native_swiglu_kernel,5,1,1,128,7.113,9.118,0.526
0x85d1d1ae0,1743,124,1676,native_quantize_q8_1_kernel,3,1,1,256,6.713,6.089,0.371
0x85d1d1ae0,1743,124,1677,native_iq4_nl_direct_r4,640,1,1,128,20.904,6.904,0.651
0x85d1d1ae0,1743,124,1678,bf16_f32_mmvf_kernel,1,1,1,256,7.651,2.364,0.460
0x85d1d1ae0,1743,124,1679,shexp_native_scalar_sigmoid_kernel,1,1,1,1,5.942,1.849,0.413
0x85d1d1ae0,1743,124,1680,shexp_scale_rows_kernel,20,1,1,128,6.024,5.736,309.024
0x85d1d1ae0,1743,124,1681,quantize_q8_1_kernel,10,1,1,256,7.301,3.719,18.874
0x85d1d1ae0,1743,124,1682,native_resident_gu_22,160,10,1,256,201.760,79.484,39.706
0x85d1d1ae0,1743,124,1683,swiglu_entries_kernel,25,1,1,256,8.488,19.820,0.678
0x85d1d1ae0,1743,124,1684,quantize_q8_1_kernel,25,1,1,256,6.585,2.462,4.218
0x85d1d1ae0,1743,124,1685,native_resident_down_direct_42_r4,80,10,1,256,115.513,43.829,3.591
0x85d1d1ae0,1743,124,1686,nmoe_combine_kernel,10,1,1,256,9.450,5.053,0.356
0x85d1d1ae0,1743,124,1687,fused_gr_norm1_kernel,1,1,1,256,23.586,7.195,0.348
0x85d1d1ae0,1743,124,1688,fused_gr_down_kernel,41,1,1,256,34.908,9.037,0.358
0x85d1d1ae0,1743,124,1689,fused_gr_up_kernel,160,1,1,256,42.077,13.593,2.352
0x85d1d1ae0,1743,124,1690,native_quantize_q8_1_kernel,10,1,1,256,6.996,2.228,3.614
0x85d1d1ae0,1743,124,1691,bf16_f32_mmvf_kernel,128,1,1,256,9.417,2.886,3.800
0x85d1d1ae0,1743,124,1692,native_q6_k_mmvq_kernel_large,512,1,1,128,16.222,5.504,0.703
0x85d1d1ae0,1743,124,1693,native_q6_k_mmvq_kernel_large,512,1,1,128,15.763,5.623,1.006
0x85d1d1ae0,1743,124,1694,nqs_norm_kernel,2,1,1,256,7.518,2.399,0.554
0x85d1d1ae0,1743,124,1695,native_rope_apply_kernel,1,2,1,128,13.487,5.688,3.501
0x85d1d1ae0,1743,124,1696,copy_from_mapped_kernel,1,1,1,256,5.589,1.793,0.603
0x85d1d1ae0,1743,124,1697,kv_append_kernel,2,1,1,256,15.357,4.740,1.404
0x85d1d1ae0,1743,124,1698,nqsi_append_kernel,1,1,1,256,12.050,5.923,1.341
0x85d1d1ae0,1743,124,1699,native_iq4_xs_direct_sg4,768,1,1,128,116.180,45.994,0.475
0x85d1d1ae0,1743,124,1700,runtime_copy2d16,1,24,1,128,5.360,2.193,0.405
0x85d1d1ae0,1743,124,1701,nqs_norm_kernel,24,1,1,256,7.012,2.451,2.555
0x85d1d1ae0,1743,124,1702,native_rope_apply_kernel,1,24,1,128,11.812,3.940,0.380
0x85d1d1ae0,1743,124,1703,bf16_f32_mmvf_kernel,512,1,1,256,16.265,4.602,3.153
0x85d1d1ae0,1743,124,1704,nqs_norm_kernel,4,1,1,256,6.626,2.269,3.126
0x85d1d1ae0,1743,124,1705,native_rope_apply_kernel,1,4,1,128,9.401,3.502,0.705
0x85d1d1ae0,1743,124,1706,block_scores_multi_kernel,256,1,1,256,20.329,27.074,0.373
0x85d1d1ae0,1743,124,1707,block_topk_scan_kernel,1,1,1,256,55.835,20.473,3.961
0x85d1d1ae0,1743,124,1708,attn_chunk_kernel_m0,33,2,1,256,148.264,53.896,0.377
0x85d1d1ae0,1743,124,1709,attn_merge_kernel,24,1,1,256,44.940,18.423,6.595
0x85d1d1ae0,1743,124,1710,nqs_gate_kernel,24,1,1,256,9.769,3.310,0.371
0x85d1d1ae0,1743,124,1711,native_quantize_q8_1_kernel,24,1,1,256,7.995,10.063,0.378
0x85d1d1ae0,1743,124,1712,native_iq4_xs_direct_sg4,160,1,1,128,62.273,21.705,0.381
0x85d1d1ae0,1743,124,1713,fused_gr_norm1_kernel,1,1,1,256,25.468,8.499,0.393
0x85d1d1ae0,1743,124,1714,fused_gr_down_kernel,41,1,1,256,39.882,23.571,0.381
0x85d1d1ae0,1743,124,1715,fused_gr_up_kernel,160,1,1,256,44.836,17.508,0.380
0x85d1d1ae0,1743,124,1716,bf16_f32_mmvf_kernel,512,1,1,256,18.031,7.073,3.387
0x85d1d1ae0,1743,124,1717,route,1,1,1,256,27.892,15.124,0.394
0x85d1d1ae0,1743,124,1718,to_bf16_kernel,10,1,1,256,5.556,2.973,0.385
0x85d1d1ae0,1743,124,1719,native_quantize_q8_1_kernel,10,1,1,256,7.137,2.414,0.391
0x85d1d1ae0,1743,124,1720,native_iq4_xs_direct_r4,160,1,1,128,17.309,5.998,5.450
0x85d1d1ae0,1743,124,1721,native_iq4_xs_direct_r4,160,1,1,128,15.846,5.541,0.902
0x85d1d1ae0,1743,124,1722,shexp_native_swiglu_kernel,5,1,1,128,6.595,1.987,0.438
0x85d1d1ae0,1743,124,1723,native_quantize_q8_1_kernel,3,1,1,256,6.026,2.098,0.455
0x85d1d1ae0,1743,124,1724,native_iq4_nl_direct_r4,640,1,1,128,21.533,7.321,0.678
0x85d1d1ae0,1743,124,1725,bf16_f32_mmvf_kernel,1,1,1,256,7.998,2.720,0.434
0x85d1d1ae0,1743,124,1726,shexp_native_scalar_sigmoid_kernel,1,1,1,1,6.585,6.365,0.430
0x85d1d1ae0,1743,124,1727,shexp_scale_rows_kernel,20,1,1,128,6.061,2.568,1.004
0x85d1d1ae0,1743,124,1728,quantize_q8_1_kernel,10,1,1,256,7.163,2.370,0.700
0x85d1d1ae0,1743,124,1729,native_resident_gu_22,160,10,1,256,209.214,91.308,0.641
0x85d1d1ae0,1743,124,1730,swiglu_entries_kernel,25,1,1,256,9.244,11.699,0.381
0x85d1d1ae0,1743,124,1731,quantize_q8_1_kernel,25,1,1,256,7.220,4.097,0.367
0x85d1d1ae0,1743,124,1732,native_resident_down_direct_42_r4,80,10,1,256,117.986,46.337,0.384
0x85d1d1ae0,1743,124,1733,nmoe_combine_kernel,10,1,1,256,9.285,4.353,0.408
0x85d1d1ae0,1743,124,1734,native_gr_post_kernel,40,1,1,256,9.326,3.179,0.389
0x85d1d1ae0,1743,124,1735,weighted_rms_norm,4,1,1,1024,10.067,3.497,0.375
0x85d1d1ae0,1743,124,1736,bf16_f32_mmvf_kernel,320,1,1,256,32.080,9.073,0.385
0x85d1d1ae0,1743,124,1737,native_gr_down_silu_kernel,2,1,1,256,7.336,10.882,0.401
0x85d1d1ae0,1743,124,1738,bf16_f32_mmvf_kernel,10240,1,1,160,79.678,24.883,0.750
0x85d1d1ae0,1743,124,1739,native_gr_pre_gated_kernel,10,1,1,256,11.168,3.680,0.381
0x85d1d1ae0,1743,124,1740,native_quantize_q8_1_kernel,10,1,1,256,7.159,2.508,0.368
0x85d1d1ae0,1743,124,1741,native_iq4_xs_direct_sg4,15520,1,1,128,1897.503,677.225,0.391
0x85d1d1ae0,1743,124,1742,sampler_greedy_kernel,1,1,1,1024,175.627,62.630,0.652
