tape,entries,launches,entry,kernel,grid_x,grid_y,grid_z,threads,mean_us,sd_us,gap_us
0x8695b8da0,98,112,0,copy_i32_from_mapped_kernel,1,1,1,128,6.740,2.846,0.000
0x8695b8da0,98,112,1,gdn_conv_commit_kernel,40,1,1,256,8.477,3.227,3.085
0x8695b8da0,98,112,2,gdn_conv_commit_kernel,40,1,1,256,7.945,3.008,50.077
0x8695b8da0,98,112,3,gdn_conv_commit_kernel,40,1,1,256,7.685,3.015,5.032
0x8695b8da0,98,112,4,copy_from_mapped_kernel,1,1,1,256,5.548,2.087,2.175
0x8695b8da0,98,112,5,nqsi_append_kernel,1,1,1,256,13.117,6.444,3.524
0x8695b8da0,98,112,6,nqsi_append_kernel,1,1,1,256,6.465,2.507,2.430
0x8695b8da0,98,112,7,nqsi_append_kernel,1,1,1,256,6.309,2.317,2.944
0x8695b8da0,98,112,8,nqsi_append_kernel,1,1,1,256,6.343,2.347,4.501
0x8695b8da0,98,112,9,gdn_conv_commit_kernel,40,1,1,256,7.501,2.835,13.856
0x8695b8da0,98,112,10,gdn_conv_commit_kernel,40,1,1,256,7.325,2.720,13.782
0x8695b8da0,98,112,11,gdn_conv_commit_kernel,40,1,1,256,7.343,2.685,13.514
0x8695b8da0,98,112,12,copy_from_mapped_kernel,1,1,1,256,5.134,1.955,1.945
0x8695b8da0,98,112,13,nqsi_append_kernel,1,1,1,256,9.320,4.867,4.183
0x8695b8da0,98,112,14,nqsi_append_kernel,1,1,1,256,6.261,2.290,1.140
0x8695b8da0,98,112,15,nqsi_append_kernel,1,1,1,256,6.393,2.906,10.673
0x8695b8da0,98,112,16,nqsi_append_kernel,1,1,1,256,7.624,15.324,6.659
0x8695b8da0,98,112,17,gdn_conv_commit_kernel,40,1,1,256,7.409,2.933,11.061
0x8695b8da0,98,112,18,gdn_conv_commit_kernel,40,1,1,256,7.500,4.181,11.276
0x8695b8da0,98,112,19,gdn_conv_commit_kernel,40,1,1,256,8.241,11.253,10.575
0x8695b8da0,98,112,20,copy_from_mapped_kernel,1,1,1,256,5.459,4.185,32.771
0x8695b8da0,98,112,21,nqsi_append_kernel,1,1,1,256,9.262,4.946,5.285
0x8695b8da0,98,112,22,nqsi_append_kernel,1,1,1,256,6.295,2.399,3.025
0x8695b8da0,98,112,23,nqsi_append_kernel,1,1,1,256,6.332,2.713,1.946
0x8695b8da0,98,112,24,nqsi_append_kernel,1,1,1,256,6.576,3.671,3.913
0x8695b8da0,98,112,25,gdn_conv_commit_kernel,40,1,1,256,7.677,4.811,8.227
0x8695b8da0,98,112,26,gdn_conv_commit_kernel,40,1,1,256,7.594,4.682,13.686
0x8695b8da0,98,112,27,gdn_conv_commit_kernel,40,1,1,256,7.429,3.457,9.709
0x8695b8da0,98,112,28,copy_from_mapped_kernel,1,1,1,256,5.165,1.947,5.225
0x8695b8da0,98,112,29,nqsi_append_kernel,1,1,1,256,9.203,4.790,4.788
0x8695b8da0,98,112,30,nqsi_append_kernel,1,1,1,256,6.437,2.572,5.077
0x8695b8da0,98,112,31,nqsi_append_kernel,1,1,1,256,6.417,2.755,3.184
0x8695b8da0,98,112,32,nqsi_append_kernel,1,1,1,256,6.291,2.356,2.362
0x8695b8da0,98,112,33,gdn_conv_commit_kernel,40,1,1,256,7.440,2.729,9.208
0x8695b8da0,98,112,34,gdn_conv_commit_kernel,40,1,1,256,7.328,2.775,8.626
0x8695b8da0,98,112,35,gdn_conv_commit_kernel,40,1,1,256,7.262,2.764,9.677
0x8695b8da0,98,112,36,copy_from_mapped_kernel,1,1,1,256,5.229,1.896,9.509
0x8695b8da0,98,112,37,nqsi_append_kernel,1,1,1,256,9.117,4.792,7.094
0x8695b8da0,98,112,38,nqsi_append_kernel,1,1,1,256,6.365,2.489,4.247
0x8695b8da0,98,112,39,nqsi_append_kernel,1,1,1,256,6.309,2.343,3.116
0x8695b8da0,98,112,40,nqsi_append_kernel,1,1,1,256,6.278,2.349,22.965
0x8695b8da0,98,112,41,gdn_conv_commit_kernel,40,1,1,256,7.458,2.717,8.578
0x8695b8da0,98,112,42,gdn_conv_commit_kernel,40,1,1,256,7.534,2.814,7.779
0x8695b8da0,98,112,43,gdn_conv_commit_kernel,40,1,1,256,7.287,2.770,7.251
0x8695b8da0,98,112,44,copy_from_mapped_kernel,1,1,1,256,5.179,2.138,5.422
0x8695b8da0,98,112,45,nqsi_append_kernel,1,1,1,256,9.323,4.812,4.975
0x8695b8da0,98,112,46,nqsi_append_kernel,1,1,1,256,6.405,2.469,9.767
0x8695b8da0,98,112,47,nqsi_append_kernel,1,1,1,256,6.349,2.386,4.374
0x8695b8da0,98,112,48,nqsi_append_kernel,1,1,1,256,6.391,2.428,3.311
0x8695b8da0,98,112,49,gdn_conv_commit_kernel,40,1,1,256,7.554,2.842,6.493
0x8695b8da0,98,112,50,gdn_conv_commit_kernel,40,1,1,256,7.295,2.753,8.737
0x8695b8da0,98,112,51,gdn_conv_commit_kernel,40,1,1,256,7.376,2.757,8.942
0x8695b8da0,98,112,52,copy_from_mapped_kernel,1,1,1,256,5.228,2.036,3.513
0x8695b8da0,98,112,53,nqsi_append_kernel,1,1,1,256,9.249,4.736,6.717
0x8695b8da0,98,112,54,nqsi_append_kernel,1,1,1,256,6.375,2.301,16.026
0x8695b8da0,98,112,55,nqsi_append_kernel,1,1,1,256,6.326,2.469,7.805
0x8695b8da0,98,112,56,nqsi_append_kernel,1,1,1,256,6.375,2.462,8.733
0x8695b8da0,98,112,57,gdn_conv_commit_kernel,40,1,1,256,7.555,2.830,6.762
0x8695b8da0,98,112,58,gdn_conv_commit_kernel,40,1,1,256,7.302,2.738,9.285
0x8695b8da0,98,112,59,gdn_conv_commit_kernel,40,1,1,256,7.484,3.043,6.434
0x8695b8da0,98,112,60,copy_from_mapped_kernel,1,1,1,256,5.216,1.949,22.936
0x8695b8da0,98,112,61,nqsi_append_kernel,1,1,1,256,9.265,4.682,5.351
0x8695b8da0,98,112,62,nqsi_append_kernel,1,1,1,256,6.307,2.524,3.529
0x8695b8da0,98,112,63,nqsi_append_kernel,1,1,1,256,6.334,2.441,4.501
0x8695b8da0,98,112,64,nqsi_append_kernel,1,1,1,256,6.340,2.361,5.004
0x8695b8da0,98,112,65,gdn_conv_commit_kernel,40,1,1,256,7.607,2.896,9.048
0x8695b8da0,98,112,66,gdn_conv_commit_kernel,40,1,1,256,7.527,2.907,11.090
0x8695b8da0,98,112,67,gdn_conv_commit_kernel,40,1,1,256,7.469,2.792,6.100
0x8695b8da0,98,112,68,copy_from_mapped_kernel,1,1,1,256,5.302,2.002,4.113
0x8695b8da0,98,112,69,nqsi_append_kernel,1,1,1,256,9.165,4.684,6.052
0x8695b8da0,98,112,70,nqsi_append_kernel,1,1,1,256,6.459,2.510,9.606
0x8695b8da0,98,112,71,nqsi_append_kernel,1,1,1,256,6.359,2.423,6.987
0x8695b8da0,98,112,72,nqsi_append_kernel,1,1,1,256,6.408,2.389,11.453
0x8695b8da0,98,112,73,gdn_conv_commit_kernel,40,1,1,256,7.773,2.921,6.492
0x8695b8da0,98,112,74,gdn_conv_commit_kernel,40,1,1,256,7.643,2.901,13.797
0x8695b8da0,98,112,75,gdn_conv_commit_kernel,40,1,1,256,7.568,2.778,9.670
0x8695b8da0,98,112,76,copy_from_mapped_kernel,1,1,1,256,5.361,2.261,6.042
0x8695b8da0,98,112,77,nqsi_append_kernel,1,1,1,256,9.479,4.830,5.248
0x8695b8da0,98,112,78,nqsi_append_kernel,1,1,1,256,6.432,2.428,5.335
0x8695b8da0,98,112,79,nqsi_append_kernel,1,1,1,256,6.463,2.438,4.593
0x8695b8da0,98,112,80,nqsi_append_kernel,1,1,1,256,8.833,3.101,393.887
0x8695b8da0,98,112,81,gdn_conv_commit_kernel,40,1,1,256,8.556,3.131,13.192
0x8695b8da0,98,112,82,gdn_conv_commit_kernel,40,1,1,256,8.329,3.084,54.263
0x8695b8da0,98,112,83,gdn_conv_commit_kernel,40,1,1,256,8.273,2.952,14.413
0x8695b8da0,98,112,84,copy_from_mapped_kernel,1,1,1,256,5.518,2.087,5.366
0x8695b8da0,98,112,85,nqsi_append_kernel,1,1,1,256,10.334,5.642,5.192
0x8695b8da0,98,112,86,nqsi_append_kernel,1,1,1,256,6.664,2.558,3.742
0x8695b8da0,98,112,87,nqsi_append_kernel,1,1,1,256,6.539,2.560,1.360
0x8695b8da0,98,112,88,nqsi_append_kernel,1,1,1,256,6.575,2.549,3.498
0x8695b8da0,98,112,89,gdn_conv_commit_kernel,40,1,1,256,8.388,3.088,16.018
0x8695b8da0,98,112,90,gdn_conv_commit_kernel,40,1,1,256,8.281,3.035,15.841
0x8695b8da0,98,112,91,gdn_conv_commit_kernel,40,1,1,256,8.202,2.963,10.479
0x8695b8da0,98,112,92,copy_from_mapped_kernel,1,1,1,256,5.430,2.059,2.238
0x8695b8da0,98,112,93,nqsi_append_kernel,1,1,1,256,9.361,4.677,3.234
0x8695b8da0,98,112,94,nqsi_append_kernel,1,1,1,256,6.582,2.618,4.460
0x8695b8da0,98,112,95,nqsi_append_kernel,1,1,1,256,6.563,2.509,2.939
0x8695b8da0,98,112,96,nqsi_append_kernel,1,1,1,256,6.640,2.553,1.854
0x8695b8da0,98,112,97,copy_indexed_kernel,64,1,1,256,12.050,4.170,7.324
0x8695f9400,1743,112,0,copy_i32_from_mapped_kernel,1,1,1,128,8.296,2.374,0.000
0x8695f9400,1743,112,1,copy_i32_from_mapped_kernel,1,1,1,128,6.053,2.228,1.211
0x8695f9400,1743,112,2,copy_i32_from_mapped_kernel,1,1,1,128,5.442,1.794,1.425
0x8695f9400,1743,112,3,copy_from_mapped_kernel,3,1,1,256,7.234,2.174,2.504
0x8695f9400,1743,112,4,embed_rows_kernel,10,1,1,32,11.108,3.341,6.952
0x8695f9400,1743,112,5,broadcast_streams_kernel,40,1,1,256,8.035,2.648,7.820
0x8695f9400,1743,112,6,fused_gr_norm1_kernel,1,1,1,256,23.551,7.295,1.369
0x8695f9400,1743,112,7,fused_gr_down_kernel,41,1,1,256,62.996,32.733,2.447
0x8695f9400,1743,112,8,fused_gr_up_kernel,160,1,1,256,56.785,32.705,0.736
0x8695f9400,1743,112,9,native_quantize_q8_1_kernel,10,1,1,256,7.942,2.705,0.422
0x8695f9400,1743,112,10,native_iq4_xs_direct_sg4,640,1,1,128,121.063,57.751,0.467
0x8695f9400,1743,112,11,gdn_conv_l2_multi_kernel,80,1,1,128,12.501,36.702,0.830
0x8695f9400,1743,112,12,gdn_ab_multi_kernel,12,1,1,256,22.011,9.551,0.471
0x8695f9400,1743,112,13,mmvq_direct_21_r2,768,1,1,128,96.923,48.212,0.489
0x8695f9400,1743,112,14,gdn_step_norm_multi_tail_kernel,48,1,1,512,38.724,19.654,0.428
0x8695f9400,1743,112,15,native_quantize_q8_1_kernel,24,1,1,256,8.070,4.963,0.398
0x8695f9400,1743,112,16,native_iq4_xs_direct_sg4,160,1,1,128,64.935,26.140,0.424
0x8695f9400,1743,112,17,fused_gr_norm1_kernel,1,1,1,256,24.749,8.108,0.410
0x8695f9400,1743,112,18,fused_gr_down_kernel,41,1,1,256,39.896,11.772,0.430
0x8695f9400,1743,112,19,fused_gr_up_kernel,160,1,1,256,44.604,15.272,0.397
0x8695f9400,1743,112,20,bf16_f32_mmvf_kernel,512,1,1,256,18.169,5.262,0.400
0x8695f9400,1743,112,21,route,1,1,1,256,27.100,8.628,0.432
0x8695f9400,1743,112,22,to_bf16_kernel,10,1,1,256,5.435,2.327,0.406
0x8695f9400,1743,112,23,native_quantize_q8_1_kernel,10,1,1,256,7.544,2.577,0.399
0x8695f9400,1743,112,24,mmvq_direct_21_r2,80,1,1,128,23.185,7.979,0.431
0x8695f9400,1743,112,25,native_iq4_xs_direct_r4,160,1,1,128,17.560,6.200,0.406
0x8695f9400,1743,112,26,shexp_native_swiglu_kernel,5,1,1,128,7.597,2.872,0.419
0x8695f9400,1743,112,27,native_quantize_q8_1_kernel,3,1,1,256,6.139,2.348,0.382
0x8695f9400,1743,112,28,native_iq4_nl_direct_r4,640,1,1,128,20.848,6.918,0.379
0x8695f9400,1743,112,29,bf16_f32_mmvf_kernel,1,1,1,256,8.331,3.122,0.457
0x8695f9400,1743,112,30,shexp_native_scalar_sigmoid_kernel,1,1,1,1,6.105,2.038,0.393
0x8695f9400,1743,112,31,shexp_scale_rows_kernel,20,1,1,128,5.950,2.096,0.381
0x8695f9400,1743,112,32,quantize_q8_1_kernel,10,1,1,256,7.054,2.372,0.427
0x8695f9400,1743,112,33,native_resident_gu_22,160,10,1,256,197.162,77.517,0.419
0x8695f9400,1743,112,34,swiglu_entries_kernel,25,1,1,256,8.108,2.742,0.427
0x8695f9400,1743,112,35,quantize_q8_1_kernel,25,1,1,256,6.802,2.232,0.395
0x8695f9400,1743,112,36,native_resident_down_direct_42_r4,80,10,1,256,112.480,43.647,0.391
0x8695f9400,1743,112,37,nmoe_combine_kernel,10,1,1,256,10.250,3.364,0.401
0x8695f9400,1743,112,38,native_gr_post_kernel,40,1,1,256,9.525,3.477,0.370
0x8695f9400,1743,112,39,bf16_f32_mmvf_kernel,10240,1,1,256,182.852,44.609,0.364
0x8695f9400,1743,112,40,bf16_f32_mmvf_kernel,2560,1,1,256,53.210,12.663,0.508
0x8695f9400,1743,112,41,weighted_rms_norm,4,1,1,1024,10.622,3.653,0.403
0x8695f9400,1743,112,42,weighted_rms_norm,4,1,1,1024,9.228,3.320,0.439
0x8695f9400,1743,112,43,nple_gate_kernel,4,1,1,512,7.650,2.432,0.424
0x8695f9400,1743,112,44,nple_broadcast_kernel,40,1,1,256,5.589,1.892,0.419
0x8695f9400,1743,112,45,weighted_rms_norm,4,1,1,1024,8.727,3.097,0.450
0x8695f9400,1743,112,46,nple_conv_residual_kernel,40,1,1,256,10.328,3.720,0.430
0x8695f9400,1743,112,47,copy(compute),40960,1,1,0,5.429,2.462,0.406
0x8695f9400,1743,112,48,history_advance_kernel,40,1,1,256,6.650,2.575,0.434
0x8695f9400,1743,112,49,copy_from_mapped_kernel,64,1,1,256,7.116,2.687,0.377
0x8695f9400,1743,112,50,fused_gr_norm1_kernel,1,1,1,256,21.459,7.024,0.439
0x8695f9400,1743,112,51,fused_gr_down_kernel,41,1,1,256,36.948,9.015,0.359
0x8695f9400,1743,112,52,fused_gr_up_kernel,160,1,1,256,37.178,10.021,0.356
0x8695f9400,1743,112,53,native_quantize_q8_1_kernel,10,1,1,256,8.985,2.924,0.381
0x8695f9400,1743,112,54,native_iq4_xs_direct_sg4,640,1,1,128,94.976,33.359,0.372
0x8695f9400,1743,112,55,gdn_conv_l2_multi_kernel,80,1,1,128,9.908,2.818,0.379
0x8695f9400,1743,112,56,gdn_ab_multi_kernel,12,1,1,256,19.205,6.300,0.391
0x8695f9400,1743,112,57,mmvq_direct_21_r2,768,1,1,128,93.172,37.192,0.376
0x8695f9400,1743,112,58,gdn_step_norm_multi_tail_kernel,48,1,1,512,34.800,10.109,0.394
0x8695f9400,1743,112,59,native_quantize_q8_1_kernel,24,1,1,256,8.103,2.758,0.361
0x8695f9400,1743,112,60,native_iq4_xs_direct_sg4,160,1,1,128,60.476,20.435,0.360
0x8695f9400,1743,112,61,fused_gr_norm1_kernel,1,1,1,256,24.401,7.592,0.384
0x8695f9400,1743,112,62,fused_gr_down_kernel,41,1,1,256,33.506,7.634,0.359
0x8695f9400,1743,112,63,fused_gr_up_kernel,160,1,1,256,41.696,13.746,0.355
0x8695f9400,1743,112,64,bf16_f32_mmvf_kernel,512,1,1,256,16.210,3.845,0.385
0x8695f9400,1743,112,65,route,1,1,1,256,26.623,8.703,0.376
0x8695f9400,1743,112,66,to_bf16_kernel,10,1,1,256,5.954,1.844,0.397
0x8695f9400,1743,112,67,native_quantize_q8_1_kernel,10,1,1,256,7.133,2.551,0.368
0x8695f9400,1743,112,68,native_q6_k_mmvq_kernel_large,640,1,1,128,18.598,9.187,0.369
0x8695f9400,1743,112,69,native_iq4_xs_direct_r4,160,1,1,128,17.922,5.518,0.391
0x8695f9400,1743,112,70,shexp_native_swiglu_kernel,5,1,1,128,7.230,2.234,0.370
0x8695f9400,1743,112,71,native_quantize_q8_1_kernel,3,1,1,256,6.102,2.049,0.368
0x8695f9400,1743,112,72,native_iq4_nl_direct_r4,640,1,1,128,20.042,7.130,0.388
0x8695f9400,1743,112,73,bf16_f32_mmvf_kernel,1,1,1,256,8.336,3.145,0.365
0x8695f9400,1743,112,74,shexp_native_scalar_sigmoid_kernel,1,1,1,1,5.843,2.116,0.401
0x8695f9400,1743,112,75,shexp_scale_rows_kernel,20,1,1,128,5.967,2.625,0.382
0x8695f9400,1743,112,76,quantize_q8_1_kernel,10,1,1,256,6.966,2.339,0.374
0x8695f9400,1743,112,77,native_resident_gu_16,160,10,1,256,187.813,77.675,0.401
0x8695f9400,1743,112,78,swiglu_entries_kernel,25,1,1,256,8.397,2.522,0.398
0x8695f9400,1743,112,79,quantize_q8_1_kernel,25,1,1,256,6.389,2.537,0.375
0x8695f9400,1743,112,80,native_resident_down_direct_42_r4,80,10,1,256,115.474,47.894,396.987
0x8695f9400,1743,112,81,nmoe_combine_kernel,10,1,1,256,8.858,3.541,0.382
0x8695f9400,1743,112,82,fused_gr_norm1_kernel,1,1,1,256,23.140,8.719,0.376
0x8695f9400,1743,112,83,fused_gr_down_kernel,41,1,1,256,35.898,16.894,1.779
0x8695f9400,1743,112,84,fused_gr_up_kernel,160,1,1,256,42.125,18.307,0.345
0x8695f9400,1743,112,85,native_quantize_q8_1_kernel,10,1,1,256,7.274,2.766,0.432
0x8695f9400,1743,112,86,native_iq4_xs_direct_sg4,640,1,1,128,97.807,43.508,0.652
0x8695f9400,1743,112,87,gdn_conv_l2_multi_kernel,80,1,1,128,8.187,3.317,0.814
0x8695f9400,1743,112,88,gdn_ab_multi_kernel,12,1,1,256,19.590,7.691,0.414
0x8695f9400,1743,112,89,native_iq4_xs_direct_sg4,384,1,1,128,64.106,25.179,0.400
0x8695f9400,1743,112,90,gdn_step_norm_multi_tail_kernel,48,1,1,512,34.145,12.105,0.392
0x8695f9400,1743,112,91,native_quantize_q8_1_kernel,24,1,1,256,7.117,2.716,0.349
0x8695f9400,1743,112,92,native_iq4_xs_direct_sg4,160,1,1,128,60.907,22.123,0.347
0x8695f9400,1743,112,93,fused_gr_norm1_kernel,1,1,1,256,23.076,8.445,0.372
0x8695f9400,1743,112,94,fused_gr_down_kernel,41,1,1,256,35.156,10.033,0.353
0x8695f9400,1743,112,95,fused_gr_up_kernel,160,1,1,256,41.209,15.087,0.354
0x8695f9400,1743,112,96,bf16_f32_mmvf_kernel,512,1,1,256,16.035,5.033,0.394
0x8695f9400,1743,112,97,route,1,1,1,256,25.764,9.312,0.386
0x8695f9400,1743,112,98,to_bf16_kernel,10,1,1,256,4.523,2.043,0.385
0x8695f9400,1743,112,99,native_quantize_q8_1_kernel,10,1,1,256,6.975,2.624,0.373
0x8695f9400,1743,112,100,native_iq4_xs_direct_r4,160,1,1,128,17.018,6.194,0.372
0x8695f9400,1743,112,101,native_iq4_xs_direct_r4,160,1,1,128,15.635,6.124,0.394
0x8695f9400,1743,112,102,shexp_native_swiglu_kernel,5,1,1,128,6.416,2.609,0.374
0x8695f9400,1743,112,103,native_quantize_q8_1_kernel,3,1,1,256,5.770,2.303,0.364
0x8695f9400,1743,112,104,native_iq4_nl_direct_r4,640,1,1,128,20.666,7.471,0.380
0x8695f9400,1743,112,105,bf16_f32_mmvf_kernel,1,1,1,256,7.610,2.860,0.365
0x8695f9400,1743,112,106,shexp_native_scalar_sigmoid_kernel,1,1,1,1,5.996,2.364,0.388
0x8695f9400,1743,112,107,shexp_scale_rows_kernel,20,1,1,128,4.986,2.319,0.374
0x8695f9400,1743,112,108,quantize_q8_1_kernel,10,1,1,256,6.977,2.638,0.377
0x8695f9400,1743,112,109,native_resident_gu_22,160,10,1,256,200.013,84.709,0.742
0x8695f9400,1743,112,110,swiglu_entries_kernel,25,1,1,256,7.190,3.147,0.407
0x8695f9400,1743,112,111,quantize_q8_1_kernel,25,1,1,256,6.789,2.915,0.373
0x8695f9400,1743,112,112,native_resident_down_direct_42_r4,80,10,1,256,113.871,46.748,0.385
0x8695f9400,1743,112,113,nmoe_combine_kernel,10,1,1,256,9.768,3.836,0.381
0x8695f9400,1743,112,114,fused_gr_norm1_kernel,1,1,1,256,22.920,8.522,0.375
0x8695f9400,1743,112,115,fused_gr_down_kernel,41,1,1,256,33.661,9.667,0.352
0x8695f9400,1743,112,116,fused_gr_up_kernel,160,1,1,256,41.427,15.140,0.350
0x8695f9400,1743,112,117,native_quantize_q8_1_kernel,10,1,1,256,7.404,2.814,0.406
0x8695f9400,1743,112,118,bf16_f32_mmvf_kernel,128,1,1,256,9.734,3.487,0.389
0x8695f9400,1743,112,119,native_q6_k_mmvq_kernel_large,512,1,1,128,16.721,6.428,0.381
0x8695f9400,1743,112,120,native_iq4_xs_direct_r4,128,1,1,128,16.987,6.193,0.406
0x8695f9400,1743,112,121,nqs_norm_kernel,2,1,1,256,8.254,3.029,0.532
0x8695f9400,1743,112,122,native_rope_apply_kernel,1,2,1,128,13.099,4.885,0.572
0x8695f9400,1743,112,123,copy_from_mapped_kernel,1,1,1,256,6.289,2.635,0.502
0x8695f9400,1743,112,124,kv_append_kernel,2,1,1,256,15.792,5.746,0.543
0x8695f9400,1743,112,125,nqsi_append_kernel,1,1,1,256,12.605,5.658,0.505
0x8695f9400,1743,112,126,native_iq4_xs_direct_sg4,768,1,1,128,111.884,42.580,0.449
0x8695f9400,1743,112,127,runtime_copy2d16,1,24,1,128,6.347,2.398,0.363
0x8695f9400,1743,112,128,nqs_norm_kernel,24,1,1,256,7.195,2.781,0.618
0x8695f9400,1743,112,129,native_rope_apply_kernel,1,24,1,128,12.084,4.477,0.661
0x8695f9400,1743,112,130,bf16_f32_mmvf_kernel,512,1,1,256,16.298,4.994,0.828
0x8695f9400,1743,112,131,nqs_norm_kernel,4,1,1,256,7.763,2.948,0.711
0x8695f9400,1743,112,132,native_rope_apply_kernel,1,4,1,128,9.419,4.074,0.679
0x8695f9400,1743,112,133,block_scores_multi_kernel,256,1,1,256,18.503,6.847,0.614
0x8695f9400,1743,112,134,block_topk_scan_kernel,1,1,1,256,56.855,22.132,0.612
0x8695f9400,1743,112,135,attn_chunk_kernel_m0,33,2,1,256,145.217,57.012,0.353
0x8695f9400,1743,112,136,attn_merge_kernel,24,1,1,256,46.402,17.059,0.391
0x8695f9400,1743,112,137,nqs_gate_kernel,24,1,1,256,11.170,3.504,0.372
0x8695f9400,1743,112,138,native_quantize_q8_1_kernel,24,1,1,256,7.211,2.930,0.394
0x8695f9400,1743,112,139,mmvq_direct_21_r2,320,1,1,128,83.696,33.884,0.689
0x8695f9400,1743,112,140,fused_gr_norm1_kernel,1,1,1,256,24.604,8.406,0.384
0x8695f9400,1743,112,141,fused_gr_down_kernel,41,1,1,256,36.730,10.829,0.609
0x8695f9400,1743,112,142,fused_gr_up_kernel,160,1,1,256,41.855,15.193,0.382
0x8695f9400,1743,112,143,bf16_f32_mmvf_kernel,512,1,1,256,17.674,4.855,0.888
0x8695f9400,1743,112,144,route,1,1,1,256,26.315,9.494,0.400
0x8695f9400,1743,112,145,to_bf16_kernel,10,1,1,256,6.505,1.967,0.377
0x8695f9400,1743,112,146,native_quantize_q8_1_kernel,10,1,1,256,7.085,2.639,0.392
0x8695f9400,1743,112,147,native_iq4_xs_direct_r4,160,1,1,128,17.502,6.671,0.676
0x8695f9400,1743,112,148,native_iq4_xs_direct_r4,160,1,1,128,16.641,5.701,0.519
0x8695f9400,1743,112,149,shexp_native_swiglu_kernel,5,1,1,128,7.065,2.729,0.409
0x8695f9400,1743,112,150,native_quantize_q8_1_kernel,3,1,1,256,6.449,2.005,0.543
0x8695f9400,1743,112,151,native_small_mmvq_kernel_q8_0_small,640,1,1,128,19.221,6.647,0.653
0x8695f9400,1743,112,152,bf16_f32_mmvf_kernel,1,1,1,256,8.149,2.899,0.408
0x8695f9400,1743,112,153,shexp_native_scalar_sigmoid_kernel,1,1,1,1,6.222,2.417,0.480
0x8695f9400,1743,112,154,shexp_scale_rows_kernel,20,1,1,128,5.804,2.534,0.642
0x8695f9400,1743,112,155,quantize_q8_1_kernel,10,1,1,256,7.500,2.715,0.371
0x8695f9400,1743,112,156,native_resident_gu_22,160,10,1,256,200.438,84.844,0.623
0x8695f9400,1743,112,157,swiglu_entries_kernel,25,1,1,256,8.276,2.570,0.415
0x8695f9400,1743,112,158,quantize_q8_1_kernel,25,1,1,256,6.797,2.795,0.377
0x8695f9400,1743,112,159,native_resident_down_direct_42_r4,80,10,1,256,114.616,46.858,0.375
0x8695f9400,1743,112,160,nmoe_combine_kernel,10,1,1,256,10.578,3.697,415.561
0x8695f9400,1743,112,161,fused_gr_norm1_kernel,1,1,1,256,23.596,8.277,0.957
0x8695f9400,1743,112,162,fused_gr_down_kernel,41,1,1,256,38.916,15.098,4.757
0x8695f9400,1743,112,163,fused_gr_up_kernel,160,1,1,256,45.219,18.210,3.336
0x8695f9400,1743,112,164,native_quantize_q8_1_kernel,10,1,1,256,7.399,2.661,0.540
0x8695f9400,1743,112,165,native_iq4_xs_direct_sg4,640,1,1,128,105.075,43.393,0.446
0x8695f9400,1743,112,166,gdn_conv_l2_multi_kernel,80,1,1,128,8.436,3.004,1.050
0x8695f9400,1743,112,167,gdn_ab_multi_kernel,12,1,1,256,19.781,6.575,1.079
0x8695f9400,1743,112,168,mmvq_direct_21_r2,768,1,1,128,93.826,36.195,0.407
0x8695f9400,1743,112,169,gdn_step_norm_multi_tail_kernel,48,1,1,512,36.754,13.003,0.407
0x8695f9400,1743,112,170,native_quantize_q8_1_kernel,24,1,1,256,7.402,2.397,0.388
0x8695f9400,1743,112,171,native_iq4_xs_direct_sg4,160,1,1,128,64.773,21.537,0.358
0x8695f9400,1743,112,172,fused_gr_norm1_kernel,1,1,1,256,24.416,8.022,0.360
0x8695f9400,1743,112,173,fused_gr_down_kernel,41,1,1,256,37.110,10.423,0.435
0x8695f9400,1743,112,174,fused_gr_up_kernel,160,1,1,256,42.643,14.635,0.380
0x8695f9400,1743,112,175,bf16_f32_mmvf_kernel,512,1,1,256,17.065,5.140,0.369
0x8695f9400,1743,112,176,route,1,1,1,256,26.132,8.622,0.408
0x8695f9400,1743,112,177,to_bf16_kernel,10,1,1,256,4.509,1.812,0.398
0x8695f9400,1743,112,178,native_quantize_q8_1_kernel,10,1,1,256,6.900,2.604,0.405
0x8695f9400,1743,112,179,native_iq4_xs_direct_r4,160,1,1,128,17.080,6.096,0.391
0x8695f9400,1743,112,180,mmvq_direct_21_r2,80,1,1,128,23.766,8.584,0.390
0x8695f9400,1743,112,181,shexp_native_swiglu_kernel,5,1,1,128,6.414,2.538,0.406
0x8695f9400,1743,112,182,native_quantize_q8_1_kernel,3,1,1,256,5.950,2.646,0.379
0x8695f9400,1743,112,183,native_iq4_nl_direct_r4,640,1,1,128,20.757,7.224,0.370
0x8695f9400,1743,112,184,bf16_f32_mmvf_kernel,1,1,1,256,7.769,2.868,0.388
0x8695f9400,1743,112,185,shexp_native_scalar_sigmoid_kernel,1,1,1,1,5.916,2.152,0.387
0x8695f9400,1743,112,186,shexp_scale_rows_kernel,20,1,1,128,4.948,2.005,0.392
0x8695f9400,1743,112,187,quantize_q8_1_kernel,10,1,1,256,6.923,2.419,0.672
0x8695f9400,1743,112,188,native_resident_gu_16,160,10,1,256,185.225,74.428,0.379
0x8695f9400,1743,112,189,swiglu_entries_kernel,25,1,1,256,6.746,2.882,0.411
0x8695f9400,1743,112,190,quantize_q8_1_kernel,25,1,1,256,6.565,2.755,0.380
0x8695f9400,1743,112,191,native_resident_down_direct_42_r4,80,10,1,256,112.454,44.558,0.368
0x8695f9400,1743,112,192,nmoe_combine_kernel,10,1,1,256,9.644,3.915,0.389
0x8695f9400,1743,112,193,fused_gr_norm1_kernel,1,1,1,256,22.228,7.661,0.368
0x8695f9400,1743,112,194,fused_gr_down_kernel,41,1,1,256,35.497,9.414,0.381
0x8695f9400,1743,112,195,fused_gr_up_kernel,160,1,1,256,41.258,14.113,0.689
0x8695f9400,1743,112,196,native_quantize_q8_1_kernel,10,1,1,256,7.731,2.869,0.369
0x8695f9400,1743,112,197,native_iq4_xs_direct_sg4,640,1,1,128,94.991,33.245,0.758
0x8695f9400,1743,112,198,gdn_conv_l2_multi_kernel,80,1,1,128,9.072,3.263,0.404
0x8695f9400,1743,112,199,gdn_ab_multi_kernel,12,1,1,256,19.190,6.361,0.367
0x8695f9400,1743,112,200,mmvq_direct_21_r2,768,1,1,128,92.344,35.769,0.750
0x8695f9400,1743,112,201,gdn_step_norm_multi_tail_kernel,48,1,1,512,35.578,11.326,0.390
0x8695f9400,1743,112,202,native_quantize_q8_1_kernel,24,1,1,256,8.011,3.040,0.391
0x8695f9400,1743,112,203,native_iq4_xs_direct_sg4,160,1,1,128,61.105,19.924,0.454
0x8695f9400,1743,112,204,fused_gr_norm1_kernel,1,1,1,256,25.255,8.073,0.353
0x8695f9400,1743,112,205,fused_gr_down_kernel,41,1,1,256,35.657,9.356,0.440
0x8695f9400,1743,112,206,fused_gr_up_kernel,160,1,1,256,42.683,14.159,0.651
0x8695f9400,1743,112,207,bf16_f32_mmvf_kernel,512,1,1,256,17.391,5.111,0.442
0x8695f9400,1743,112,208,route,1,1,1,256,26.250,9.049,0.663
0x8695f9400,1743,112,209,to_bf16_kernel,10,1,1,256,5.788,1.973,0.711
0x8695f9400,1743,112,210,native_quantize_q8_1_kernel,10,1,1,256,7.258,2.445,3.076
0x8695f9400,1743,112,211,native_iq4_xs_direct_r4,160,1,1,128,16.901,5.991,0.378
0x8695f9400,1743,112,212,native_q6_k_mmvq_kernel_large,640,1,1,128,17.864,6.950,0.482
0x8695f9400,1743,112,213,shexp_native_swiglu_kernel,5,1,1,128,6.231,1.980,0.587
0x8695f9400,1743,112,214,native_quantize_q8_1_kernel,3,1,1,256,5.716,2.155,0.362
0x8695f9400,1743,112,215,native_iq4_nl_direct_r4,640,1,1,128,19.851,6.933,0.700
0x8695f9400,1743,112,216,bf16_f32_mmvf_kernel,1,1,1,256,7.738,2.990,0.365
0x8695f9400,1743,112,217,shexp_native_scalar_sigmoid_kernel,1,1,1,1,6.106,2.182,0.358
0x8695f9400,1743,112,218,shexp_scale_rows_kernel,20,1,1,128,5.759,2.344,0.397
0x8695f9400,1743,112,219,quantize_q8_1_kernel,10,1,1,256,6.987,2.414,0.452
0x8695f9400,1743,112,220,native_resident_gu_22,160,10,1,256,196.709,79.646,0.612
0x8695f9400,1743,112,221,swiglu_entries_kernel,25,1,1,256,8.017,2.343,0.414
0x8695f9400,1743,112,222,quantize_q8_1_kernel,25,1,1,256,6.558,2.437,0.392
0x8695f9400,1743,112,223,native_resident_down_direct_42_r4,80,10,1,256,111.750,44.702,0.377
0x8695f9400,1743,112,224,nmoe_combine_kernel,10,1,1,256,9.654,3.347,0.393
0x8695f9400,1743,112,225,fused_gr_norm1_kernel,1,1,1,256,22.957,7.928,0.370
0x8695f9400,1743,112,226,fused_gr_down_kernel,41,1,1,256,35.934,9.528,0.377
0x8695f9400,1743,112,227,fused_gr_up_kernel,160,1,1,256,41.366,13.750,0.356
0x8695f9400,1743,112,228,native_quantize_q8_1_kernel,10,1,1,256,8.403,2.497,0.349
0x8695f9400,1743,112,229,native_iq4_xs_direct_sg4,640,1,1,128,93.502,34.112,0.403
0x8695f9400,1743,112,230,gdn_conv_l2_multi_kernel,80,1,1,128,9.525,3.089,0.383
0x8695f9400,1743,112,231,gdn_ab_multi_kernel,12,1,1,256,18.916,6.546,0.356
0x8695f9400,1743,112,232,native_iq4_xs_direct_sg4,384,1,1,128,63.250,22.563,0.397
0x8695f9400,1743,112,233,gdn_step_norm_multi_tail_kernel,48,1,1,512,34.747,11.176,0.390
0x8695f9400,1743,112,234,native_quantize_q8_1_kernel,24,1,1,256,8.590,2.800,0.407
0x8695f9400,1743,112,235,native_iq4_xs_direct_sg4,160,1,1,128,59.662,20.265,0.361
0x8695f9400,1743,112,236,fused_gr_norm1_kernel,1,1,1,256,22.481,7.723,0.380
0x8695f9400,1743,112,237,fused_gr_down_kernel,41,1,1,256,35.767,8.958,0.439
0x8695f9400,1743,112,238,fused_gr_up_kernel,160,1,1,256,41.126,13.989,0.367
0x8695f9400,1743,112,239,bf16_f32_mmvf_kernel,512,1,1,256,17.199,4.539,0.362
0x8695f9400,1743,112,240,route,1,1,1,256,25.889,8.363,389.909
0x8695f9400,1743,112,241,to_bf16_kernel,10,1,1,256,4.512,1.718,0.501
0x8695f9400,1743,112,242,native_quantize_q8_1_kernel,10,1,1,256,6.729,2.479,1.204
0x8695f9400,1743,112,243,native_iq4_xs_direct_r4,160,1,1,128,18.152,15.968,16.245
0x8695f9400,1743,112,244,native_iq4_xs_direct_r4,160,1,1,128,14.975,5.423,2.350
0x8695f9400,1743,112,245,shexp_native_swiglu_kernel,5,1,1,128,6.212,2.324,2.000
0x8695f9400,1743,112,246,native_quantize_q8_1_kernel,3,1,1,256,5.753,2.330,1.576
0x8695f9400,1743,112,247,native_q2_0_mmvq_kernel_small,640,1,1,128,31.399,10.122,9.343
0x8695f9400,1743,112,248,bf16_f32_mmvf_kernel,1,1,1,256,8.202,2.844,1.381
0x8695f9400,1743,112,249,shexp_native_scalar_sigmoid_kernel,1,1,1,1,5.900,2.187,2.710
0x8695f9400,1743,112,250,shexp_scale_rows_kernel,20,1,1,128,4.722,1.711,8.885
0x8695f9400,1743,112,251,quantize_q8_1_kernel,10,1,1,256,6.777,2.366,5.852
0x8695f9400,1743,112,252,native_resident_gu_22,160,10,1,256,196.833,78.672,10.671
0x8695f9400,1743,112,253,swiglu_entries_kernel,25,1,1,256,6.254,2.161,0.410
0x8695f9400,1743,112,254,quantize_q8_1_kernel,25,1,1,256,6.496,2.458,0.983
0x8695f9400,1743,112,255,native_resident_down_direct_42_r4,80,10,1,256,112.211,45.038,0.377
0x8695f9400,1743,112,256,nmoe_combine_kernel,10,1,1,256,8.880,3.338,0.368
0x8695f9400,1743,112,257,fused_gr_norm1_kernel,1,1,1,256,22.507,8.044,0.361
0x8695f9400,1743,112,258,fused_gr_down_kernel,41,1,1,256,34.288,9.756,0.370
0x8695f9400,1743,112,259,fused_gr_up_kernel,160,1,1,256,41.397,14.646,0.344
0x8695f9400,1743,112,260,native_quantize_q8_1_kernel,10,1,1,256,7.111,2.662,0.345
0x8695f9400,1743,112,261,bf16_f32_mmvf_kernel,128,1,1,256,9.766,3.581,0.394
0x8695f9400,1743,112,262,native_q6_k_mmvq_kernel_large,512,1,1,128,15.611,6.193,0.393
0x8695f9400,1743,112,263,native_q6_k_mmvq_kernel_large,512,1,1,128,15.322,6.300,0.691
0x8695f9400,1743,112,264,nqs_norm_kernel,2,1,1,256,7.658,2.763,0.679
0x8695f9400,1743,112,265,native_rope_apply_kernel,1,2,1,128,13.199,4.899,0.624
0x8695f9400,1743,112,266,copy_from_mapped_kernel,1,1,1,256,6.037,2.375,0.715
0x8695f9400,1743,112,267,kv_append_kernel,2,1,1,256,15.303,5.583,0.676
0x8695f9400,1743,112,268,nqsi_append_kernel,1,1,1,256,11.837,5.802,0.694
0x8695f9400,1743,112,269,native_iq4_xs_direct_sg4,768,1,1,128,111.955,42.863,0.807
0x8695f9400,1743,112,270,runtime_copy2d16,1,24,1,128,5.344,2.325,0.374
0x8695f9400,1743,112,271,nqs_norm_kernel,24,1,1,256,7.281,2.796,0.562
0x8695f9400,1743,112,272,native_rope_apply_kernel,1,24,1,128,11.740,4.531,0.626
0x8695f9400,1743,112,273,bf16_f32_mmvf_kernel,512,1,1,256,16.900,5.889,0.766
0x8695f9400,1743,112,274,nqs_norm_kernel,4,1,1,256,6.994,2.804,0.718
0x8695f9400,1743,112,275,native_rope_apply_kernel,1,4,1,128,9.260,3.897,0.594
0x8695f9400,1743,112,276,block_scores_multi_kernel,256,1,1,256,18.027,7.070,0.823
0x8695f9400,1743,112,277,block_topk_scan_kernel,1,1,1,256,55.566,22.214,0.490
0x8695f9400,1743,112,278,attn_chunk_kernel_m0,33,2,1,256,144.030,55.444,0.375
0x8695f9400,1743,112,279,attn_merge_kernel,24,1,1,256,43.779,16.551,0.368
0x8695f9400,1743,112,280,nqs_gate_kernel,24,1,1,256,10.307,3.708,0.416
0x8695f9400,1743,112,281,native_quantize_q8_1_kernel,24,1,1,256,7.178,2.983,0.374
0x8695f9400,1743,112,282,native_iq4_xs_direct_sg4,160,1,1,128,59.451,21.302,0.392
0x8695f9400,1743,112,283,fused_gr_norm1_kernel,1,1,1,256,24.950,8.474,0.376
0x8695f9400,1743,112,284,fused_gr_down_kernel,41,1,1,256,35.908,11.336,0.377
0x8695f9400,1743,112,285,fused_gr_up_kernel,160,1,1,256,42.651,15.746,0.407
0x8695f9400,1743,112,286,bf16_f32_mmvf_kernel,512,1,1,256,17.235,5.436,0.414
0x8695f9400,1743,112,287,route,1,1,1,256,26.641,9.260,0.459
0x8695f9400,1743,112,288,to_bf16_kernel,10,1,1,256,5.834,2.029,0.509
0x8695f9400,1743,112,289,native_quantize_q8_1_kernel,10,1,1,256,7.134,2.574,0.374
0x8695f9400,1743,112,290,native_q6_k_mmvq_kernel_large,640,1,1,128,18.481,7.062,0.639
0x8695f9400,1743,112,291,native_iq4_xs_direct_r4,160,1,1,128,18.008,6.541,0.444
0x8695f9400,1743,112,292,shexp_native_swiglu_kernel,5,1,1,128,7.026,2.223,0.522
0x8695f9400,1743,112,293,native_quantize_q8_1_kernel,3,1,1,256,6.169,2.454,0.397
0x8695f9400,1743,112,294,native_q2_0_mmvq_kernel_small,640,1,1,128,32.434,10.834,0.685
0x8695f9400,1743,112,295,bf16_f32_mmvf_kernel,1,1,1,256,8.216,2.960,0.388
0x8695f9400,1743,112,296,shexp_native_scalar_sigmoid_kernel,1,1,1,1,5.980,2.163,0.408
0x8695f9400,1743,112,297,shexp_scale_rows_kernel,20,1,1,128,5.576,2.559,0.401
0x8695f9400,1743,112,298,quantize_q8_1_kernel,10,1,1,256,7.112,2.570,0.709
0x8695f9400,1743,112,299,native_resident_gu_22,160,10,1,256,196.729,79.598,0.350
0x8695f9400,1743,112,300,swiglu_entries_kernel,25,1,1,256,8.216,2.370,0.369
0x8695f9400,1743,112,301,quantize_q8_1_kernel,25,1,1,256,6.592,2.563,0.376
0x8695f9400,1743,112,302,native_resident_down_direct_42_r4,80,10,1,256,113.078,45.423,0.361
0x8695f9400,1743,112,303,nmoe_combine_kernel,10,1,1,256,10.224,3.478,0.375
0x8695f9400,1743,112,304,fused_gr_norm1_kernel,1,1,1,256,23.249,8.445,0.407
0x8695f9400,1743,112,305,fused_gr_down_kernel,41,1,1,256,36.968,9.577,0.408
0x8695f9400,1743,112,306,fused_gr_up_kernel,160,1,1,256,42.606,14.472,0.421
0x8695f9400,1743,112,307,native_quantize_q8_1_kernel,10,1,1,256,8.449,2.869,0.395
0x8695f9400,1743,112,308,native_iq4_xs_direct_sg4,640,1,1,128,97.400,35.979,0.383
0x8695f9400,1743,112,309,gdn_conv_l2_multi_kernel,80,1,1,128,10.196,3.315,0.455
0x8695f9400,1743,112,310,gdn_ab_multi_kernel,12,1,1,256,19.121,6.587,0.373
0x8695f9400,1743,112,311,native_iq4_xs_direct_sg4,384,1,1,128,65.702,22.911,0.375
0x8695f9400,1743,112,312,gdn_step_norm_multi_tail_kernel,48,1,1,512,36.444,11.642,0.417
0x8695f9400,1743,112,313,native_quantize_q8_1_kernel,24,1,1,256,8.818,2.840,0.394
0x8695f9400,1743,112,314,mmvq_direct_21_r2,320,1,1,128,83.147,33.348,0.409
0x8695f9400,1743,112,315,fused_gr_norm1_kernel,1,1,1,256,27.792,20.402,0.440
0x8695f9400,1743,112,316,fused_gr_down_kernel,41,1,1,256,39.768,11.079,0.372
0x8695f9400,1743,112,317,fused_gr_up_kernel,160,1,1,256,42.784,14.481,0.391
0x8695f9400,1743,112,318,bf16_f32_mmvf_kernel,512,1,1,256,17.982,4.806,0.383
0x8695f9400,1743,112,319,route,1,1,1,256,26.341,9.076,0.371
0x8695f9400,1743,112,320,to_bf16_kernel,10,1,1,256,5.178,1.765,401.176
0x8695f9400,1743,112,321,native_quantize_q8_1_kernel,10,1,1,256,6.799,2.548,2.481
0x8695f9400,1743,112,322,native_iq4_xs_direct_r4,160,1,1,128,16.788,5.843,23.284
0x8695f9400,1743,112,323,native_iq4_xs_direct_r4,160,1,1,128,15.345,5.621,36.011
0x8695f9400,1743,112,324,shexp_native_swiglu_kernel,5,1,1,128,6.321,2.198,3.511
0x8695f9400,1743,112,325,native_quantize_q8_1_kernel,3,1,1,256,5.843,2.315,0.920
0x8695f9400,1743,112,326,native_iq4_nl_direct_r4,640,1,1,128,20.250,6.962,0.568
0x8695f9400,1743,112,327,bf16_f32_mmvf_kernel,1,1,1,256,8.789,2.834,1.159
0x8695f9400,1743,112,328,shexp_native_scalar_sigmoid_kernel,1,1,1,1,5.995,2.110,0.830
0x8695f9400,1743,112,329,shexp_scale_rows_kernel,20,1,1,128,4.871,1.832,1.051
0x8695f9400,1743,112,330,quantize_q8_1_kernel,10,1,1,256,6.906,2.417,1.403
0x8695f9400,1743,112,331,native_resident_gu_29,160,10,1,256,179.070,72.958,7.139
0x8695f9400,1743,112,332,swiglu_entries_kernel,25,1,1,256,6.318,2.298,0.932
0x8695f9400,1743,112,333,quantize_q8_1_kernel,25,1,1,256,6.303,2.423,1.185
0x8695f9400,1743,112,334,native_resident_down_direct_42_r4,80,10,1,256,112.202,44.732,2.113
0x8695f9400,1743,112,335,nmoe_combine_kernel,10,1,1,256,8.835,3.298,0.365
0x8695f9400,1743,112,336,fused_gr_norm1_kernel,1,1,1,256,22.745,8.021,0.402
0x8695f9400,1743,112,337,fused_gr_down_kernel,41,1,1,256,34.553,9.438,0.403
0x8695f9400,1743,112,338,fused_gr_up_kernel,160,1,1,256,41.043,14.262,2.018
0x8695f9400,1743,112,339,native_quantize_q8_1_kernel,10,1,1,256,6.936,2.496,0.386
0x8695f9400,1743,112,340,native_iq4_xs_direct_sg4,640,1,1,128,95.277,33.174,0.384
0x8695f9400,1743,112,341,gdn_conv_l2_multi_kernel,80,1,1,128,8.234,3.147,0.426
0x8695f9400,1743,112,342,gdn_ab_multi_kernel,12,1,1,256,19.106,6.683,0.391
0x8695f9400,1743,112,343,native_iq4_xs_direct_sg4,384,1,1,128,62.482,22.327,0.385
0x8695f9400,1743,112,344,gdn_step_norm_multi_tail_kernel,48,1,1,512,34.851,11.887,0.399
0x8695f9400,1743,112,345,native_quantize_q8_1_kernel,24,1,1,256,7.429,3.047,0.397
0x8695f9400,1743,112,346,native_iq4_xs_direct_sg4,160,1,1,128,60.395,20.361,0.385
0x8695f9400,1743,112,347,fused_gr_norm1_kernel,1,1,1,256,24.314,8.400,0.360
0x8695f9400,1743,112,348,fused_gr_down_kernel,41,1,1,256,34.706,9.104,0.347
0x8695f9400,1743,112,349,fused_gr_up_kernel,160,1,1,256,41.673,14.694,0.397
0x8695f9400,1743,112,350,bf16_f32_mmvf_kernel,512,1,1,256,16.061,4.653,0.448
0x8695f9400,1743,112,351,route,1,1,1,256,26.336,9.245,0.617
0x8695f9400,1743,112,352,to_bf16_kernel,10,1,1,256,5.103,2.136,0.417
0x8695f9400,1743,112,353,native_quantize_q8_1_kernel,10,1,1,256,6.821,2.450,3.240
0x8695f9400,1743,112,354,mmvq_direct_21_r2,80,1,1,128,23.484,8.335,0.709
0x8695f9400,1743,112,355,mmvq_direct_21_r2,80,1,1,128,22.011,8.720,0.374
0x8695f9400,1743,112,356,shexp_native_swiglu_kernel,5,1,1,128,7.201,2.683,0.366
0x8695f9400,1743,112,357,native_quantize_q8_1_kernel,3,1,1,256,5.882,2.444,0.400
0x8695f9400,1743,112,358,native_small_mmvq_kernel_q8_0_small,640,1,1,128,19.278,6.399,0.484
0x8695f9400,1743,112,359,bf16_f32_mmvf_kernel,1,1,1,256,8.101,3.085,0.352
0x8695f9400,1743,112,360,shexp_native_scalar_sigmoid_kernel,1,1,1,1,6.081,2.086,0.608
0x8695f9400,1743,112,361,shexp_scale_rows_kernel,20,1,1,128,5.454,2.306,0.371
0x8695f9400,1743,112,362,quantize_q8_1_kernel,10,1,1,256,6.962,2.434,0.411
0x8695f9400,1743,112,363,native_resident_gu_16,160,10,1,256,187.619,77.108,0.766
0x8695f9400,1743,112,364,swiglu_entries_kernel,25,1,1,256,7.875,2.782,0.394
0x8695f9400,1743,112,365,quantize_q8_1_kernel,25,1,1,256,6.697,2.849,0.392
0x8695f9400,1743,112,366,native_resident_down_direct_42_r4,80,10,1,256,114.115,46.503,0.382
0x8695f9400,1743,112,367,nmoe_combine_kernel,10,1,1,256,10.286,3.677,0.386
0x8695f9400,1743,112,368,fused_gr_norm1_kernel,1,1,1,256,22.594,8.441,0.380
0x8695f9400,1743,112,369,fused_gr_down_kernel,41,1,1,256,34.387,9.988,0.365
0x8695f9400,1743,112,370,fused_gr_up_kernel,160,1,1,256,41.817,15.033,0.398
0x8695f9400,1743,112,371,native_quantize_q8_1_kernel,10,1,1,256,8.045,2.753,0.364
0x8695f9400,1743,112,372,native_iq4_xs_direct_sg4,640,1,1,128,94.981,34.744,0.346
0x8695f9400,1743,112,373,gdn_conv_l2_multi_kernel,80,1,1,128,9.665,3.044,0.437
0x8695f9400,1743,112,374,gdn_ab_multi_kernel,12,1,1,256,19.074,6.895,0.387
0x8695f9400,1743,112,375,native_iq4_xs_direct_sg4,384,1,1,128,62.998,23.505,0.382
0x8695f9400,1743,112,376,gdn_step_norm_multi_tail_kernel,48,1,1,512,34.695,11.514,0.417
0x8695f9400,1743,112,377,native_quantize_q8_1_kernel,24,1,1,256,8.314,3.071,0.416
0x8695f9400,1743,112,378,native_iq4_xs_direct_sg4,160,1,1,128,60.351,21.268,0.378
0x8695f9400,1743,112,379,fused_gr_norm1_kernel,1,1,1,256,23.920,8.220,0.363
0x8695f9400,1743,112,380,fused_gr_down_kernel,41,1,1,256,35.452,9.652,0.352
0x8695f9400,1743,112,381,fused_gr_up_kernel,160,1,1,256,41.646,14.873,0.454
0x8695f9400,1743,112,382,bf16_f32_mmvf_kernel,512,1,1,256,17.250,5.011,0.370
0x8695f9400,1743,112,383,route,1,1,1,256,25.685,9.116,0.360
0x8695f9400,1743,112,384,to_bf16_kernel,10,1,1,256,6.731,2.285,0.414
0x8695f9400,1743,112,385,native_quantize_q8_1_kernel,10,1,1,256,6.812,2.570,0.385
0x8695f9400,1743,112,386,native_iq4_xs_direct_r4,160,1,1,128,17.898,6.876,0.411
0x8695f9400,1743,112,387,mmvq_direct_21_r2,80,1,1,128,24.455,8.698,0.394
0x8695f9400,1743,112,388,shexp_native_swiglu_kernel,5,1,1,128,7.947,2.499,0.385
0x8695f9400,1743,112,389,native_quantize_q8_1_kernel,3,1,1,256,6.157,2.844,0.405
0x8695f9400,1743,112,390,native_iq4_nl_direct_r4,640,1,1,128,21.300,8.020,0.373
0x8695f9400,1743,112,391,bf16_f32_mmvf_kernel,1,1,1,256,8.538,2.948,0.361
0x8695f9400,1743,112,392,shexp_native_scalar_sigmoid_kernel,1,1,1,1,5.925,2.188,0.381
0x8695f9400,1743,112,393,shexp_scale_rows_kernel,20,1,1,128,6.145,3.100,0.370
0x8695f9400,1743,112,394,quantize_q8_1_kernel,10,1,1,256,7.481,2.703,0.394
0x8695f9400,1743,112,395,native_resident_gu_16,160,10,1,256,188.877,78.617,0.373
0x8695f9400,1743,112,396,swiglu_entries_kernel,25,1,1,256,8.530,2.664,0.401
0x8695f9400,1743,112,397,quantize_q8_1_kernel,25,1,1,256,6.510,2.837,0.390
0x8695f9400,1743,112,398,native_resident_down_direct_42_r4,80,10,1,256,114.507,46.955,0.385
0x8695f9400,1743,112,399,nmoe_combine_kernel,10,1,1,256,10.266,4.408,0.392
0x8695f9400,1743,112,400,fused_gr_norm1_kernel,1,1,1,256,23.760,8.620,384.793
0x8695f9400,1743,112,401,fused_gr_down_kernel,41,1,1,256,36.522,10.766,1.036
0x8695f9400,1743,112,402,fused_gr_up_kernel,160,1,1,256,41.421,15.090,2.533
0x8695f9400,1743,112,403,native_quantize_q8_1_kernel,10,1,1,256,7.242,2.681,0.361
0x8695f9400,1743,112,404,bf16_f32_mmvf_kernel,128,1,1,256,9.584,3.146,3.809
0x8695f9400,1743,112,405,native_iq4_xs_direct_r4,128,1,1,128,16.331,5.986,3.531
0x8695f9400,1743,112,406,native_iq4_xs_direct_r4,128,1,1,128,14.772,5.640,2.034
0x8695f9400,1743,112,407,nqs_norm_kernel,2,1,1,256,7.779,2.766,1.406
0x8695f9400,1743,112,408,native_rope_apply_kernel,1,2,1,128,12.988,4.490,3.293
0x8695f9400,1743,112,409,copy_from_mapped_kernel,1,1,1,256,5.786,2.189,4.347
0x8695f9400,1743,112,410,kv_append_kernel,2,1,1,256,15.374,5.344,3.154
0x8695f9400,1743,112,411,nqsi_append_kernel,1,1,1,256,11.760,5.620,3.004
0x8695f9400,1743,112,412,native_iq4_xs_direct_sg4,768,1,1,128,112.192,42.684,9.290
0x8695f9400,1743,112,413,runtime_copy2d16,1,24,1,128,5.126,2.062,0.600
0x8695f9400,1743,112,414,nqs_norm_kernel,24,1,1,256,6.743,2.450,0.414
0x8695f9400,1743,112,415,native_rope_apply_kernel,1,24,1,128,11.731,4.257,0.474
0x8695f9400,1743,112,416,bf16_f32_mmvf_kernel,512,1,1,256,16.838,6.116,0.714
0x8695f9400,1743,112,417,nqs_norm_kernel,4,1,1,256,6.555,2.306,0.700
0x8695f9400,1743,112,418,native_rope_apply_kernel,1,4,1,128,9.057,3.452,0.626
0x8695f9400,1743,112,419,block_scores_multi_kernel,256,1,1,256,17.626,6.588,0.427
0x8695f9400,1743,112,420,block_topk_scan_kernel,1,1,1,256,54.483,20.536,0.624
0x8695f9400,1743,112,421,attn_chunk_kernel_m0,33,2,1,256,142.836,52.766,0.387
0x8695f9400,1743,112,422,attn_merge_kernel,24,1,1,256,43.114,16.166,0.372
0x8695f9400,1743,112,423,nqs_gate_kernel,24,1,1,256,9.252,3.382,0.363
0x8695f9400,1743,112,424,native_quantize_q8_1_kernel,24,1,1,256,7.277,2.630,0.379
0x8695f9400,1743,112,425,native_iq4_xs_direct_sg4,160,1,1,128,59.610,21.505,0.507
0x8695f9400,1743,112,426,fused_gr_norm1_kernel,1,1,1,256,23.336,8.232,0.420
0x8695f9400,1743,112,427,fused_gr_down_kernel,41,1,1,256,36.835,12.648,0.381
0x8695f9400,1743,112,428,fused_gr_up_kernel,160,1,1,256,41.869,15.459,0.736
0x8695f9400,1743,112,429,bf16_f32_mmvf_kernel,512,1,1,256,17.182,6.580,0.689
0x8695f9400,1743,112,430,route,1,1,1,256,26.381,9.513,0.758
0x8695f9400,1743,112,431,to_bf16_kernel,10,1,1,256,5.227,2.701,0.397
0x8695f9400,1743,112,432,native_quantize_q8_1_kernel,10,1,1,256,6.962,2.580,0.729
0x8695f9400,1743,112,433,native_iq4_xs_direct_r4,160,1,1,128,17.213,6.290,3.869
0x8695f9400,1743,112,434,native_q6_k_mmvq_kernel_large,640,1,1,128,18.192,7.052,0.594
0x8695f9400,1743,112,435,shexp_native_swiglu_kernel,5,1,1,128,6.865,2.941,0.368
0x8695f9400,1743,112,436,native_quantize_q8_1_kernel,3,1,1,256,6.090,2.460,0.653
0x8695f9400,1743,112,437,native_q2_0_mmvq_kernel_small,640,1,1,128,33.075,11.034,0.427
0x8695f9400,1743,112,438,bf16_f32_mmvf_kernel,1,1,1,256,8.004,3.006,0.393
0x8695f9400,1743,112,439,shexp_native_scalar_sigmoid_kernel,1,1,1,1,6.171,2.592,0.384
0x8695f9400,1743,112,440,shexp_scale_rows_kernel,20,1,1,128,5.521,2.442,0.711
0x8695f9400,1743,112,441,quantize_q8_1_kernel,10,1,1,256,7.175,2.455,0.397
0x8695f9400,1743,112,442,native_resident_gu_16,160,10,1,256,186.661,74.959,0.933
0x8695f9400,1743,112,443,swiglu_entries_kernel,25,1,1,256,8.086,3.185,0.394
0x8695f9400,1743,112,444,quantize_q8_1_kernel,25,1,1,256,6.804,2.810,0.367
0x8695f9400,1743,112,445,native_resident_down_direct_42_r4,80,10,1,256,114.007,45.685,0.413
0x8695f9400,1743,112,446,nmoe_combine_kernel,10,1,1,256,9.824,3.547,0.390
0x8695f9400,1743,112,447,fused_gr_norm1_kernel,1,1,1,256,22.959,8.173,0.364
0x8695f9400,1743,112,448,fused_gr_down_kernel,41,1,1,256,36.970,10.381,0.413
0x8695f9400,1743,112,449,fused_gr_up_kernel,160,1,1,256,43.529,15.008,0.420
0x8695f9400,1743,112,450,native_quantize_q8_1_kernel,10,1,1,256,8.096,2.805,0.437
0x8695f9400,1743,112,451,native_iq4_xs_direct_sg4,640,1,1,128,97.102,34.968,0.382
0x8695f9400,1743,112,452,gdn_conv_l2_multi_kernel,80,1,1,128,9.199,2.695,0.452
0x8695f9400,1743,112,453,gdn_ab_multi_kernel,12,1,1,256,19.634,6.845,0.394
0x8695f9400,1743,112,454,native_iq4_xs_direct_sg4,384,1,1,128,65.311,23.628,0.394
0x8695f9400,1743,112,455,gdn_step_norm_multi_tail_kernel,48,1,1,512,37.175,11.946,0.394
0x8695f9400,1743,112,456,native_quantize_q8_1_kernel,24,1,1,256,8.366,3.112,0.425
0x8695f9400,1743,112,457,native_iq4_xs_direct_sg4,160,1,1,128,62.564,21.102,0.383
0x8695f9400,1743,112,458,fused_gr_norm1_kernel,1,1,1,256,25.404,7.891,0.487
0x8695f9400,1743,112,459,fused_gr_down_kernel,41,1,1,256,37.753,10.220,0.391
0x8695f9400,1743,112,460,fused_gr_up_kernel,160,1,1,256,43.270,14.641,0.382
0x8695f9400,1743,112,461,bf16_f32_mmvf_kernel,512,1,1,256,17.191,4.852,0.420
0x8695f9400,1743,112,462,route,1,1,1,256,26.590,8.952,0.400
0x8695f9400,1743,112,463,to_bf16_kernel,10,1,1,256,5.534,1.987,0.384
0x8695f9400,1743,112,464,native_quantize_q8_1_kernel,10,1,1,256,7.663,2.536,0.403
0x8695f9400,1743,112,465,native_q6_k_mmvq_kernel_large,640,1,1,128,18.153,6.912,0.378
0x8695f9400,1743,112,466,mmvq_direct_21_r2,80,1,1,128,24.847,8.341,0.380
0x8695f9400,1743,112,467,shexp_native_swiglu_kernel,5,1,1,128,7.394,2.312,0.354
0x8695f9400,1743,112,468,native_quantize_q8_1_kernel,3,1,1,256,5.906,2.293,0.350
0x8695f9400,1743,112,469,native_iq4_nl_direct_r4,640,1,1,128,21.009,7.526,0.417
0x8695f9400,1743,112,470,bf16_f32_mmvf_kernel,1,1,1,256,8.047,2.701,0.408
0x8695f9400,1743,112,471,shexp_native_scalar_sigmoid_kernel,1,1,1,1,6.136,2.344,0.384
0x8695f9400,1743,112,472,shexp_scale_rows_kernel,20,1,1,128,5.651,2.584,0.407
0x8695f9400,1743,112,473,quantize_q8_1_kernel,10,1,1,256,7.464,2.579,0.399
0x8695f9400,1743,112,474,native_resident_gu_22,160,10,1,256,199.346,80.832,0.400
0x8695f9400,1743,112,475,swiglu_entries_kernel,25,1,1,256,8.190,2.643,0.391
0x8695f9400,1743,112,476,quantize_q8_1_kernel,25,1,1,256,6.849,2.898,0.356
0x8695f9400,1743,112,477,native_resident_down_direct_42_r4,80,10,1,256,113.056,45.396,0.388
0x8695f9400,1743,112,478,nmoe_combine_kernel,10,1,1,256,10.006,3.565,0.394
0x8695f9400,1743,112,479,fused_gr_norm1_kernel,1,1,1,256,22.655,8.341,0.362
0x8695f9400,1743,112,480,fused_gr_down_kernel,41,1,1,256,35.220,9.344,381.201
0x8695f9400,1743,112,481,fused_gr_up_kernel,160,1,1,256,41.455,14.709,3.056
0x8695f9400,1743,112,482,native_quantize_q8_1_kernel,10,1,1,256,7.726,4.536,2.687
0x8695f9400,1743,112,483,native_iq4_xs_direct_sg4,640,1,1,128,95.639,34.830,0.531
0x8695f9400,1743,112,484,gdn_conv_l2_multi_kernel,80,1,1,128,8.184,2.881,0.495
0x8695f9400,1743,112,485,gdn_ab_multi_kernel,12,1,1,256,19.220,6.872,0.842
0x8695f9400,1743,112,486,native_iq4_xs_direct_sg4,384,1,1,128,63.022,23.871,0.375
0x8695f9400,1743,112,487,gdn_step_norm_multi_tail_kernel,48,1,1,512,34.396,11.789,1.371
0x8695f9400,1743,112,488,native_quantize_q8_1_kernel,24,1,1,256,7.113,2.811,0.400
0x8695f9400,1743,112,489,native_iq4_xs_direct_sg4,160,1,1,128,60.319,21.417,1.089
0x8695f9400,1743,112,490,fused_gr_norm1_kernel,1,1,1,256,23.772,8.305,0.408
0x8695f9400,1743,112,491,fused_gr_down_kernel,41,1,1,256,35.105,9.613,0.899
0x8695f9400,1743,112,492,fused_gr_up_kernel,160,1,1,256,41.969,15.127,0.423
0x8695f9400,1743,112,493,bf16_f32_mmvf_kernel,512,1,1,256,16.074,5.144,0.398
0x8695f9400,1743,112,494,route,1,1,1,256,25.980,9.139,0.390
0x8695f9400,1743,112,495,to_bf16_kernel,10,1,1,256,4.533,1.925,0.380
0x8695f9400,1743,112,496,native_quantize_q8_1_kernel,10,1,1,256,6.722,2.588,0.381
0x8695f9400,1743,112,497,mmvq_direct_21_r2,80,1,1,128,23.639,8.781,0.818
0x8695f9400,1743,112,498,mmvq_direct_21_r2,80,1,1,128,21.585,8.867,0.388
0x8695f9400,1743,112,499,shexp_native_swiglu_kernel,5,1,1,128,6.639,2.553,0.366
0x8695f9400,1743,112,500,native_quantize_q8_1_kernel,3,1,1,256,5.965,2.722,0.534
0x8695f9400,1743,112,501,native_small_mmvq_kernel_q8_0_small,640,1,1,128,18.881,6.503,1.359
0x8695f9400,1743,112,502,bf16_f32_mmvf_kernel,1,1,1,256,8.176,3.025,0.439
0x8695f9400,1743,112,503,shexp_native_scalar_sigmoid_kernel,1,1,1,1,5.990,2.362,0.591
0x8695f9400,1743,112,504,shexp_scale_rows_kernel,20,1,1,128,5.197,2.407,0.576
0x8695f9400,1743,112,505,quantize_q8_1_kernel,10,1,1,256,6.939,2.660,0.613
0x8695f9400,1743,112,506,native_resident_gu_29,160,10,1,256,180.195,75.627,0.765
0x8695f9400,1743,112,507,swiglu_entries_kernel,25,1,1,256,6.647,2.870,0.369
0x8695f9400,1743,112,508,quantize_q8_1_kernel,25,1,1,256,6.420,2.626,0.823
0x8695f9400,1743,112,509,native_resident_down_direct_42_r4,80,10,1,256,112.268,46.085,0.665
0x8695f9400,1743,112,510,nmoe_combine_kernel,10,1,1,256,9.237,3.585,0.362
0x8695f9400,1743,112,511,fused_gr_norm1_kernel,1,1,1,256,22.618,8.339,0.398
0x8695f9400,1743,112,512,fused_gr_down_kernel,41,1,1,256,34.385,10.281,0.436
0x8695f9400,1743,112,513,fused_gr_up_kernel,160,1,1,256,40.702,14.857,0.732
0x8695f9400,1743,112,514,native_quantize_q8_1_kernel,10,1,1,256,7.417,3.126,0.393
0x8695f9400,1743,112,515,native_iq4_xs_direct_sg4,640,1,1,128,93.524,34.253,0.685
0x8695f9400,1743,112,516,gdn_conv_l2_multi_kernel,80,1,1,128,9.564,4.613,0.395
0x8695f9400,1743,112,517,gdn_ab_multi_kernel,12,1,1,256,19.080,6.987,0.367
0x8695f9400,1743,112,518,mmvq_direct_21_r2,768,1,1,128,93.400,37.213,0.365
0x8695f9400,1743,112,519,gdn_step_norm_multi_tail_kernel,48,1,1,512,35.304,11.863,0.373
0x8695f9400,1743,112,520,native_quantize_q8_1_kernel,24,1,1,256,8.258,3.093,0.356
0x8695f9400,1743,112,521,native_iq4_xs_direct_sg4,160,1,1,128,60.489,20.715,0.359
0x8695f9400,1743,112,522,fused_gr_norm1_kernel,1,1,1,256,24.346,8.265,0.404
0x8695f9400,1743,112,523,fused_gr_down_kernel,41,1,1,256,34.340,9.475,0.377
0x8695f9400,1743,112,524,fused_gr_up_kernel,160,1,1,256,42.964,19.421,0.366
0x8695f9400,1743,112,525,bf16_f32_mmvf_kernel,512,1,1,256,16.862,5.616,0.381
0x8695f9400,1743,112,526,route,1,1,1,256,26.172,9.543,0.371
0x8695f9400,1743,112,527,to_bf16_kernel,10,1,1,256,5.588,2.153,0.384
0x8695f9400,1743,112,528,native_quantize_q8_1_kernel,10,1,1,256,7.123,2.412,0.352
0x8695f9400,1743,112,529,native_iq4_xs_direct_r4,160,1,1,128,16.616,6.073,0.349
0x8695f9400,1743,112,530,native_iq4_xs_direct_r4,160,1,1,128,15.791,6.018,0.371
0x8695f9400,1743,112,531,shexp_native_swiglu_kernel,5,1,1,128,6.795,2.412,0.369
0x8695f9400,1743,112,532,native_quantize_q8_1_kernel,3,1,1,256,6.134,2.219,0.354
0x8695f9400,1743,112,533,native_small_mmvq_kernel_q8_0_small,640,1,1,128,19.248,6.680,0.608
0x8695f9400,1743,112,534,bf16_f32_mmvf_kernel,1,1,1,256,8.363,3.206,0.385
0x8695f9400,1743,112,535,shexp_native_scalar_sigmoid_kernel,1,1,1,1,5.948,2.174,0.388
0x8695f9400,1743,112,536,shexp_scale_rows_kernel,20,1,1,128,5.846,2.464,0.613
0x8695f9400,1743,112,537,quantize_q8_1_kernel,10,1,1,256,7.080,2.460,0.377
0x8695f9400,1743,112,538,native_resident_gu_16,160,10,1,256,184.829,76.514,0.378
0x8695f9400,1743,112,539,swiglu_entries_kernel,25,1,1,256,7.776,2.368,0.379
0x8695f9400,1743,112,540,quantize_q8_1_kernel,25,1,1,256,6.230,2.661,0.340
0x8695f9400,1743,112,541,native_resident_down_direct_42_r4,80,10,1,256,112.812,45.667,0.362
0x8695f9400,1743,112,542,nmoe_combine_kernel,10,1,1,256,9.250,3.353,0.373
0x8695f9400,1743,112,543,fused_gr_norm1_kernel,1,1,1,256,22.528,8.395,0.393
0x8695f9400,1743,112,544,fused_gr_down_kernel,41,1,1,256,35.719,10.400,0.372
0x8695f9400,1743,112,545,fused_gr_up_kernel,160,1,1,256,41.449,14.713,0.386
0x8695f9400,1743,112,546,native_quantize_q8_1_kernel,10,1,1,256,7.855,2.796,0.400
0x8695f9400,1743,112,547,bf16_f32_mmvf_kernel,128,1,1,256,9.640,3.364,0.393
0x8695f9400,1743,112,548,mmvq_direct_21_r2,64,1,1,128,21.747,7.804,0.387
0x8695f9400,1743,112,549,native_iq4_xs_direct_r4,128,1,1,128,17.528,5.937,0.387
0x8695f9400,1743,112,550,nqs_norm_kernel,2,1,1,256,7.953,3.014,0.375
0x8695f9400,1743,112,551,native_rope_apply_kernel,1,2,1,128,13.523,4.899,0.390
0x8695f9400,1743,112,552,copy_from_mapped_kernel,1,1,1,256,6.862,2.631,0.358
0x8695f9400,1743,112,553,kv_append_kernel,2,1,1,256,15.685,5.859,0.354
0x8695f9400,1743,112,554,nqsi_append_kernel,1,1,1,256,12.616,5.851,0.409
0x8695f9400,1743,112,555,native_iq4_xs_direct_sg4,768,1,1,128,112.747,42.966,0.380
0x8695f9400,1743,112,556,runtime_copy2d16,1,24,1,128,7.076,2.021,0.422
0x8695f9400,1743,112,557,nqs_norm_kernel,24,1,1,256,7.160,2.772,0.396
0x8695f9400,1743,112,558,native_rope_apply_kernel,1,24,1,128,12.053,4.917,0.389
0x8695f9400,1743,112,559,bf16_f32_mmvf_kernel,512,1,1,256,17.570,5.453,0.398
0x8695f9400,1743,112,560,nqs_norm_kernel,4,1,1,256,7.318,2.813,395.042
0x8695f9400,1743,112,561,native_rope_apply_kernel,1,4,1,128,11.502,4.539,4.525
0x8695f9400,1743,112,562,block_scores_multi_kernel,256,1,1,256,18.054,6.774,3.049
0x8695f9400,1743,112,563,block_topk_scan_kernel,1,1,1,256,55.372,21.973,7.334
0x8695f9400,1743,112,564,attn_chunk_kernel_m0,33,2,1,256,146.684,56.468,1.065
0x8695f9400,1743,112,565,attn_merge_kernel,24,1,1,256,43.746,16.556,0.397
0x8695f9400,1743,112,566,nqs_gate_kernel,24,1,1,256,9.409,3.453,0.392
0x8695f9400,1743,112,567,native_quantize_q8_1_kernel,24,1,1,256,7.476,2.912,0.391
0x8695f9400,1743,112,568,native_q6_k_mmvq_kernel_large,2560,1,1,128,107.509,43.640,0.384
0x8695f9400,1743,112,569,fused_gr_norm1_kernel,1,1,1,256,23.551,8.399,0.403
0x8695f9400,1743,112,570,fused_gr_down_kernel,41,1,1,256,37.171,13.337,0.494
0x8695f9400,1743,112,571,fused_gr_up_kernel,160,1,1,256,42.903,16.626,0.401
0x8695f9400,1743,112,572,bf16_f32_mmvf_kernel,512,1,1,256,17.098,6.027,0.392
0x8695f9400,1743,112,573,route,1,1,1,256,26.380,9.045,0.553
0x8695f9400,1743,112,574,to_bf16_kernel,10,1,1,256,4.648,1.869,0.439
0x8695f9400,1743,112,575,native_quantize_q8_1_kernel,10,1,1,256,7.006,2.695,0.675
0x8695f9400,1743,112,576,mmvq_direct_21_r2,80,1,1,128,24.389,8.774,0.683
0x8695f9400,1743,112,577,native_q6_k_mmvq_kernel_large,640,1,1,128,18.276,7.158,0.530
0x8695f9400,1743,112,578,shexp_native_swiglu_kernel,5,1,1,128,6.772,2.591,0.688
0x8695f9400,1743,112,579,native_quantize_q8_1_kernel,3,1,1,256,5.980,2.497,0.561
0x8695f9400,1743,112,580,native_iq4_nl_direct_r4,640,1,1,128,21.064,7.362,0.756
0x8695f9400,1743,112,581,bf16_f32_mmvf_kernel,1,1,1,256,7.969,3.004,0.430
0x8695f9400,1743,112,582,shexp_native_scalar_sigmoid_kernel,1,1,1,1,6.273,2.561,0.607
0x8695f9400,1743,112,583,shexp_scale_rows_kernel,20,1,1,128,5.351,2.624,0.561
0x8695f9400,1743,112,584,quantize_q8_1_kernel,10,1,1,256,7.209,2.842,0.594
0x8695f9400,1743,112,585,native_resident_gu_22,160,10,1,256,196.551,78.079,0.664
0x8695f9400,1743,112,586,swiglu_entries_kernel,25,1,1,256,7.374,5.238,5.480
0x8695f9400,1743,112,587,quantize_q8_1_kernel,25,1,1,256,6.765,2.891,0.395
0x8695f9400,1743,112,588,native_resident_down_direct_42_r4,80,10,1,256,112.546,44.623,0.876
0x8695f9400,1743,112,589,nmoe_combine_kernel,10,1,1,256,11.124,16.532,0.410
0x8695f9400,1743,112,590,fused_gr_norm1_kernel,1,1,1,256,24.616,9.723,0.405
0x8695f9400,1743,112,591,fused_gr_down_kernel,41,1,1,256,36.384,10.175,0.395
0x8695f9400,1743,112,592,fused_gr_up_kernel,160,1,1,256,43.013,17.396,0.373
0x8695f9400,1743,112,593,native_quantize_q8_1_kernel,10,1,1,256,7.520,3.813,0.363
0x8695f9400,1743,112,594,native_iq4_xs_direct_sg4,640,1,1,128,97.791,37.625,0.372
0x8695f9400,1743,112,595,gdn_conv_l2_multi_kernel,80,1,1,128,9.015,3.094,0.401
0x8695f9400,1743,112,596,gdn_ab_multi_kernel,12,1,1,256,19.278,6.400,0.347
0x8695f9400,1743,112,597,native_iq4_xs_direct_sg4,384,1,1,128,63.257,21.869,0.397
0x8695f9400,1743,112,598,gdn_step_norm_multi_tail_kernel,48,1,1,512,35.577,11.442,0.393
0x8695f9400,1743,112,599,native_quantize_q8_1_kernel,24,1,1,256,9.337,12.013,0.394
0x8695f9400,1743,112,600,native_iq4_xs_direct_sg4,160,1,1,128,61.458,20.017,0.377
0x8695f9400,1743,112,601,fused_gr_norm1_kernel,1,1,1,256,24.147,7.809,0.379
0x8695f9400,1743,112,602,fused_gr_down_kernel,41,1,1,256,35.834,9.334,0.388
0x8695f9400,1743,112,603,fused_gr_up_kernel,160,1,1,256,41.720,13.666,0.372
0x8695f9400,1743,112,604,bf16_f32_mmvf_kernel,512,1,1,256,17.367,10.075,0.355
0x8695f9400,1743,112,605,route,1,1,1,256,26.272,8.629,0.372
0x8695f9400,1743,112,606,to_bf16_kernel,10,1,1,256,5.704,1.892,0.360
0x8695f9400,1743,112,607,native_quantize_q8_1_kernel,10,1,1,256,7.073,2.473,0.384
0x8695f9400,1743,112,608,native_q6_k_mmvq_kernel_large,640,1,1,128,18.109,7.506,0.367
0x8695f9400,1743,112,609,native_q6_k_mmvq_kernel_large,640,1,1,128,17.803,6.538,0.375
0x8695f9400,1743,112,610,shexp_native_swiglu_kernel,5,1,1,128,6.896,2.363,0.393
0x8695f9400,1743,112,611,native_quantize_q8_1_kernel,3,1,1,256,5.908,2.074,0.382
0x8695f9400,1743,112,612,native_small_mmvq_kernel_q8_0_small,640,1,1,128,18.837,5.876,0.368
0x8695f9400,1743,112,613,bf16_f32_mmvf_kernel,1,1,1,256,8.128,2.831,0.379
0x8695f9400,1743,112,614,shexp_native_scalar_sigmoid_kernel,1,1,1,1,5.924,1.954,0.371
0x8695f9400,1743,112,615,shexp_scale_rows_kernel,20,1,1,128,5.519,1.989,0.369
0x8695f9400,1743,112,616,quantize_q8_1_kernel,10,1,1,256,6.976,2.468,0.350
0x8695f9400,1743,112,617,native_resident_gu_22,160,10,1,256,199.658,84.707,0.353
0x8695f9400,1743,112,618,swiglu_entries_kernel,25,1,1,256,8.385,3.143,0.420
0x8695f9400,1743,112,619,quantize_q8_1_kernel,25,1,1,256,6.676,2.572,0.385
0x8695f9400,1743,112,620,native_resident_down_direct_42_r4,80,10,1,256,113.318,46.361,0.377
0x8695f9400,1743,112,621,nmoe_combine_kernel,10,1,1,256,9.325,3.528,0.401
0x8695f9400,1743,112,622,fused_gr_norm1_kernel,1,1,1,256,22.387,8.138,0.390
0x8695f9400,1743,112,623,fused_gr_down_kernel,41,1,1,256,36.070,10.293,0.386
0x8695f9400,1743,112,624,fused_gr_up_kernel,160,1,1,256,41.259,14.915,0.339
0x8695f9400,1743,112,625,native_quantize_q8_1_kernel,10,1,1,256,7.875,2.736,0.362
0x8695f9400,1743,112,626,native_iq4_xs_direct_sg4,640,1,1,128,95.510,33.729,0.355
0x8695f9400,1743,112,627,gdn_conv_l2_multi_kernel,80,1,1,128,9.539,2.990,0.377
0x8695f9400,1743,112,628,gdn_ab_multi_kernel,12,1,1,256,19.209,6.825,0.340
0x8695f9400,1743,112,629,mmvq_direct_21_r2,768,1,1,128,93.566,36.946,0.404
0x8695f9400,1743,112,630,gdn_step_norm_multi_tail_kernel,48,1,1,512,35.113,11.153,0.414
0x8695f9400,1743,112,631,native_quantize_q8_1_kernel,24,1,1,256,8.186,2.469,0.396
0x8695f9400,1743,112,632,native_iq4_xs_direct_sg4,160,1,1,128,60.931,20.616,0.374
0x8695f9400,1743,112,633,fused_gr_norm1_kernel,1,1,1,256,24.359,8.121,0.393
0x8695f9400,1743,112,634,fused_gr_down_kernel,41,1,1,256,35.583,8.868,0.373
0x8695f9400,1743,112,635,fused_gr_up_kernel,160,1,1,256,41.765,14.538,0.362
0x8695f9400,1743,112,636,bf16_f32_mmvf_kernel,512,1,1,256,16.458,4.303,0.362
0x8695f9400,1743,112,637,route,1,1,1,256,26.018,9.239,0.381
0x8695f9400,1743,112,638,to_bf16_kernel,10,1,1,256,5.958,1.778,0.371
0x8695f9400,1743,112,639,native_quantize_q8_1_kernel,10,1,1,256,6.876,2.629,0.388
0x8695f9400,1743,112,640,native_iq4_xs_direct_r4,160,1,1,128,17.968,6.194,387.308
0x8695f9400,1743,112,641,native_iq4_xs_direct_r4,160,1,1,128,15.872,6.003,5.427
0x8695f9400,1743,112,642,shexp_native_swiglu_kernel,5,1,1,128,6.300,2.331,4.672
0x8695f9400,1743,112,643,native_quantize_q8_1_kernel,3,1,1,256,6.596,2.658,9.035
0x8695f9400,1743,112,644,native_iq4_nl_direct_r4,640,1,1,128,20.438,7.127,11.059
0x8695f9400,1743,112,645,bf16_f32_mmvf_kernel,1,1,1,256,8.294,2.943,2.224
0x8695f9400,1743,112,646,shexp_native_scalar_sigmoid_kernel,1,1,1,1,5.869,2.105,1.471
0x8695f9400,1743,112,647,shexp_scale_rows_kernel,20,1,1,128,5.115,2.116,4.926
0x8695f9400,1743,112,648,quantize_q8_1_kernel,10,1,1,256,7.034,2.561,5.280
0x8695f9400,1743,112,649,native_resident_gu_22,160,10,1,256,196.938,80.469,28.702
0x8695f9400,1743,112,650,swiglu_entries_kernel,25,1,1,256,6.828,2.461,0.399
0x8695f9400,1743,112,651,quantize_q8_1_kernel,25,1,1,256,6.686,2.810,0.388
0x8695f9400,1743,112,652,native_resident_down_direct_42_r4,80,10,1,256,111.995,44.785,0.378
0x8695f9400,1743,112,653,nmoe_combine_kernel,10,1,1,256,9.237,3.484,0.395
0x8695f9400,1743,112,654,fused_gr_norm1_kernel,1,1,1,256,22.563,7.985,0.385
0x8695f9400,1743,112,655,fused_gr_down_kernel,41,1,1,256,34.775,9.833,0.582
0x8695f9400,1743,112,656,fused_gr_up_kernel,160,1,1,256,41.380,14.497,0.784
0x8695f9400,1743,112,657,native_quantize_q8_1_kernel,10,1,1,256,7.331,2.565,0.464
0x8695f9400,1743,112,658,native_iq4_xs_direct_sg4,640,1,1,128,95.526,35.602,0.643
0x8695f9400,1743,112,659,gdn_conv_l2_multi_kernel,80,1,1,128,8.299,3.122,0.404
0x8695f9400,1743,112,660,gdn_ab_multi_kernel,12,1,1,256,18.767,6.586,0.369
0x8695f9400,1743,112,661,native_iq4_xs_direct_sg4,384,1,1,128,62.463,23.029,0.416
0x8695f9400,1743,112,662,gdn_step_norm_multi_tail_kernel,48,1,1,512,33.871,11.186,0.398
0x8695f9400,1743,112,663,native_quantize_q8_1_kernel,24,1,1,256,7.090,2.937,0.503
0x8695f9400,1743,112,664,native_iq4_xs_direct_sg4,160,1,1,128,59.846,20.061,0.721
0x8695f9400,1743,112,665,fused_gr_norm1_kernel,1,1,1,256,23.884,7.929,0.379
0x8695f9400,1743,112,666,fused_gr_down_kernel,41,1,1,256,34.080,8.761,0.382
0x8695f9400,1743,112,667,fused_gr_up_kernel,160,1,1,256,40.885,13.815,0.478
0x8695f9400,1743,112,668,bf16_f32_mmvf_kernel,512,1,1,256,16.230,4.551,0.378
0x8695f9400,1743,112,669,route,1,1,1,256,25.948,8.739,0.677
0x8695f9400,1743,112,670,to_bf16_kernel,10,1,1,256,5.245,1.968,0.373
0x8695f9400,1743,112,671,native_quantize_q8_1_kernel,10,1,1,256,6.887,2.517,0.695
0x8695f9400,1743,112,672,mmvq_direct_21_r2,80,1,1,128,23.473,8.408,0.340
0x8695f9400,1743,112,673,mmvq_direct_21_r2,80,1,1,128,22.221,8.217,0.484
0x8695f9400,1743,112,674,shexp_native_swiglu_kernel,5,1,1,128,7.020,2.408,0.361
0x8695f9400,1743,112,675,native_quantize_q8_1_kernel,3,1,1,256,6.014,2.603,0.526
0x8695f9400,1743,112,676,native_iq4_nl_direct_r4,640,1,1,128,20.677,7.215,0.348
0x8695f9400,1743,112,677,bf16_f32_mmvf_kernel,1,1,1,256,8.242,3.038,0.623
0x8695f9400,1743,112,678,shexp_native_scalar_sigmoid_kernel,1,1,1,1,5.811,1.951,0.390
0x8695f9400,1743,112,679,shexp_scale_rows_kernel,20,1,1,128,5.535,2.356,0.390
0x8695f9400,1743,112,680,quantize_q8_1_kernel,10,1,1,256,6.906,2.548,0.725
0x8695f9400,1743,112,681,native_resident_gu_16,160,10,1,256,183.671,73.672,0.373
0x8695f9400,1743,112,682,swiglu_entries_kernel,25,1,1,256,8.200,2.537,0.406
0x8695f9400,1743,112,683,quantize_q8_1_kernel,25,1,1,256,6.548,2.635,0.352
0x8695f9400,1743,112,684,native_resident_down_direct_42_r4,80,10,1,256,111.591,43.965,0.346
0x8695f9400,1743,112,685,nmoe_combine_kernel,10,1,1,256,9.348,3.257,0.377
0x8695f9400,1743,112,686,fused_gr_norm1_kernel,1,1,1,256,23.317,8.013,0.361
0x8695f9400,1743,112,687,fused_gr_down_kernel,41,1,1,256,33.935,9.020,0.373
0x8695f9400,1743,112,688,fused_gr_up_kernel,160,1,1,256,41.208,13.676,0.370
0x8695f9400,1743,112,689,native_quantize_q8_1_kernel,10,1,1,256,7.821,2.390,0.370
0x8695f9400,1743,112,690,bf16_f32_mmvf_kernel,128,1,1,256,9.520,3.003,0.377
0x8695f9400,1743,112,691,native_iq4_xs_direct_r4,128,1,1,128,17.003,5.414,0.370
0x8695f9400,1743,112,692,native_iq4_xs_direct_r4,128,1,1,128,15.367,5.295,0.363
0x8695f9400,1743,112,693,nqs_norm_kernel,2,1,1,256,7.903,2.918,0.365
0x8695f9400,1743,112,694,native_rope_apply_kernel,1,2,1,128,12.919,4.232,0.363
0x8695f9400,1743,112,695,copy_from_mapped_kernel,1,1,1,256,6.335,2.505,0.381
0x8695f9400,1743,112,696,kv_append_kernel,2,1,1,256,15.497,5.020,0.352
0x8695f9400,1743,112,697,nqsi_append_kernel,1,1,1,256,12.083,5.513,0.357
0x8695f9400,1743,112,698,native_iq4_xs_direct_sg4,768,1,1,128,109.439,39.396,0.383
0x8695f9400,1743,112,699,runtime_copy2d16,1,24,1,128,7.193,2.336,0.402
0x8695f9400,1743,112,700,nqs_norm_kernel,24,1,1,256,7.029,2.578,0.357
0x8695f9400,1743,112,701,native_rope_apply_kernel,1,24,1,128,12.597,4.632,0.379
0x8695f9400,1743,112,702,bf16_f32_mmvf_kernel,512,1,1,256,15.981,4.569,0.375
0x8695f9400,1743,112,703,nqs_norm_kernel,4,1,1,256,7.281,2.266,0.367
0x8695f9400,1743,112,704,native_rope_apply_kernel,1,4,1,128,9.137,3.799,0.341
0x8695f9400,1743,112,705,block_scores_multi_kernel,256,1,1,256,17.795,6.332,0.333
0x8695f9400,1743,112,706,block_topk_scan_kernel,1,1,1,256,54.552,20.678,0.359
0x8695f9400,1743,112,707,attn_chunk_kernel_m0,33,2,1,256,142.712,53.413,0.356
0x8695f9400,1743,112,708,attn_merge_kernel,24,1,1,256,42.483,15.971,0.354
0x8695f9400,1743,112,709,nqs_gate_kernel,24,1,1,256,10.405,3.484,0.417
0x8695f9400,1743,112,710,native_quantize_q8_1_kernel,24,1,1,256,7.286,2.793,0.387
0x8695f9400,1743,112,711,native_iq4_xs_direct_sg4,160,1,1,128,58.758,20.873,0.397
0x8695f9400,1743,112,712,fused_gr_norm1_kernel,1,1,1,256,22.834,8.255,0.379
0x8695f9400,1743,112,713,fused_gr_down_kernel,41,1,1,256,36.665,11.615,0.366
0x8695f9400,1743,112,714,fused_gr_up_kernel,160,1,1,256,41.610,14.989,0.398
0x8695f9400,1743,112,715,bf16_f32_mmvf_kernel,512,1,1,256,17.026,5.602,0.368
0x8695f9400,1743,112,716,route,1,1,1,256,25.796,9.202,0.359
0x8695f9400,1743,112,717,to_bf16_kernel,10,1,1,256,6.489,2.032,0.379
0x8695f9400,1743,112,718,native_quantize_q8_1_kernel,10,1,1,256,6.917,2.479,0.363
0x8695f9400,1743,112,719,native_iq4_xs_direct_r4,160,1,1,128,17.690,6.378,0.398
0x8695f9400,1743,112,720,mmvq_direct_21_r2,80,1,1,128,24.251,8.524,399.265
0x8695f9400,1743,112,721,shexp_native_swiglu_kernel,5,1,1,128,6.538,2.556,3.581
0x8695f9400,1743,112,722,native_quantize_q8_1_kernel,3,1,1,256,6.644,2.795,2.004
0x8695f9400,1743,112,723,native_iq4_nl_direct_r4,640,1,1,128,21.231,7.511,11.608
0x8695f9400,1743,112,724,bf16_f32_mmvf_kernel,1,1,1,256,8.489,3.009,2.535
0x8695f9400,1743,112,725,shexp_native_scalar_sigmoid_kernel,1,1,1,1,5.889,2.130,1.597
0x8695f9400,1743,112,726,shexp_scale_rows_kernel,20,1,1,128,5.136,1.959,5.025
0x8695f9400,1743,112,727,quantize_q8_1_kernel,10,1,1,256,7.103,2.556,4.631
0x8695f9400,1743,112,728,native_resident_gu_16,160,10,1,256,186.094,75.879,17.713
0x8695f9400,1743,112,729,swiglu_entries_kernel,25,1,1,256,6.655,2.422,3.313
0x8695f9400,1743,112,730,quantize_q8_1_kernel,25,1,1,256,6.534,2.658,1.110
0x8695f9400,1743,112,731,native_resident_down_direct_42_r4,80,10,1,256,112.963,45.102,0.860
0x8695f9400,1743,112,732,nmoe_combine_kernel,10,1,1,256,8.959,3.253,0.385
0x8695f9400,1743,112,733,fused_gr_norm1_kernel,1,1,1,256,23.980,8.109,0.415
0x8695f9400,1743,112,734,fused_gr_down_kernel,41,1,1,256,37.097,10.751,0.400
0x8695f9400,1743,112,735,fused_gr_up_kernel,160,1,1,256,43.018,14.970,0.426
0x8695f9400,1743,112,736,native_quantize_q8_1_kernel,10,1,1,256,7.276,2.775,0.399
0x8695f9400,1743,112,737,native_iq4_xs_direct_sg4,640,1,1,128,100.973,36.942,0.390
0x8695f9400,1743,112,738,gdn_conv_l2_multi_kernel,80,1,1,128,8.673,3.366,0.438
0x8695f9400,1743,112,739,gdn_ab_multi_kernel,12,1,1,256,19.687,6.944,0.390
0x8695f9400,1743,112,740,native_iq4_xs_direct_sg4,384,1,1,128,65.769,24.751,0.388
0x8695f9400,1743,112,741,gdn_step_norm_multi_tail_kernel,48,1,1,512,36.552,12.135,0.438
0x8695f9400,1743,112,742,native_quantize_q8_1_kernel,24,1,1,256,7.955,3.341,0.403
0x8695f9400,1743,112,743,native_iq4_xs_direct_sg4,160,1,1,128,64.134,22.026,0.410
0x8695f9400,1743,112,744,fused_gr_norm1_kernel,1,1,1,256,25.165,8.549,0.396
0x8695f9400,1743,112,745,fused_gr_down_kernel,41,1,1,256,37.141,10.380,0.382
0x8695f9400,1743,112,746,fused_gr_up_kernel,160,1,1,256,42.416,14.525,0.408
0x8695f9400,1743,112,747,bf16_f32_mmvf_kernel,512,1,1,256,17.221,5.359,0.382
0x8695f9400,1743,112,748,route,1,1,1,256,26.357,8.932,0.366
0x8695f9400,1743,112,749,to_bf16_kernel,10,1,1,256,5.361,2.344,0.387
0x8695f9400,1743,112,750,native_quantize_q8_1_kernel,10,1,1,256,7.339,2.541,0.376
0x8695f9400,1743,112,751,native_iq4_xs_direct_r4,160,1,1,128,17.554,6.078,0.402
0x8695f9400,1743,112,752,native_iq4_xs_direct_r4,160,1,1,128,16.080,5.759,0.391
0x8695f9400,1743,112,753,shexp_native_swiglu_kernel,5,1,1,128,6.828,2.607,0.390
0x8695f9400,1743,112,754,native_quantize_q8_1_kernel,3,1,1,256,6.121,2.264,0.420
0x8695f9400,1743,112,755,native_small_mmvq_kernel_q8_0_small,640,1,1,128,19.897,6.256,0.409
0x8695f9400,1743,112,756,bf16_f32_mmvf_kernel,1,1,1,256,8.223,2.862,0.391
0x8695f9400,1743,112,757,shexp_native_scalar_sigmoid_kernel,1,1,1,1,6.214,2.374,0.383
0x8695f9400,1743,112,758,shexp_scale_rows_kernel,20,1,1,128,5.307,2.050,0.375
0x8695f9400,1743,112,759,quantize_q8_1_kernel,10,1,1,256,7.537,2.582,0.376
0x8695f9400,1743,112,760,native_resident_gu_22,160,10,1,256,196.744,78.198,0.357
0x8695f9400,1743,112,761,swiglu_entries_kernel,25,1,1,256,8.171,2.639,0.364
0x8695f9400,1743,112,762,quantize_q8_1_kernel,25,1,1,256,6.656,2.597,0.390
0x8695f9400,1743,112,763,native_resident_down_direct_42_r4,80,10,1,256,112.276,44.151,0.385
0x8695f9400,1743,112,764,nmoe_combine_kernel,10,1,1,256,9.501,3.181,0.385
0x8695f9400,1743,112,765,fused_gr_norm1_kernel,1,1,1,256,22.906,8.163,0.396
0x8695f9400,1743,112,766,fused_gr_down_kernel,41,1,1,256,35.236,9.433,0.391
0x8695f9400,1743,112,767,fused_gr_up_kernel,160,1,1,256,41.588,14.033,0.400
0x8695f9400,1743,112,768,native_quantize_q8_1_kernel,10,1,1,256,7.723,2.531,0.355
0x8695f9400,1743,112,769,native_iq4_xs_direct_sg4,640,1,1,128,93.743,32.965,0.352
0x8695f9400,1743,112,770,gdn_conv_l2_multi_kernel,80,1,1,128,9.263,2.667,0.387
0x8695f9400,1743,112,771,gdn_ab_multi_kernel,12,1,1,256,18.877,6.406,0.358
0x8695f9400,1743,112,772,mmvq_direct_21_r2,768,1,1,128,92.838,36.138,0.344
0x8695f9400,1743,112,773,gdn_step_norm_multi_tail_kernel,48,1,1,512,35.575,11.234,0.408
0x8695f9400,1743,112,774,native_quantize_q8_1_kernel,24,1,1,256,8.354,3.073,0.376
0x8695f9400,1743,112,775,mmvq_direct_21_r2,320,1,1,128,81.311,31.774,0.409
0x8695f9400,1743,112,776,fused_gr_norm1_kernel,1,1,1,256,24.267,7.764,0.375
0x8695f9400,1743,112,777,fused_gr_down_kernel,41,1,1,256,38.136,9.353,0.369
0x8695f9400,1743,112,778,fused_gr_up_kernel,160,1,1,256,42.489,14.170,0.394
0x8695f9400,1743,112,779,bf16_f32_mmvf_kernel,512,1,1,256,17.153,4.535,0.371
0x8695f9400,1743,112,780,route,1,1,1,256,26.161,8.609,0.360
0x8695f9400,1743,112,781,to_bf16_kernel,10,1,1,256,5.626,1.996,0.394
0x8695f9400,1743,112,782,native_quantize_q8_1_kernel,10,1,1,256,7.153,2.484,0.359
0x8695f9400,1743,112,783,native_iq4_xs_direct_r4,160,1,1,128,17.285,6.228,0.395
0x8695f9400,1743,112,784,mmvq_direct_21_r2,80,1,1,128,24.532,8.136,0.368
0x8695f9400,1743,112,785,shexp_native_swiglu_kernel,5,1,1,128,7.280,2.157,0.368
0x8695f9400,1743,112,786,native_quantize_q8_1_kernel,3,1,1,256,5.814,2.255,0.395
0x8695f9400,1743,112,787,native_small_mmvq_kernel_q8_0_small,640,1,1,128,19.744,6.333,0.388
0x8695f9400,1743,112,788,bf16_f32_mmvf_kernel,1,1,1,256,8.065,2.747,0.374
0x8695f9400,1743,112,789,shexp_native_scalar_sigmoid_kernel,1,1,1,1,6.189,2.457,0.375
0x8695f9400,1743,112,790,shexp_scale_rows_kernel,20,1,1,128,5.698,2.468,0.690
0x8695f9400,1743,112,791,quantize_q8_1_kernel,10,1,1,256,7.255,2.577,0.379
0x8695f9400,1743,112,792,native_resident_gu_22,160,10,1,256,196.910,78.092,0.613
0x8695f9400,1743,112,793,swiglu_entries_kernel,25,1,1,256,8.443,2.476,0.358
0x8695f9400,1743,112,794,quantize_q8_1_kernel,25,1,1,256,6.719,2.686,0.380
0x8695f9400,1743,112,795,native_resident_down_direct_42_r4,80,10,1,256,112.502,43.869,0.384
0x8695f9400,1743,112,796,nmoe_combine_kernel,10,1,1,256,9.742,3.403,0.388
0x8695f9400,1743,112,797,fused_gr_norm1_kernel,1,1,1,256,22.578,8.070,0.398
0x8695f9400,1743,112,798,fused_gr_down_kernel,41,1,1,256,35.292,9.139,0.398
0x8695f9400,1743,112,799,fused_gr_up_kernel,160,1,1,256,42.054,14.315,0.404
0x8695f9400,1743,112,800,native_quantize_q8_1_kernel,10,1,1,256,7.859,2.865,399.151
0x8695f9400,1743,112,801,native_iq4_xs_direct_sg4,640,1,1,128,95.191,34.898,6.503
0x8695f9400,1743,112,802,gdn_conv_l2_multi_kernel,80,1,1,128,8.532,3.283,0.588
0x8695f9400,1743,112,803,gdn_ab_multi_kernel,12,1,1,256,19.270,6.825,0.397
0x8695f9400,1743,112,804,mmvq_direct_21_r2,768,1,1,128,93.814,36.673,0.543
0x8695f9400,1743,112,805,gdn_step_norm_multi_tail_kernel,48,1,1,512,35.266,11.883,1.419
0x8695f9400,1743,112,806,native_quantize_q8_1_kernel,24,1,1,256,7.166,2.553,0.410
0x8695f9400,1743,112,807,native_iq4_xs_direct_sg4,160,1,1,128,61.752,21.367,0.472
0x8695f9400,1743,112,808,fused_gr_norm1_kernel,1,1,1,256,22.545,7.643,0.536
0x8695f9400,1743,112,809,fused_gr_down_kernel,41,1,1,256,36.597,11.488,3.029
0x8695f9400,1743,112,810,fused_gr_up_kernel,160,1,1,256,42.020,15.309,0.416
0x8695f9400,1743,112,811,bf16_f32_mmvf_kernel,512,1,1,256,16.917,5.658,0.385
0x8695f9400,1743,112,812,route,1,1,1,256,26.120,8.692,0.376
0x8695f9400,1743,112,813,to_bf16_kernel,10,1,1,256,4.769,1.783,0.396
0x8695f9400,1743,112,814,native_quantize_q8_1_kernel,10,1,1,256,6.944,2.580,0.423
0x8695f9400,1743,112,815,native_iq4_xs_direct_r4,160,1,1,128,17.014,5.854,1.388
0x8695f9400,1743,112,816,native_iq4_xs_direct_r4,160,1,1,128,15.559,5.349,0.721
0x8695f9400,1743,112,817,shexp_native_swiglu_kernel,5,1,1,128,6.549,2.327,0.380
0x8695f9400,1743,112,818,native_quantize_q8_1_kernel,3,1,1,256,5.941,2.252,0.615
0x8695f9400,1743,112,819,native_q2_0_mmvq_kernel_small,640,1,1,128,32.535,10.574,0.394
0x8695f9400,1743,112,820,bf16_f32_mmvf_kernel,1,1,1,256,7.798,2.611,0.482
0x8695f9400,1743,112,821,shexp_native_scalar_sigmoid_kernel,1,1,1,1,6.203,2.114,0.388
0x8695f9400,1743,112,822,shexp_scale_rows_kernel,20,1,1,128,4.993,1.787,1.011
0x8695f9400,1743,112,823,quantize_q8_1_kernel,10,1,1,256,7.129,2.597,0.497
0x8695f9400,1743,112,824,native_resident_gu_22,160,10,1,256,198.474,79.347,0.787
0x8695f9400,1743,112,825,swiglu_entries_kernel,25,1,1,256,6.991,2.726,0.375
0x8695f9400,1743,112,826,quantize_q8_1_kernel,25,1,1,256,6.773,2.764,0.389
0x8695f9400,1743,112,827,native_resident_down_direct_42_r4,80,10,1,256,113.904,46.241,0.388
0x8695f9400,1743,112,828,nmoe_combine_kernel,10,1,1,256,9.174,3.509,0.386
0x8695f9400,1743,112,829,fused_gr_norm1_kernel,1,1,1,256,22.840,8.252,0.393
0x8695f9400,1743,112,830,fused_gr_down_kernel,41,1,1,256,34.509,9.492,0.383
0x8695f9400,1743,112,831,fused_gr_up_kernel,160,1,1,256,41.937,14.985,0.408
0x8695f9400,1743,112,832,native_quantize_q8_1_kernel,10,1,1,256,7.516,2.732,0.362
0x8695f9400,1743,112,833,bf16_f32_mmvf_kernel,128,1,1,256,10.006,3.363,0.358
0x8695f9400,1743,112,834,native_iq4_xs_direct_r4,128,1,1,128,16.821,5.815,0.379
0x8695f9400,1743,112,835,native_q6_k_mmvq_kernel_large,512,1,1,128,16.559,6.483,0.374
0x8695f9400,1743,112,836,nqs_norm_kernel,2,1,1,256,7.930,2.696,0.365
0x8695f9400,1743,112,837,native_rope_apply_kernel,1,2,1,128,13.449,4.814,0.413
0x8695f9400,1743,112,838,copy_from_mapped_kernel,1,1,1,256,6.747,2.505,0.414
0x8695f9400,1743,112,839,kv_append_kernel,2,1,1,256,16.316,5.861,0.411
0x8695f9400,1743,112,840,nqsi_append_kernel,1,1,1,256,12.725,5.710,0.390
0x8695f9400,1743,112,841,native_iq4_xs_direct_sg4,768,1,1,128,112.737,41.849,0.386
0x8695f9400,1743,112,842,runtime_copy2d16,1,24,1,128,6.675,2.513,0.449
0x8695f9400,1743,112,843,nqs_norm_kernel,24,1,1,256,7.294,2.620,0.387
0x8695f9400,1743,112,844,native_rope_apply_kernel,1,24,1,128,12.136,4.503,0.381
0x8695f9400,1743,112,845,bf16_f32_mmvf_kernel,512,1,1,256,16.954,4.994,0.415
0x8695f9400,1743,112,846,nqs_norm_kernel,4,1,1,256,7.679,2.569,0.397
0x8695f9400,1743,112,847,native_rope_apply_kernel,1,4,1,128,9.272,3.810,0.394
0x8695f9400,1743,112,848,block_scores_multi_kernel,256,1,1,256,18.301,6.691,0.361
0x8695f9400,1743,112,849,block_topk_scan_kernel,1,1,1,256,55.975,21.897,0.355
0x8695f9400,1743,112,850,attn_chunk_kernel_m0,33,2,1,256,146.156,56.181,0.416
0x8695f9400,1743,112,851,attn_merge_kernel,24,1,1,256,44.215,16.540,0.379
0x8695f9400,1743,112,852,nqs_gate_kernel,24,1,1,256,10.571,3.826,0.362
0x8695f9400,1743,112,853,native_quantize_q8_1_kernel,24,1,1,256,7.383,2.926,0.403
0x8695f9400,1743,112,854,native_iq4_xs_direct_sg4,160,1,1,128,59.105,21.416,0.393
0x8695f9400,1743,112,855,fused_gr_norm1_kernel,1,1,1,256,25.020,8.471,0.407
0x8695f9400,1743,112,856,fused_gr_down_kernel,41,1,1,256,36.408,11.349,0.381
0x8695f9400,1743,112,857,fused_gr_up_kernel,160,1,1,256,43.239,15.398,0.384
0x8695f9400,1743,112,858,bf16_f32_mmvf_kernel,512,1,1,256,17.395,6.432,0.414
0x8695f9400,1743,112,859,route,1,1,1,256,25.942,9.070,0.376
0x8695f9400,1743,112,860,to_bf16_kernel,10,1,1,256,5.477,2.757,0.355
0x8695f9400,1743,112,861,native_quantize_q8_1_kernel,10,1,1,256,7.106,2.411,0.395
0x8695f9400,1743,112,862,mmvq_direct_21_r2,80,1,1,128,23.413,8.717,0.380
0x8695f9400,1743,112,863,native_iq4_xs_direct_r4,160,1,1,128,17.726,6.231,0.410
0x8695f9400,1743,112,864,shexp_native_swiglu_kernel,5,1,1,128,7.404,2.450,0.385
0x8695f9400,1743,112,865,native_quantize_q8_1_kernel,3,1,1,256,6.040,2.361,0.518
0x8695f9400,1743,112,866,native_iq4_nl_direct_r4,640,1,1,128,21.464,7.805,0.425
0x8695f9400,1743,112,867,bf16_f32_mmvf_kernel,1,1,1,256,8.325,3.024,0.601
0x8695f9400,1743,112,868,shexp_native_scalar_sigmoid_kernel,1,1,1,1,6.250,2.384,0.381
0x8695f9400,1743,112,869,shexp_scale_rows_kernel,20,1,1,128,5.718,2.584,0.715
0x8695f9400,1743,112,870,quantize_q8_1_kernel,10,1,1,256,7.144,2.488,0.381
0x8695f9400,1743,112,871,native_resident_gu_22,160,10,1,256,198.526,78.987,0.649
0x8695f9400,1743,112,872,swiglu_entries_kernel,25,1,1,256,8.507,2.771,0.389
0x8695f9400,1743,112,873,quantize_q8_1_kernel,25,1,1,256,6.849,2.834,0.355
0x8695f9400,1743,112,874,native_resident_down_direct_42_r4,80,10,1,256,114.724,45.129,0.402
0x8695f9400,1743,112,875,nmoe_combine_kernel,10,1,1,256,9.767,3.464,0.409
0x8695f9400,1743,112,876,fused_gr_norm1_kernel,1,1,1,256,23.047,8.419,0.383
0x8695f9400,1743,112,877,fused_gr_down_kernel,41,1,1,256,36.533,9.535,0.403
0x8695f9400,1743,112,878,fused_gr_up_kernel,160,1,1,256,42.748,14.750,0.410
0x8695f9400,1743,112,879,native_quantize_q8_1_kernel,10,1,1,256,7.747,2.639,0.407
0x8695f9400,1743,112,880,native_iq4_xs_direct_sg4,640,1,1,128,98.573,36.407,398.896
0x8695f9400,1743,112,881,gdn_conv_l2_multi_kernel,80,1,1,128,8.494,2.904,5.899
0x8695f9400,1743,112,882,gdn_ab_multi_kernel,12,1,1,256,19.236,6.848,1.820
0x8695f9400,1743,112,883,native_q6_k_mmvq_kernel_large,6144,1,1,128,110.048,43.964,1.065
0x8695f9400,1743,112,884,gdn_step_norm_multi_tail_kernel,48,1,1,512,36.155,12.157,0.404
0x8695f9400,1743,112,885,native_quantize_q8_1_kernel,24,1,1,256,7.944,2.962,0.423
0x8695f9400,1743,112,886,mmvq_direct_21_r2,320,1,1,128,82.981,31.157,0.409
0x8695f9400,1743,112,887,fused_gr_norm1_kernel,1,1,1,256,24.871,7.685,0.419
0x8695f9400,1743,112,888,fused_gr_down_kernel,41,1,1,256,40.512,10.917,0.396
0x8695f9400,1743,112,889,fused_gr_up_kernel,160,1,1,256,42.926,14.582,3.287
0x8695f9400,1743,112,890,bf16_f32_mmvf_kernel,512,1,1,256,17.007,5.127,0.509
0x8695f9400,1743,112,891,route,1,1,1,256,26.046,8.398,0.386
0x8695f9400,1743,112,892,to_bf16_kernel,10,1,1,256,4.679,1.670,0.377
0x8695f9400,1743,112,893,native_quantize_q8_1_kernel,10,1,1,256,7.011,2.418,0.552
0x8695f9400,1743,112,894,native_iq4_xs_direct_r4,160,1,1,128,17.339,5.834,0.865
0x8695f9400,1743,112,895,native_iq4_xs_direct_r4,160,1,1,128,15.512,5.197,0.708
0x8695f9400,1743,112,896,shexp_native_swiglu_kernel,5,1,1,128,6.439,2.194,0.387
0x8695f9400,1743,112,897,native_quantize_q8_1_kernel,3,1,1,256,5.898,2.105,0.388
0x8695f9400,1743,112,898,native_iq4_nl_direct_r4,640,1,1,128,20.767,6.554,0.455
0x8695f9400,1743,112,899,bf16_f32_mmvf_kernel,1,1,1,256,7.936,2.563,0.554
0x8695f9400,1743,112,900,shexp_native_scalar_sigmoid_kernel,1,1,1,1,5.967,2.086,0.382
0x8695f9400,1743,112,901,shexp_scale_rows_kernel,20,1,1,128,5.028,2.073,0.700
0x8695f9400,1743,112,902,quantize_q8_1_kernel,10,1,1,256,7.198,2.385,0.382
0x8695f9400,1743,112,903,native_resident_gu_22,160,10,1,256,194.317,73.760,0.388
0x8695f9400,1743,112,904,swiglu_entries_kernel,25,1,1,256,6.974,2.788,0.373
0x8695f9400,1743,112,905,quantize_q8_1_kernel,25,1,1,256,6.631,2.631,0.351
0x8695f9400,1743,112,906,native_resident_down_direct_42_r4,80,10,1,256,113.327,43.884,0.405
0x8695f9400,1743,112,907,nmoe_combine_kernel,10,1,1,256,9.307,3.542,0.391
0x8695f9400,1743,112,908,fused_gr_norm1_kernel,1,1,1,256,23.840,8.097,0.375
0x8695f9400,1743,112,909,fused_gr_down_kernel,41,1,1,256,35.114,9.208,0.405
0x8695f9400,1743,112,910,fused_gr_up_kernel,160,1,1,256,42.212,14.566,0.396
0x8695f9400,1743,112,911,native_quantize_q8_1_kernel,10,1,1,256,7.664,2.942,0.412
0x8695f9400,1743,112,912,native_iq4_xs_direct_sg4,640,1,1,128,96.834,34.151,0.368
0x8695f9400,1743,112,913,gdn_conv_l2_multi_kernel,80,1,1,128,8.596,3.015,0.375
0x8695f9400,1743,112,914,gdn_ab_multi_kernel,12,1,1,256,19.334,6.555,0.400
0x8695f9400,1743,112,915,native_q6_k_mmvq_kernel_large,6144,1,1,128,110.389,44.252,0.373
0x8695f9400,1743,112,916,gdn_step_norm_multi_tail_kernel,48,1,1,512,35.931,11.330,0.370
0x8695f9400,1743,112,917,native_quantize_q8_1_kernel,24,1,1,256,8.096,2.730,0.420
0x8695f9400,1743,112,918,native_iq4_xs_direct_sg4,160,1,1,128,62.399,20.532,0.395
0x8695f9400,1743,112,919,fused_gr_norm1_kernel,1,1,1,256,25.138,8.361,0.409
0x8695f9400,1743,112,920,fused_gr_down_kernel,41,1,1,256,35.192,9.006,0.382
0x8695f9400,1743,112,921,fused_gr_up_kernel,160,1,1,256,42.380,14.614,0.381
0x8695f9400,1743,112,922,bf16_f32_mmvf_kernel,512,1,1,256,16.936,4.773,0.406
0x8695f9400,1743,112,923,route,1,1,1,256,26.743,9.154,0.371
0x8695f9400,1743,112,924,to_bf16_kernel,10,1,1,256,5.744,2.136,0.361
0x8695f9400,1743,112,925,native_quantize_q8_1_kernel,10,1,1,256,7.062,2.609,0.384
0x8695f9400,1743,112,926,mmvq_direct_21_r2,80,1,1,128,23.715,8.558,0.365
0x8695f9400,1743,112,927,native_iq4_xs_direct_r4,160,1,1,128,18.180,6.274,0.403
0x8695f9400,1743,112,928,shexp_native_swiglu_kernel,5,1,1,128,7.286,2.521,0.383
0x8695f9400,1743,112,929,native_quantize_q8_1_kernel,3,1,1,256,6.029,2.430,0.381
0x8695f9400,1743,112,930,native_iq4_nl_direct_r4,640,1,1,128,20.868,7.294,0.410
0x8695f9400,1743,112,931,bf16_f32_mmvf_kernel,1,1,1,256,8.352,2.960,0.390
0x8695f9400,1743,112,932,shexp_native_scalar_sigmoid_kernel,1,1,1,1,6.396,2.529,0.381
0x8695f9400,1743,112,933,shexp_scale_rows_kernel,20,1,1,128,5.651,2.423,0.375
0x8695f9400,1743,112,934,quantize_q8_1_kernel,10,1,1,256,7.280,2.671,0.368
0x8695f9400,1743,112,935,native_resident_gu_22,160,10,1,256,199.075,80.663,0.376
0x8695f9400,1743,112,936,swiglu_entries_kernel,25,1,1,256,8.440,2.592,0.361
0x8695f9400,1743,112,937,quantize_q8_1_kernel,25,1,1,256,6.622,2.629,0.349
0x8695f9400,1743,112,938,native_resident_down_direct_42_r4,80,10,1,256,114.318,46.029,1.225
0x8695f9400,1743,112,939,nmoe_combine_kernel,10,1,1,256,9.825,3.641,0.389
0x8695f9400,1743,112,940,fused_gr_norm1_kernel,1,1,1,256,23.995,8.873,0.928
0x8695f9400,1743,112,941,fused_gr_down_kernel,41,1,1,256,33.821,9.419,0.410
0x8695f9400,1743,112,942,fused_gr_up_kernel,160,1,1,256,41.966,14.284,0.406
0x8695f9400,1743,112,943,native_quantize_q8_1_kernel,10,1,1,256,7.744,2.538,0.396
0x8695f9400,1743,112,944,native_iq4_xs_direct_sg4,640,1,1,128,94.823,34.907,0.352
0x8695f9400,1743,112,945,gdn_conv_l2_multi_kernel,80,1,1,128,9.254,2.769,0.382
0x8695f9400,1743,112,946,gdn_ab_multi_kernel,12,1,1,256,18.834,6.782,0.392
0x8695f9400,1743,112,947,mmvq_direct_21_r2,768,1,1,128,93.715,36.456,0.371
0x8695f9400,1743,112,948,gdn_step_norm_multi_tail_kernel,48,1,1,512,35.189,11.250,0.859
0x8695f9400,1743,112,949,native_quantize_q8_1_kernel,24,1,1,256,8.980,2.890,0.404
0x8695f9400,1743,112,950,native_iq4_xs_direct_sg4,160,1,1,128,60.174,20.664,0.381
0x8695f9400,1743,112,951,fused_gr_norm1_kernel,1,1,1,256,24.999,8.282,0.409
0x8695f9400,1743,112,952,fused_gr_down_kernel,41,1,1,256,35.757,9.022,0.366
0x8695f9400,1743,112,953,fused_gr_up_kernel,160,1,1,256,41.753,14.464,0.398
0x8695f9400,1743,112,954,bf16_f32_mmvf_kernel,512,1,1,256,17.499,4.871,0.469
0x8695f9400,1743,112,955,route,1,1,1,256,25.786,9.276,0.368
0x8695f9400,1743,112,956,to_bf16_kernel,10,1,1,256,6.518,2.134,0.452
0x8695f9400,1743,112,957,native_quantize_q8_1_kernel,10,1,1,256,6.833,2.596,0.612
0x8695f9400,1743,112,958,native_iq4_xs_direct_r4,160,1,1,128,17.102,6.496,0.520
0x8695f9400,1743,112,959,mmvq_direct_21_r2,80,1,1,128,23.318,8.166,0.580
0x8695f9400,1743,112,960,shexp_native_swiglu_kernel,5,1,1,128,7.327,2.771,396.264
0x8695f9400,1743,112,961,native_quantize_q8_1_kernel,3,1,1,256,6.812,3.088,5.123
0x8695f9400,1743,112,962,native_iq4_nl_direct_r4,640,1,1,128,20.926,7.706,15.570
0x8695f9400,1743,112,963,bf16_f32_mmvf_kernel,1,1,1,256,8.447,3.148,16.164
0x8695f9400,1743,112,964,shexp_native_scalar_sigmoid_kernel,1,1,1,1,5.904,2.160,11.109
0x8695f9400,1743,112,965,shexp_scale_rows_kernel,20,1,1,128,5.073,1.964,4.963
0x8695f9400,1743,112,966,quantize_q8_1_kernel,10,1,1,256,6.965,2.576,1.821
0x8695f9400,1743,112,967,native_resident_gu_22,160,10,1,256,198.652,82.707,3.002
0x8695f9400,1743,112,968,swiglu_entries_kernel,25,1,1,256,6.595,2.467,0.365
0x8695f9400,1743,112,969,quantize_q8_1_kernel,25,1,1,256,6.623,2.620,3.262
0x8695f9400,1743,112,970,native_resident_down_direct_42_r4,80,10,1,256,114.108,46.589,0.421
0x8695f9400,1743,112,971,nmoe_combine_kernel,10,1,1,256,9.440,3.528,0.402
0x8695f9400,1743,112,972,fused_gr_norm1_kernel,1,1,1,256,23.122,8.540,0.399
0x8695f9400,1743,112,973,fused_gr_down_kernel,41,1,1,256,35.317,10.479,0.412
0x8695f9400,1743,112,974,fused_gr_up_kernel,160,1,1,256,41.834,15.127,0.398
0x8695f9400,1743,112,975,native_quantize_q8_1_kernel,10,1,1,256,7.184,2.793,0.413
0x8695f9400,1743,112,976,bf16_f32_mmvf_kernel,128,1,1,256,9.811,3.542,0.362
0x8695f9400,1743,112,977,native_iq4_xs_direct_r4,128,1,1,128,15.971,6.056,0.366
0x8695f9400,1743,112,978,native_iq4_xs_direct_r4,128,1,1,128,15.447,6.177,0.480
0x8695f9400,1743,112,979,nqs_norm_kernel,2,1,1,256,7.814,2.976,0.433
0x8695f9400,1743,112,980,native_rope_apply_kernel,1,2,1,128,13.428,4.968,0.370
0x8695f9400,1743,112,981,copy_from_mapped_kernel,1,1,1,256,6.084,2.518,0.419
0x8695f9400,1743,112,982,kv_append_kernel,2,1,1,256,15.645,5.696,0.804
0x8695f9400,1743,112,983,nqsi_append_kernel,1,1,1,256,12.061,5.909,0.420
0x8695f9400,1743,112,984,native_iq4_xs_direct_sg4,768,1,1,128,114.081,44.537,0.377
0x8695f9400,1743,112,985,runtime_copy2d16,1,24,1,128,5.482,2.415,0.419
0x8695f9400,1743,112,986,nqs_norm_kernel,24,1,1,256,7.101,2.712,0.401
0x8695f9400,1743,112,987,native_rope_apply_kernel,1,24,1,128,12.109,4.762,0.373
0x8695f9400,1743,112,988,bf16_f32_mmvf_kernel,512,1,1,256,16.925,6.017,0.368
0x8695f9400,1743,112,989,nqs_norm_kernel,4,1,1,256,7.037,2.780,0.394
0x8695f9400,1743,112,990,native_rope_apply_kernel,1,4,1,128,9.283,3.923,0.380
0x8695f9400,1743,112,991,block_scores_multi_kernel,256,1,1,256,18.320,7.201,0.424
0x8695f9400,1743,112,992,block_topk_scan_kernel,1,1,1,256,55.255,21.768,0.376
0x8695f9400,1743,112,993,attn_chunk_kernel_m0,33,2,1,256,144.959,55.687,0.378
0x8695f9400,1743,112,994,attn_merge_kernel,24,1,1,256,43.778,16.851,0.407
0x8695f9400,1743,112,995,nqs_gate_kernel,24,1,1,256,10.494,3.854,0.383
0x8695f9400,1743,112,996,native_quantize_q8_1_kernel,24,1,1,256,7.373,2.818,0.379
0x8695f9400,1743,112,997,native_iq4_xs_direct_sg4,160,1,1,128,60.538,21.974,0.396
0x8695f9400,1743,112,998,fused_gr_norm1_kernel,1,1,1,256,24.654,8.529,0.381
0x8695f9400,1743,112,999,fused_gr_down_kernel,41,1,1,256,37.044,9.920,0.394
0x8695f9400,1743,112,1000,fused_gr_up_kernel,160,1,1,256,42.937,15.339,0.381
0x8695f9400,1743,112,1001,bf16_f32_mmvf_kernel,512,1,1,256,16.903,5.116,0.392
0x8695f9400,1743,112,1002,route,1,1,1,256,26.572,9.638,1.130
0x8695f9400,1743,112,1003,to_bf16_kernel,10,1,1,256,5.750,2.066,0.415
0x8695f9400,1743,112,1004,native_quantize_q8_1_kernel,10,1,1,256,7.569,2.831,0.411
0x8695f9400,1743,112,1005,native_q6_k_mmvq_kernel_large,640,1,1,128,19.007,7.718,0.391
0x8695f9400,1743,112,1006,mmvq_direct_21_r2,80,1,1,128,24.584,8.778,0.392
0x8695f9400,1743,112,1007,shexp_native_swiglu_kernel,5,1,1,128,7.440,2.665,0.399
0x8695f9400,1743,112,1008,native_quantize_q8_1_kernel,3,1,1,256,6.283,2.849,0.373
0x8695f9400,1743,112,1009,native_iq4_nl_direct_r4,640,1,1,128,22.230,8.199,0.362
0x8695f9400,1743,112,1010,bf16_f32_mmvf_kernel,1,1,1,256,8.529,3.272,0.379
0x8695f9400,1743,112,1011,shexp_native_scalar_sigmoid_kernel,1,1,1,1,6.361,2.728,0.376
0x8695f9400,1743,112,1012,shexp_scale_rows_kernel,20,1,1,128,5.727,2.610,0.420
0x8695f9400,1743,112,1013,quantize_q8_1_kernel,10,1,1,256,7.576,2.749,0.387
0x8695f9400,1743,112,1014,native_resident_gu_16,160,10,1,256,189.523,78.665,0.396
0x8695f9400,1743,112,1015,swiglu_entries_kernel,25,1,1,256,8.474,2.734,0.417
0x8695f9400,1743,112,1016,quantize_q8_1_kernel,25,1,1,256,6.881,3.106,0.392
0x8695f9400,1743,112,1017,native_resident_down_direct_42_r4,80,10,1,256,115.169,46.690,0.374
0x8695f9400,1743,112,1018,nmoe_combine_kernel,10,1,1,256,9.821,3.716,0.400
0x8695f9400,1743,112,1019,fused_gr_norm1_kernel,1,1,1,256,23.885,8.910,0.386
0x8695f9400,1743,112,1020,fused_gr_down_kernel,41,1,1,256,37.234,10.413,0.396
0x8695f9400,1743,112,1021,fused_gr_up_kernel,160,1,1,256,44.188,15.427,0.385
0x8695f9400,1743,112,1022,native_quantize_q8_1_kernel,10,1,1,256,8.063,2.857,0.394
0x8695f9400,1743,112,1023,native_iq4_xs_direct_sg4,640,1,1,128,99.345,36.742,0.474
0x8695f9400,1743,112,1024,gdn_conv_l2_multi_kernel,80,1,1,128,9.689,3.001,0.454
0x8695f9400,1743,112,1025,gdn_ab_multi_kernel,12,1,1,256,19.796,7.131,0.387
0x8695f9400,1743,112,1026,native_iq4_xs_direct_sg4,384,1,1,128,66.628,23.638,0.687
0x8695f9400,1743,112,1027,gdn_step_norm_multi_tail_kernel,48,1,1,512,36.994,11.860,0.430
0x8695f9400,1743,112,1028,native_quantize_q8_1_kernel,24,1,1,256,8.978,2.988,0.402
0x8695f9400,1743,112,1029,native_iq4_xs_direct_sg4,160,1,1,128,64.026,22.164,0.704
0x8695f9400,1743,112,1030,fused_gr_norm1_kernel,1,1,1,256,25.461,8.808,0.398
0x8695f9400,1743,112,1031,fused_gr_down_kernel,41,1,1,256,38.330,9.989,0.391
0x8695f9400,1743,112,1032,fused_gr_up_kernel,160,1,1,256,43.774,15.086,0.387
0x8695f9400,1743,112,1033,bf16_f32_mmvf_kernel,512,1,1,256,17.375,4.815,0.486
0x8695f9400,1743,112,1034,route,1,1,1,256,27.296,9.377,0.643
0x8695f9400,1743,112,1035,to_bf16_kernel,10,1,1,256,5.975,1.811,0.409
0x8695f9400,1743,112,1036,native_quantize_q8_1_kernel,10,1,1,256,7.177,2.589,0.500
0x8695f9400,1743,112,1037,mmvq_direct_21_r2,80,1,1,128,24.395,8.790,1.449
0x8695f9400,1743,112,1038,native_q6_k_mmvq_kernel_large,640,1,1,128,19.531,6.913,0.381
0x8695f9400,1743,112,1039,shexp_native_swiglu_kernel,5,1,1,128,7.490,2.670,0.392
0x8695f9400,1743,112,1040,native_quantize_q8_1_kernel,3,1,1,256,7.744,2.835,395.994
0x8695f9400,1743,112,1041,native_iq4_nl_direct_r4,640,1,1,128,21.248,7.628,6.096
0x8695f9400,1743,112,1042,bf16_f32_mmvf_kernel,1,1,1,256,8.567,3.200,7.194
0x8695f9400,1743,112,1043,shexp_native_scalar_sigmoid_kernel,1,1,1,1,6.225,2.593,9.291
0x8695f9400,1743,112,1044,shexp_scale_rows_kernel,20,1,1,128,5.296,2.349,17.388
0x8695f9400,1743,112,1045,quantize_q8_1_kernel,10,1,1,256,6.978,2.602,4.150
0x8695f9400,1743,112,1046,native_resident_gu_22,160,10,1,256,198.359,81.132,8.407
0x8695f9400,1743,112,1047,swiglu_entries_kernel,25,1,1,256,6.717,2.651,0.418
0x8695f9400,1743,112,1048,quantize_q8_1_kernel,25,1,1,256,6.825,2.989,0.404
0x8695f9400,1743,112,1049,native_resident_down_direct_42_r4,80,10,1,256,113.784,45.309,3.467
0x8695f9400,1743,112,1050,nmoe_combine_kernel,10,1,1,256,9.159,3.466,0.387
0x8695f9400,1743,112,1051,fused_gr_norm1_kernel,1,1,1,256,22.989,8.106,0.374
0x8695f9400,1743,112,1052,fused_gr_down_kernel,41,1,1,256,34.887,10.247,0.382
0x8695f9400,1743,112,1053,fused_gr_up_kernel,160,1,1,256,41.398,15.486,0.358
0x8695f9400,1743,112,1054,native_quantize_q8_1_kernel,10,1,1,256,7.236,2.574,0.364
0x8695f9400,1743,112,1055,native_iq4_xs_direct_sg4,640,1,1,128,95.584,37.095,0.395
0x8695f9400,1743,112,1056,gdn_conv_l2_multi_kernel,80,1,1,128,8.443,3.125,0.425
0x8695f9400,1743,112,1057,gdn_ab_multi_kernel,12,1,1,256,19.069,6.739,0.372
0x8695f9400,1743,112,1058,native_iq4_xs_direct_sg4,384,1,1,128,63.262,23.881,0.405
0x8695f9400,1743,112,1059,gdn_step_norm_multi_tail_kernel,48,1,1,512,34.447,11.479,0.390
0x8695f9400,1743,112,1060,native_quantize_q8_1_kernel,24,1,1,256,7.212,2.897,0.395
0x8695f9400,1743,112,1061,mmvq_direct_21_r2,320,1,1,128,82.332,32.013,0.357
0x8695f9400,1743,112,1062,fused_gr_norm1_kernel,1,1,1,256,22.715,7.920,0.373
0x8695f9400,1743,112,1063,fused_gr_down_kernel,41,1,1,256,38.517,9.897,0.377
0x8695f9400,1743,112,1064,fused_gr_up_kernel,160,1,1,256,41.066,14.174,0.374
0x8695f9400,1743,112,1065,bf16_f32_mmvf_kernel,512,1,1,256,16.331,5.292,0.368
0x8695f9400,1743,112,1066,route,1,1,1,256,25.549,8.689,0.391
0x8695f9400,1743,112,1067,to_bf16_kernel,10,1,1,256,5.267,2.550,0.379
0x8695f9400,1743,112,1068,native_quantize_q8_1_kernel,10,1,1,256,6.702,2.371,0.399
0x8695f9400,1743,112,1069,native_iq4_xs_direct_r4,160,1,1,128,17.402,6.312,0.372
0x8695f9400,1743,112,1070,native_iq4_xs_direct_r4,160,1,1,128,15.777,5.839,0.378
0x8695f9400,1743,112,1071,shexp_native_swiglu_kernel,5,1,1,128,6.707,2.679,0.386
0x8695f9400,1743,112,1072,native_quantize_q8_1_kernel,3,1,1,256,5.941,2.276,0.374
0x8695f9400,1743,112,1073,native_iq4_nl_direct_r4,640,1,1,128,20.592,6.993,0.358
0x8695f9400,1743,112,1074,bf16_f32_mmvf_kernel,1,1,1,256,7.988,2.776,0.377
0x8695f9400,1743,112,1075,shexp_native_scalar_sigmoid_kernel,1,1,1,1,6.052,2.277,0.372
0x8695f9400,1743,112,1076,shexp_scale_rows_kernel,20,1,1,128,5.250,2.268,0.403
0x8695f9400,1743,112,1077,quantize_q8_1_kernel,10,1,1,256,7.234,2.450,0.379
0x8695f9400,1743,112,1078,native_resident_gu_16,160,10,1,256,184.678,72.910,0.968
0x8695f9400,1743,112,1079,swiglu_entries_kernel,25,1,1,256,8.089,2.754,0.407
0x8695f9400,1743,112,1080,quantize_q8_1_kernel,25,1,1,256,6.798,2.961,2.600
0x8695f9400,1743,112,1081,native_resident_down_direct_42_r4,80,10,1,256,112.632,44.524,0.562
0x8695f9400,1743,112,1082,nmoe_combine_kernel,10,1,1,256,9.823,3.465,0.375
0x8695f9400,1743,112,1083,fused_gr_norm1_kernel,1,1,1,256,22.128,7.989,0.356
0x8695f9400,1743,112,1084,fused_gr_down_kernel,41,1,1,256,34.012,9.624,0.378
0x8695f9400,1743,112,1085,fused_gr_up_kernel,160,1,1,256,41.681,14.913,0.353
0x8695f9400,1743,112,1086,native_quantize_q8_1_kernel,10,1,1,256,7.567,2.505,0.350
0x8695f9400,1743,112,1087,native_iq4_xs_direct_sg4,640,1,1,128,94.865,35.401,0.469
0x8695f9400,1743,112,1088,gdn_conv_l2_multi_kernel,80,1,1,128,9.430,2.922,0.424
0x8695f9400,1743,112,1089,gdn_ab_multi_kernel,12,1,1,256,19.192,6.944,0.372
0x8695f9400,1743,112,1090,native_iq4_xs_direct_sg4,384,1,1,128,63.121,23.732,0.395
0x8695f9400,1743,112,1091,gdn_step_norm_multi_tail_kernel,48,1,1,512,35.027,11.824,0.406
0x8695f9400,1743,112,1092,native_quantize_q8_1_kernel,24,1,1,256,8.352,3.257,0.392
0x8695f9400,1743,112,1093,native_iq4_xs_direct_sg4,160,1,1,128,60.623,21.387,0.344
0x8695f9400,1743,112,1094,fused_gr_norm1_kernel,1,1,1,256,24.501,8.641,0.370
0x8695f9400,1743,112,1095,fused_gr_down_kernel,41,1,1,256,34.621,9.322,0.365
0x8695f9400,1743,112,1096,fused_gr_up_kernel,160,1,1,256,42.220,15.173,0.364
0x8695f9400,1743,112,1097,bf16_f32_mmvf_kernel,512,1,1,256,16.237,4.974,0.346
0x8695f9400,1743,112,1098,route,1,1,1,256,26.308,9.504,0.384
0x8695f9400,1743,112,1099,to_bf16_kernel,10,1,1,256,5.623,2.302,0.370
0x8695f9400,1743,112,1100,native_quantize_q8_1_kernel,10,1,1,256,7.272,2.724,0.391
0x8695f9400,1743,112,1101,native_iq4_xs_direct_r4,160,1,1,128,17.186,6.535,0.373
0x8695f9400,1743,112,1102,native_iq4_xs_direct_r4,160,1,1,128,16.286,6.275,0.375
0x8695f9400,1743,112,1103,shexp_native_swiglu_kernel,5,1,1,128,6.812,2.590,0.764
0x8695f9400,1743,112,1104,native_quantize_q8_1_kernel,3,1,1,256,6.497,2.328,0.368
0x8695f9400,1743,112,1105,native_q2_0_mmvq_kernel_small,640,1,1,128,31.933,10.814,0.642
0x8695f9400,1743,112,1106,bf16_f32_mmvf_kernel,1,1,1,256,8.421,3.281,0.373
0x8695f9400,1743,112,1107,shexp_native_scalar_sigmoid_kernel,1,1,1,1,6.004,2.401,0.360
0x8695f9400,1743,112,1108,shexp_scale_rows_kernel,20,1,1,128,5.827,2.891,0.558
0x8695f9400,1743,112,1109,quantize_q8_1_kernel,10,1,1,256,7.063,2.739,0.579
0x8695f9400,1743,112,1110,native_resident_gu_16,160,10,1,256,186.476,75.720,0.708
0x8695f9400,1743,112,1111,swiglu_entries_kernel,25,1,1,256,8.304,2.629,0.415
0x8695f9400,1743,112,1112,quantize_q8_1_kernel,25,1,1,256,6.660,2.987,0.376
0x8695f9400,1743,112,1113,native_resident_down_direct_42_r4,80,10,1,256,114.823,46.845,0.369
0x8695f9400,1743,112,1114,nmoe_combine_kernel,10,1,1,256,9.292,3.694,0.381
0x8695f9400,1743,112,1115,fused_gr_norm1_kernel,1,1,1,256,23.036,8.411,0.362
0x8695f9400,1743,112,1116,fused_gr_down_kernel,41,1,1,256,35.073,9.368,0.374
0x8695f9400,1743,112,1117,fused_gr_up_kernel,160,1,1,256,41.687,14.247,0.348
0x8695f9400,1743,112,1118,native_quantize_q8_1_kernel,10,1,1,256,7.669,2.623,0.353
0x8695f9400,1743,112,1119,bf16_f32_mmvf_kernel,128,1,1,256,9.763,3.296,0.469
0x8695f9400,1743,112,1120,native_iq4_xs_direct_r4,128,1,1,128,17.092,6.074,379.337
0x8695f9400,1743,112,1121,native_q6_k_mmvq_kernel_large,512,1,1,128,15.902,5.903,26.198
0x8695f9400,1743,112,1122,nqs_norm_kernel,2,1,1,256,7.765,2.959,6.367
0x8695f9400,1743,112,1123,native_rope_apply_kernel,1,2,1,128,13.252,4.879,2.965
0x8695f9400,1743,112,1124,copy_from_mapped_kernel,1,1,1,256,5.935,2.322,0.923
0x8695f9400,1743,112,1125,kv_append_kernel,2,1,1,256,15.568,5.510,3.087
0x8695f9400,1743,112,1126,nqsi_append_kernel,1,1,1,256,11.845,5.609,1.330
0x8695f9400,1743,112,1127,native_iq4_xs_direct_sg4,768,1,1,128,112.759,44.446,8.381
0x8695f9400,1743,112,1128,runtime_copy2d16,1,24,1,128,5.374,2.121,0.394
0x8695f9400,1743,112,1129,nqs_norm_kernel,24,1,1,256,7.250,2.683,3.416
0x8695f9400,1743,112,1130,native_rope_apply_kernel,1,24,1,128,13.050,4.775,1.153
0x8695f9400,1743,112,1131,bf16_f32_mmvf_kernel,512,1,1,256,16.592,6.533,0.830
0x8695f9400,1743,112,1132,nqs_norm_kernel,4,1,1,256,6.878,2.510,0.416
0x8695f9400,1743,112,1133,native_rope_apply_kernel,1,4,1,128,9.388,3.968,0.384
0x8695f9400,1743,112,1134,block_scores_multi_kernel,256,1,1,256,17.903,6.776,0.427
0x8695f9400,1743,112,1135,block_topk_scan_kernel,1,1,1,256,54.662,20.750,0.456
0x8695f9400,1743,112,1136,attn_chunk_kernel_m0,33,2,1,256,144.184,53.774,0.424
0x8695f9400,1743,112,1137,attn_merge_kernel,24,1,1,256,43.251,15.946,0.414
0x8695f9400,1743,112,1138,nqs_gate_kernel,24,1,1,256,9.527,3.508,0.392
0x8695f9400,1743,112,1139,native_quantize_q8_1_kernel,24,1,1,256,7.291,2.602,0.374
0x8695f9400,1743,112,1140,native_iq4_xs_direct_sg4,160,1,1,128,59.379,21.355,0.411
0x8695f9400,1743,112,1141,fused_gr_norm1_kernel,1,1,1,256,23.220,8.075,0.389
0x8695f9400,1743,112,1142,fused_gr_down_kernel,41,1,1,256,36.196,10.793,0.383
0x8695f9400,1743,112,1143,fused_gr_up_kernel,160,1,1,256,42.197,15.114,0.495
0x8695f9400,1743,112,1144,bf16_f32_mmvf_kernel,512,1,1,256,17.207,6.189,0.412
0x8695f9400,1743,112,1145,route,1,1,1,256,26.307,8.956,0.394
0x8695f9400,1743,112,1146,to_bf16_kernel,10,1,1,256,5.113,2.352,0.506
0x8695f9400,1743,112,1147,native_quantize_q8_1_kernel,10,1,1,256,6.905,2.519,0.384
0x8695f9400,1743,112,1148,native_iq4_xs_direct_r4,160,1,1,128,17.829,6.494,0.412
0x8695f9400,1743,112,1149,mmvq_direct_21_r2,80,1,1,128,24.709,8.871,0.382
0x8695f9400,1743,112,1150,shexp_native_swiglu_kernel,5,1,1,128,6.846,2.601,0.382
0x8695f9400,1743,112,1151,native_quantize_q8_1_kernel,3,1,1,256,6.044,2.635,0.427
0x8695f9400,1743,112,1152,native_iq4_nl_direct_r4,640,1,1,128,21.621,7.876,0.406
0x8695f9400,1743,112,1153,bf16_f32_mmvf_kernel,1,1,1,256,8.327,3.007,0.386
0x8695f9400,1743,112,1154,shexp_native_scalar_sigmoid_kernel,1,1,1,1,5.968,2.103,0.421
0x8695f9400,1743,112,1155,shexp_scale_rows_kernel,20,1,1,128,5.521,2.561,0.392
0x8695f9400,1743,112,1156,quantize_q8_1_kernel,10,1,1,256,7.287,2.679,0.436
0x8695f9400,1743,112,1157,native_resident_gu_22,160,10,1,256,200.658,80.342,0.898
0x8695f9400,1743,112,1158,swiglu_entries_kernel,25,1,1,256,7.581,3.034,0.395
0x8695f9400,1743,112,1159,quantize_q8_1_kernel,25,1,1,256,6.720,2.663,0.404
0x8695f9400,1743,112,1160,native_resident_down_direct_42_r4,80,10,1,256,114.426,44.803,3.265
0x8695f9400,1743,112,1161,nmoe_combine_kernel,10,1,1,256,9.555,3.494,0.402
0x8695f9400,1743,112,1162,fused_gr_norm1_kernel,1,1,1,256,23.119,8.296,0.427
0x8695f9400,1743,112,1163,fused_gr_down_kernel,41,1,1,256,39.193,16.058,0.404
0x8695f9400,1743,112,1164,fused_gr_up_kernel,160,1,1,256,43.288,14.650,0.437
0x8695f9400,1743,112,1165,native_quantize_q8_1_kernel,10,1,1,256,7.969,2.804,0.409
0x8695f9400,1743,112,1166,native_iq4_xs_direct_sg4,640,1,1,128,98.715,34.291,0.391
0x8695f9400,1743,112,1167,gdn_conv_l2_multi_kernel,80,1,1,128,9.780,3.185,0.461
0x8695f9400,1743,112,1168,gdn_ab_multi_kernel,12,1,1,256,19.428,6.753,0.379
0x8695f9400,1743,112,1169,native_iq4_xs_direct_sg4,384,1,1,128,65.204,23.572,0.373
0x8695f9400,1743,112,1170,gdn_step_norm_multi_tail_kernel,48,1,1,512,36.677,12.049,0.428
0x8695f9400,1743,112,1171,native_quantize_q8_1_kernel,24,1,1,256,8.550,3.138,0.387
0x8695f9400,1743,112,1172,native_iq4_xs_direct_sg4,160,1,1,128,63.459,21.850,0.394
0x8695f9400,1743,112,1173,fused_gr_norm1_kernel,1,1,1,256,24.100,8.184,0.370
0x8695f9400,1743,112,1174,fused_gr_down_kernel,41,1,1,256,37.807,9.776,0.360
0x8695f9400,1743,112,1175,fused_gr_up_kernel,160,1,1,256,42.944,14.773,0.448
0x8695f9400,1743,112,1176,bf16_f32_mmvf_kernel,512,1,1,256,17.727,4.924,0.384
0x8695f9400,1743,112,1177,route,1,1,1,256,26.289,9.052,0.358
0x8695f9400,1743,112,1178,to_bf16_kernel,10,1,1,256,6.006,2.296,0.425
0x8695f9400,1743,112,1179,native_quantize_q8_1_kernel,10,1,1,256,7.018,2.414,0.397
0x8695f9400,1743,112,1180,native_iq4_xs_direct_r4,160,1,1,128,17.498,6.431,0.398
0x8695f9400,1743,112,1181,native_q6_k_mmvq_kernel_large,640,1,1,128,18.888,6.984,0.770
0x8695f9400,1743,112,1182,shexp_native_swiglu_kernel,5,1,1,128,7.264,2.385,0.387
0x8695f9400,1743,112,1183,native_quantize_q8_1_kernel,3,1,1,256,5.995,2.255,0.525
0x8695f9400,1743,112,1184,native_iq4_nl_direct_r4,640,1,1,128,21.004,7.056,0.615
0x8695f9400,1743,112,1185,bf16_f32_mmvf_kernel,1,1,1,256,7.715,2.641,0.410
0x8695f9400,1743,112,1186,shexp_native_scalar_sigmoid_kernel,1,1,1,1,5.745,2.019,0.635
0x8695f9400,1743,112,1187,shexp_scale_rows_kernel,20,1,1,128,5.288,2.227,0.533
0x8695f9400,1743,112,1188,quantize_q8_1_kernel,10,1,1,256,6.796,2.299,0.646
0x8695f9400,1743,112,1189,native_resident_gu_22,160,10,1,256,199.779,79.099,0.666
0x8695f9400,1743,112,1190,swiglu_entries_kernel,25,1,1,256,8.721,2.546,0.387
0x8695f9400,1743,112,1191,quantize_q8_1_kernel,25,1,1,256,6.714,2.774,0.395
0x8695f9400,1743,112,1192,native_resident_down_direct_42_r4,80,10,1,256,114.402,44.428,0.378
0x8695f9400,1743,112,1193,nmoe_combine_kernel,10,1,1,256,9.609,3.387,0.383
0x8695f9400,1743,112,1194,fused_gr_norm1_kernel,1,1,1,256,24.086,8.556,0.384
0x8695f9400,1743,112,1195,fused_gr_down_kernel,41,1,1,256,35.506,8.864,0.364
0x8695f9400,1743,112,1196,fused_gr_up_kernel,160,1,1,256,42.706,14.255,0.381
0x8695f9400,1743,112,1197,native_quantize_q8_1_kernel,10,1,1,256,7.760,2.394,0.362
0x8695f9400,1743,112,1198,native_iq4_xs_direct_sg4,640,1,1,128,95.036,34.438,0.350
0x8695f9400,1743,112,1199,gdn_conv_l2_multi_kernel,80,1,1,128,9.702,2.857,0.411
0x8695f9400,1743,112,1200,gdn_ab_multi_kernel,12,1,1,256,20.308,7.146,377.833
0x8695f9400,1743,112,1201,mmvq_direct_21_r2,768,1,1,128,94.580,37.456,7.485
0x8695f9400,1743,112,1202,gdn_step_norm_multi_tail_kernel,48,1,1,512,34.989,11.788,1.366
0x8695f9400,1743,112,1203,native_quantize_q8_1_kernel,24,1,1,256,7.356,2.943,0.397
0x8695f9400,1743,112,1204,native_q6_k_mmvq_kernel_large,2560,1,1,128,109.262,44.574,0.494
0x8695f9400,1743,112,1205,fused_gr_norm1_kernel,1,1,1,256,24.215,8.156,0.367
0x8695f9400,1743,112,1206,fused_gr_down_kernel,41,1,1,256,35.583,10.065,0.406
0x8695f9400,1743,112,1207,fused_gr_up_kernel,160,1,1,256,42.145,14.950,0.407
0x8695f9400,1743,112,1208,bf16_f32_mmvf_kernel,512,1,1,256,16.765,5.114,0.370
0x8695f9400,1743,112,1209,route,1,1,1,256,25.998,8.809,5.069
0x8695f9400,1743,112,1210,to_bf16_kernel,10,1,1,256,5.109,2.152,0.424
0x8695f9400,1743,112,1211,native_quantize_q8_1_kernel,10,1,1,256,6.826,2.612,1.824
0x8695f9400,1743,112,1212,native_iq4_xs_direct_r4,160,1,1,128,17.079,6.153,0.406
0x8695f9400,1743,112,1213,native_iq4_xs_direct_r4,160,1,1,128,15.672,5.596,0.389
0x8695f9400,1743,112,1214,shexp_native_swiglu_kernel,5,1,1,128,6.767,2.451,0.387
0x8695f9400,1743,112,1215,native_quantize_q8_1_kernel,3,1,1,256,6.049,2.407,0.411
0x8695f9400,1743,112,1216,native_iq4_nl_direct_r4,640,1,1,128,21.285,7.591,0.381
0x8695f9400,1743,112,1217,bf16_f32_mmvf_kernel,1,1,1,256,8.019,2.833,0.367
0x8695f9400,1743,112,1218,shexp_native_scalar_sigmoid_kernel,1,1,1,1,6.106,2.492,0.392
0x8695f9400,1743,112,1219,shexp_scale_rows_kernel,20,1,1,128,5.414,2.324,0.375
0x8695f9400,1743,112,1220,quantize_q8_1_kernel,10,1,1,256,7.267,2.576,0.392
0x8695f9400,1743,112,1221,native_resident_gu_22,160,10,1,256,201.090,81.901,0.955
0x8695f9400,1743,112,1222,swiglu_entries_kernel,25,1,1,256,7.006,2.847,0.394
0x8695f9400,1743,112,1223,quantize_q8_1_kernel,25,1,1,256,6.872,2.921,0.415
0x8695f9400,1743,112,1224,native_resident_down_direct_42_r4,80,10,1,256,114.989,46.204,0.400
0x8695f9400,1743,112,1225,nmoe_combine_kernel,10,1,1,256,9.433,3.504,0.397
0x8695f9400,1743,112,1226,fused_gr_norm1_kernel,1,1,1,256,23.124,8.507,0.411
0x8695f9400,1743,112,1227,fused_gr_down_kernel,41,1,1,256,34.824,9.537,0.384
0x8695f9400,1743,112,1228,fused_gr_up_kernel,160,1,1,256,42.194,14.976,0.399
0x8695f9400,1743,112,1229,native_quantize_q8_1_kernel,10,1,1,256,7.384,2.808,0.382
0x8695f9400,1743,112,1230,native_iq4_xs_direct_sg4,640,1,1,128,97.138,34.611,0.371
0x8695f9400,1743,112,1231,gdn_conv_l2_multi_kernel,80,1,1,128,8.984,3.253,0.412
0x8695f9400,1743,112,1232,gdn_ab_multi_kernel,12,1,1,256,19.515,6.931,0.391
0x8695f9400,1743,112,1233,native_iq4_xs_direct_sg4,384,1,1,128,64.251,23.596,0.383
0x8695f9400,1743,112,1234,gdn_step_norm_multi_tail_kernel,48,1,1,512,35.617,11.650,0.416
0x8695f9400,1743,112,1235,native_quantize_q8_1_kernel,24,1,1,256,8.245,3.024,0.405
0x8695f9400,1743,112,1236,native_iq4_xs_direct_sg4,160,1,1,128,61.116,20.687,0.414
0x8695f9400,1743,112,1237,fused_gr_norm1_kernel,1,1,1,256,23.115,7.783,0.375
0x8695f9400,1743,112,1238,fused_gr_down_kernel,41,1,1,256,35.382,9.084,0.371
0x8695f9400,1743,112,1239,fused_gr_up_kernel,160,1,1,256,42.360,14.718,0.478
0x8695f9400,1743,112,1240,bf16_f32_mmvf_kernel,512,1,1,256,16.887,4.862,3.494
0x8695f9400,1743,112,1241,route,1,1,1,256,26.898,9.402,0.485
0x8695f9400,1743,112,1242,to_bf16_kernel,10,1,1,256,5.751,2.114,0.406
0x8695f9400,1743,112,1243,native_quantize_q8_1_kernel,10,1,1,256,7.009,2.560,0.386
0x8695f9400,1743,112,1244,native_iq4_xs_direct_r4,160,1,1,128,17.239,6.256,0.410
0x8695f9400,1743,112,1245,native_iq4_xs_direct_r4,160,1,1,128,16.638,5.614,0.381
0x8695f9400,1743,112,1246,shexp_native_swiglu_kernel,5,1,1,128,6.811,2.442,0.389
0x8695f9400,1743,112,1247,native_quantize_q8_1_kernel,3,1,1,256,6.324,2.185,0.404
0x8695f9400,1743,112,1248,native_iq4_nl_direct_r4,640,1,1,128,21.243,7.535,0.373
0x8695f9400,1743,112,1249,bf16_f32_mmvf_kernel,1,1,1,256,8.570,2.972,0.443
0x8695f9400,1743,112,1250,shexp_native_scalar_sigmoid_kernel,1,1,1,1,6.083,2.184,0.397
0x8695f9400,1743,112,1251,shexp_scale_rows_kernel,20,1,1,128,6.033,2.688,0.379
0x8695f9400,1743,112,1252,quantize_q8_1_kernel,10,1,1,256,7.230,2.478,0.521
0x8695f9400,1743,112,1253,native_resident_gu_22,160,10,1,256,202.148,82.743,0.586
0x8695f9400,1743,112,1254,swiglu_entries_kernel,25,1,1,256,8.709,3.653,0.404
0x8695f9400,1743,112,1255,quantize_q8_1_kernel,25,1,1,256,6.924,2.974,0.411
0x8695f9400,1743,112,1256,native_resident_down_direct_42_r4,80,10,1,256,114.955,45.872,0.388
0x8695f9400,1743,112,1257,nmoe_combine_kernel,10,1,1,256,9.737,3.650,0.391
0x8695f9400,1743,112,1258,fused_gr_norm1_kernel,1,1,1,256,24.393,8.867,0.373
0x8695f9400,1743,112,1259,fused_gr_down_kernel,41,1,1,256,35.039,9.657,0.352
0x8695f9400,1743,112,1260,fused_gr_up_kernel,160,1,1,256,42.396,14.338,0.388
0x8695f9400,1743,112,1261,native_quantize_q8_1_kernel,10,1,1,256,7.955,2.759,0.353
0x8695f9400,1743,112,1262,bf16_f32_mmvf_kernel,128,1,1,256,9.542,3.345,0.336
0x8695f9400,1743,112,1263,native_iq4_xs_direct_r4,128,1,1,128,17.187,6.210,0.397
0x8695f9400,1743,112,1264,native_iq4_xs_direct_r4,128,1,1,128,16.119,5.659,0.392
0x8695f9400,1743,112,1265,nqs_norm_kernel,2,1,1,256,8.529,3.207,0.373
0x8695f9400,1743,112,1266,native_rope_apply_kernel,1,2,1,128,13.623,4.996,0.410
0x8695f9400,1743,112,1267,copy_from_mapped_kernel,1,1,1,256,7.075,2.515,0.392
0x8695f9400,1743,112,1268,kv_append_kernel,2,1,1,256,16.015,5.843,0.408
0x8695f9400,1743,112,1269,nqsi_append_kernel,1,1,1,256,12.927,5.835,0.352
0x8695f9400,1743,112,1270,mmvq_direct_21_r2,1536,1,1,128,171.877,67.579,0.356
0x8695f9400,1743,112,1271,runtime_copy2d16,1,24,1,128,7.901,2.833,0.404
0x8695f9400,1743,112,1272,nqs_norm_kernel,24,1,1,256,7.783,3.270,0.358
0x8695f9400,1743,112,1273,native_rope_apply_kernel,1,24,1,128,12.730,4.584,0.343
0x8695f9400,1743,112,1274,bf16_f32_mmvf_kernel,512,1,1,256,17.407,6.404,0.526
0x8695f9400,1743,112,1275,nqs_norm_kernel,4,1,1,256,7.512,2.577,0.656
0x8695f9400,1743,112,1276,native_rope_apply_kernel,1,4,1,128,9.352,3.779,0.408
0x8695f9400,1743,112,1277,block_scores_multi_kernel,256,1,1,256,18.739,6.817,0.571
0x8695f9400,1743,112,1278,block_topk_scan_kernel,1,1,1,256,55.826,21.011,0.493
0x8695f9400,1743,112,1279,attn_chunk_kernel_m0,33,2,1,256,145.374,54.574,0.413
0x8695f9400,1743,112,1280,attn_merge_kernel,24,1,1,256,46.221,17.703,437.872
0x8695f9400,1743,112,1281,nqs_gate_kernel,24,1,1,256,9.974,3.704,7.462
0x8695f9400,1743,112,1282,native_quantize_q8_1_kernel,24,1,1,256,7.611,3.074,2.868
0x8695f9400,1743,112,1283,native_iq4_xs_direct_sg4,160,1,1,128,64.516,28.565,6.519
0x8695f9400,1743,112,1284,fused_gr_norm1_kernel,1,1,1,256,24.248,8.874,0.451
0x8695f9400,1743,112,1285,fused_gr_down_kernel,41,1,1,256,41.414,21.252,0.414
0x8695f9400,1743,112,1286,fused_gr_up_kernel,160,1,1,256,48.161,24.198,2.334
0x8695f9400,1743,112,1287,bf16_f32_mmvf_kernel,512,1,1,256,19.802,10.186,1.104
0x8695f9400,1743,112,1288,route,1,1,1,256,27.776,10.109,0.538
0x8695f9400,1743,112,1289,to_bf16_kernel,10,1,1,256,4.850,2.022,3.079
0x8695f9400,1743,112,1290,native_quantize_q8_1_kernel,10,1,1,256,7.202,2.815,0.454
0x8695f9400,1743,112,1291,native_iq4_xs_direct_r4,160,1,1,128,18.017,6.942,0.947
0x8695f9400,1743,112,1292,native_iq4_xs_direct_r4,160,1,1,128,16.558,6.378,1.003
0x8695f9400,1743,112,1293,shexp_native_swiglu_kernel,5,1,1,128,6.989,2.860,0.379
0x8695f9400,1743,112,1294,native_quantize_q8_1_kernel,3,1,1,256,6.206,2.402,0.670
0x8695f9400,1743,112,1295,native_iq4_nl_direct_r4,640,1,1,128,21.649,7.877,2.732
0x8695f9400,1743,112,1296,bf16_f32_mmvf_kernel,1,1,1,256,8.450,3.108,1.279
0x8695f9400,1743,112,1297,shexp_native_scalar_sigmoid_kernel,1,1,1,1,6.208,2.306,1.030
0x8695f9400,1743,112,1298,shexp_scale_rows_kernel,20,1,1,128,5.902,2.391,3.844
0x8695f9400,1743,112,1299,quantize_q8_1_kernel,10,1,1,256,7.468,2.729,2.499
0x8695f9400,1743,112,1300,native_resident_gu_22,160,10,1,256,202.533,82.332,7.798
0x8695f9400,1743,112,1301,swiglu_entries_kernel,25,1,1,256,7.250,4.887,0.418
0x8695f9400,1743,112,1302,quantize_q8_1_kernel,25,1,1,256,7.042,2.864,0.379
0x8695f9400,1743,112,1303,native_resident_down_direct_42_r4,80,10,1,256,116.174,46.737,1.026
0x8695f9400,1743,112,1304,nmoe_combine_kernel,10,1,1,256,9.555,3.749,0.407
0x8695f9400,1743,112,1305,fused_gr_norm1_kernel,1,1,1,256,24.460,8.669,0.387
0x8695f9400,1743,112,1306,fused_gr_down_kernel,41,1,1,256,38.589,11.344,2.021
0x8695f9400,1743,112,1307,fused_gr_up_kernel,160,1,1,256,44.051,15.592,0.442
0x8695f9400,1743,112,1308,native_quantize_q8_1_kernel,10,1,1,256,7.898,2.992,0.447
0x8695f9400,1743,112,1309,native_iq4_xs_direct_sg4,640,1,1,128,100.642,35.846,0.407
0x8695f9400,1743,112,1310,gdn_conv_l2_multi_kernel,80,1,1,128,8.793,3.310,2.471
0x8695f9400,1743,112,1311,gdn_ab_multi_kernel,12,1,1,256,20.013,7.049,0.644
0x8695f9400,1743,112,1312,native_iq4_xs_direct_sg4,384,1,1,128,66.997,24.340,0.404
0x8695f9400,1743,112,1313,gdn_step_norm_multi_tail_kernel,48,1,1,512,36.861,12.593,0.400
0x8695f9400,1743,112,1314,native_quantize_q8_1_kernel,24,1,1,256,8.084,3.266,0.416
0x8695f9400,1743,112,1315,native_iq4_xs_direct_sg4,160,1,1,128,64.440,21.977,0.397
0x8695f9400,1743,112,1316,fused_gr_norm1_kernel,1,1,1,256,25.580,8.547,0.435
0x8695f9400,1743,112,1317,fused_gr_down_kernel,41,1,1,256,36.580,10.136,0.392
0x8695f9400,1743,112,1318,fused_gr_up_kernel,160,1,1,256,44.082,15.081,0.404
0x8695f9400,1743,112,1319,bf16_f32_mmvf_kernel,512,1,1,256,17.512,5.015,1.544
0x8695f9400,1743,112,1320,route,1,1,1,256,27.836,9.156,2.509
0x8695f9400,1743,112,1321,to_bf16_kernel,10,1,1,256,5.558,2.104,0.386
0x8695f9400,1743,112,1322,native_quantize_q8_1_kernel,10,1,1,256,7.493,2.778,0.408
0x8695f9400,1743,112,1323,native_q6_k_mmvq_kernel_large,640,1,1,128,18.643,7.318,0.464
0x8695f9400,1743,112,1324,native_q6_k_mmvq_kernel_large,640,1,1,128,18.782,7.306,0.602
0x8695f9400,1743,112,1325,shexp_native_swiglu_kernel,5,1,1,128,7.069,2.426,0.376
0x8695f9400,1743,112,1326,native_quantize_q8_1_kernel,3,1,1,256,6.271,2.437,0.384
0x8695f9400,1743,112,1327,native_iq4_nl_direct_r4,640,1,1,128,21.815,7.683,0.416
0x8695f9400,1743,112,1328,bf16_f32_mmvf_kernel,1,1,1,256,8.879,3.234,0.400
0x8695f9400,1743,112,1329,shexp_native_scalar_sigmoid_kernel,1,1,1,1,6.091,2.057,0.388
0x8695f9400,1743,112,1330,shexp_scale_rows_kernel,20,1,1,128,5.613,2.314,0.417
0x8695f9400,1743,112,1331,quantize_q8_1_kernel,10,1,1,256,7.359,2.583,0.631
0x8695f9400,1743,112,1332,native_resident_gu_22,160,10,1,256,201.633,82.662,0.492
0x8695f9400,1743,112,1333,swiglu_entries_kernel,25,1,1,256,8.515,2.486,0.372
0x8695f9400,1743,112,1334,quantize_q8_1_kernel,25,1,1,256,6.736,2.757,0.356
0x8695f9400,1743,112,1335,native_resident_down_direct_42_r4,80,10,1,256,114.804,46.109,0.385
0x8695f9400,1743,112,1336,nmoe_combine_kernel,10,1,1,256,9.836,3.477,0.390
0x8695f9400,1743,112,1337,fused_gr_norm1_kernel,1,1,1,256,23.870,8.377,0.361
0x8695f9400,1743,112,1338,fused_gr_down_kernel,41,1,1,256,35.834,9.604,0.402
0x8695f9400,1743,112,1339,fused_gr_up_kernel,160,1,1,256,42.782,14.325,0.408
0x8695f9400,1743,112,1340,native_quantize_q8_1_kernel,10,1,1,256,8.291,2.788,0.435
0x8695f9400,1743,112,1341,native_iq4_xs_direct_sg4,640,1,1,128,95.790,33.647,0.377
0x8695f9400,1743,112,1342,gdn_conv_l2_multi_kernel,80,1,1,128,9.820,3.140,0.414
0x8695f9400,1743,112,1343,gdn_ab_multi_kernel,12,1,1,256,19.503,6.840,0.415
0x8695f9400,1743,112,1344,mmvq_direct_21_r2,768,1,1,128,94.532,37.000,0.393
0x8695f9400,1743,112,1345,gdn_step_norm_multi_tail_kernel,48,1,1,512,36.039,11.263,0.387
0x8695f9400,1743,112,1346,native_quantize_q8_1_kernel,24,1,1,256,8.756,2.804,0.406
0x8695f9400,1743,112,1347,native_iq4_xs_direct_sg4,160,1,1,128,60.774,20.546,0.385
0x8695f9400,1743,112,1348,fused_gr_norm1_kernel,1,1,1,256,24.742,8.266,0.510
0x8695f9400,1743,112,1349,fused_gr_down_kernel,41,1,1,256,36.751,9.202,0.352
0x8695f9400,1743,112,1350,fused_gr_up_kernel,160,1,1,256,42.923,14.298,0.373
0x8695f9400,1743,112,1351,bf16_f32_mmvf_kernel,512,1,1,256,17.422,4.740,0.471
0x8695f9400,1743,112,1352,route,1,1,1,256,26.500,8.988,0.504
0x8695f9400,1743,112,1353,to_bf16_kernel,10,1,1,256,5.860,1.718,0.407
0x8695f9400,1743,112,1354,native_quantize_q8_1_kernel,10,1,1,256,7.321,2.564,0.665
0x8695f9400,1743,112,1355,native_iq4_xs_direct_r4,160,1,1,128,16.982,6.099,0.551
0x8695f9400,1743,112,1356,mmvq_direct_21_r2,80,1,1,128,23.745,8.149,0.696
0x8695f9400,1743,112,1357,shexp_native_swiglu_kernel,5,1,1,128,7.619,2.510,0.420
0x8695f9400,1743,112,1358,native_quantize_q8_1_kernel,3,1,1,256,5.879,2.423,0.613
0x8695f9400,1743,112,1359,native_iq4_nl_direct_r4,640,1,1,128,20.596,7.739,0.551
0x8695f9400,1743,112,1360,bf16_f32_mmvf_kernel,1,1,1,256,9.266,3.169,380.549
0x8695f9400,1743,112,1361,shexp_native_scalar_sigmoid_kernel,1,1,1,1,6.273,2.582,2.423
0x8695f9400,1743,112,1362,shexp_scale_rows_kernel,20,1,1,128,5.147,2.211,6.140
0x8695f9400,1743,112,1363,quantize_q8_1_kernel,10,1,1,256,7.314,2.737,20.287
0x8695f9400,1743,112,1364,native_resident_gu_29,160,10,1,256,182.330,73.525,31.843
0x8695f9400,1743,112,1365,swiglu_entries_kernel,25,1,1,256,6.969,3.476,0.398
0x8695f9400,1743,112,1366,quantize_q8_1_kernel,25,1,1,256,6.496,2.812,0.379
0x8695f9400,1743,112,1367,native_resident_down_direct_42_r4,80,10,1,256,114.527,45.815,0.983
0x8695f9400,1743,112,1368,nmoe_combine_kernel,10,1,1,256,9.256,3.394,0.403
0x8695f9400,1743,112,1369,fused_gr_norm1_kernel,1,1,1,256,23.083,8.213,4.203
0x8695f9400,1743,112,1370,fused_gr_down_kernel,41,1,1,256,35.417,9.950,0.399
0x8695f9400,1743,112,1371,fused_gr_up_kernel,160,1,1,256,42.298,16.511,0.404
0x8695f9400,1743,112,1372,native_quantize_q8_1_kernel,10,1,1,256,7.124,2.612,0.422
0x8695f9400,1743,112,1373,native_iq4_xs_direct_sg4,640,1,1,128,97.058,39.448,0.360
0x8695f9400,1743,112,1374,gdn_conv_l2_multi_kernel,80,1,1,128,8.484,3.233,0.395
0x8695f9400,1743,112,1375,gdn_ab_multi_kernel,12,1,1,256,19.485,7.056,0.412
0x8695f9400,1743,112,1376,native_iq4_xs_direct_sg4,384,1,1,128,63.945,24.443,0.395
0x8695f9400,1743,112,1377,gdn_step_norm_multi_tail_kernel,48,1,1,512,35.221,11.971,0.388
0x8695f9400,1743,112,1378,native_quantize_q8_1_kernel,24,1,1,256,7.514,2.996,0.418
0x8695f9400,1743,112,1379,native_iq4_xs_direct_sg4,160,1,1,128,61.185,21.537,0.392
0x8695f9400,1743,112,1380,fused_gr_norm1_kernel,1,1,1,256,22.890,8.330,0.403
0x8695f9400,1743,112,1381,fused_gr_down_kernel,41,1,1,256,35.163,9.549,0.354
0x8695f9400,1743,112,1382,fused_gr_up_kernel,160,1,1,256,41.637,15.147,0.368
0x8695f9400,1743,112,1383,bf16_f32_mmvf_kernel,512,1,1,256,16.703,5.142,0.407
0x8695f9400,1743,112,1384,route,1,1,1,256,26.667,9.216,0.384
0x8695f9400,1743,112,1385,to_bf16_kernel,10,1,1,256,5.630,6.535,0.361
0x8695f9400,1743,112,1386,native_quantize_q8_1_kernel,10,1,1,256,6.897,2.647,2.639
0x8695f9400,1743,112,1387,native_iq4_xs_direct_r4,160,1,1,128,17.519,6.415,0.388
0x8695f9400,1743,112,1388,native_iq4_xs_direct_r4,160,1,1,128,16.565,6.311,0.417
0x8695f9400,1743,112,1389,shexp_native_swiglu_kernel,5,1,1,128,6.664,2.707,0.386
0x8695f9400,1743,112,1390,native_quantize_q8_1_kernel,3,1,1,256,6.199,2.386,2.975
0x8695f9400,1743,112,1391,native_iq4_nl_direct_r4,640,1,1,128,21.038,7.406,0.924
0x8695f9400,1743,112,1392,bf16_f32_mmvf_kernel,1,1,1,256,8.416,3.340,0.377
0x8695f9400,1743,112,1393,shexp_native_scalar_sigmoid_kernel,1,1,1,1,8.975,29.657,0.365
0x8695f9400,1743,112,1394,shexp_scale_rows_kernel,20,1,1,128,5.693,2.461,0.792
0x8695f9400,1743,112,1395,quantize_q8_1_kernel,10,1,1,256,7.160,2.679,0.371
0x8695f9400,1743,112,1396,native_resident_gu_22,160,10,1,256,202.368,84.809,5.429
0x8695f9400,1743,112,1397,swiglu_entries_kernel,25,1,1,256,8.107,3.102,0.388
0x8695f9400,1743,112,1398,quantize_q8_1_kernel,25,1,1,256,7.196,6.201,0.364
0x8695f9400,1743,112,1399,native_resident_down_direct_42_r4,80,10,1,256,114.183,45.665,0.392
0x8695f9400,1743,112,1400,nmoe_combine_kernel,10,1,1,256,9.681,3.612,4.091
0x8695f9400,1743,112,1401,fused_gr_norm1_kernel,1,1,1,256,22.690,8.418,0.374
0x8695f9400,1743,112,1402,fused_gr_down_kernel,41,1,1,256,34.937,9.309,0.381
0x8695f9400,1743,112,1403,fused_gr_up_kernel,160,1,1,256,41.347,14.116,0.395
0x8695f9400,1743,112,1404,native_quantize_q8_1_kernel,10,1,1,256,8.053,3.003,0.408
0x8695f9400,1743,112,1405,bf16_f32_mmvf_kernel,128,1,1,256,9.677,3.299,0.359
0x8695f9400,1743,112,1406,native_iq4_xs_direct_r4,128,1,1,128,16.892,5.986,0.358
0x8695f9400,1743,112,1407,native_q6_k_mmvq_kernel_large,512,1,1,128,16.104,6.163,0.405
0x8695f9400,1743,112,1408,nqs_norm_kernel,2,1,1,256,8.449,3.161,0.379
0x8695f9400,1743,112,1409,native_rope_apply_kernel,1,2,1,128,13.188,4.554,0.371
0x8695f9400,1743,112,1410,copy_from_mapped_kernel,1,1,1,256,6.919,2.438,0.405
0x8695f9400,1743,112,1411,kv_append_kernel,2,1,1,256,15.947,5.492,0.391
0x8695f9400,1743,112,1412,nqsi_append_kernel,1,1,1,256,12.604,5.615,0.407
0x8695f9400,1743,112,1413,native_iq4_xs_direct_sg4,768,1,1,128,111.367,41.452,0.353
0x8695f9400,1743,112,1414,runtime_copy2d16,1,24,1,128,7.313,2.506,0.417
0x8695f9400,1743,112,1415,nqs_norm_kernel,24,1,1,256,7.069,2.813,0.381
0x8695f9400,1743,112,1416,native_rope_apply_kernel,1,24,1,128,12.581,4.903,0.361
0x8695f9400,1743,112,1417,bf16_f32_mmvf_kernel,512,1,1,256,16.772,5.206,0.351
0x8695f9400,1743,112,1418,nqs_norm_kernel,4,1,1,256,7.482,2.745,0.406
0x8695f9400,1743,112,1419,native_rope_apply_kernel,1,4,1,128,9.323,3.970,0.385
0x8695f9400,1743,112,1420,block_scores_multi_kernel,256,1,1,256,18.237,6.649,0.416
0x8695f9400,1743,112,1421,block_topk_scan_kernel,1,1,1,256,55.246,21.635,0.430
0x8695f9400,1743,112,1422,attn_chunk_kernel_m0,33,2,1,256,145.079,55.423,0.379
0x8695f9400,1743,112,1423,attn_merge_kernel,24,1,1,256,44.651,16.790,0.404
0x8695f9400,1743,112,1424,nqs_gate_kernel,24,1,1,256,10.849,3.743,0.367
0x8695f9400,1743,112,1425,native_quantize_q8_1_kernel,24,1,1,256,7.329,2.857,0.354
0x8695f9400,1743,112,1426,native_iq4_xs_direct_sg4,160,1,1,128,59.713,21.814,0.381
0x8695f9400,1743,112,1427,fused_gr_norm1_kernel,1,1,1,256,23.591,8.331,0.382
0x8695f9400,1743,112,1428,fused_gr_down_kernel,41,1,1,256,36.250,10.061,0.400
0x8695f9400,1743,112,1429,fused_gr_up_kernel,160,1,1,256,42.633,15.127,0.378
0x8695f9400,1743,112,1430,bf16_f32_mmvf_kernel,512,1,1,256,17.542,5.236,0.395
0x8695f9400,1743,112,1431,route,1,1,1,256,26.429,9.440,0.413
0x8695f9400,1743,112,1432,to_bf16_kernel,10,1,1,256,6.583,2.364,0.402
0x8695f9400,1743,112,1433,native_quantize_q8_1_kernel,10,1,1,256,6.856,2.611,0.391
0x8695f9400,1743,112,1434,native_iq4_xs_direct_r4,160,1,1,128,17.394,6.578,0.606
0x8695f9400,1743,112,1435,native_iq4_xs_direct_r4,160,1,1,128,16.324,5.633,0.523
0x8695f9400,1743,112,1436,shexp_native_swiglu_kernel,5,1,1,128,7.015,2.835,0.589
0x8695f9400,1743,112,1437,native_quantize_q8_1_kernel,3,1,1,256,6.537,2.268,0.587
0x8695f9400,1743,112,1438,native_iq4_nl_direct_r4,640,1,1,128,20.802,7.362,0.361
0x8695f9400,1743,112,1439,bf16_f32_mmvf_kernel,1,1,1,256,8.459,2.875,0.590
0x8695f9400,1743,112,1440,shexp_native_scalar_sigmoid_kernel,1,1,1,1,6.902,2.636,367.946
0x8695f9400,1743,112,1441,shexp_scale_rows_kernel,20,1,1,128,4.898,1.867,5.030
0x8695f9400,1743,112,1442,quantize_q8_1_kernel,10,1,1,256,7.499,2.850,9.831
0x8695f9400,1743,112,1443,native_resident_gu_22,160,10,1,256,196.216,77.228,52.031
0x8695f9400,1743,112,1444,swiglu_entries_kernel,25,1,1,256,7.086,2.615,0.425
0x8695f9400,1743,112,1445,quantize_q8_1_kernel,25,1,1,256,6.832,2.917,0.361
0x8695f9400,1743,112,1446,native_resident_down_direct_42_r4,80,10,1,256,112.760,43.207,0.364
0x8695f9400,1743,112,1447,nmoe_combine_kernel,10,1,1,256,9.299,3.267,0.410
0x8695f9400,1743,112,1448,fused_gr_norm1_kernel,1,1,1,256,24.422,8.099,0.373
0x8695f9400,1743,112,1449,fused_gr_down_kernel,41,1,1,256,37.439,12.371,0.369
0x8695f9400,1743,112,1450,fused_gr_up_kernel,160,1,1,256,43.773,14.721,0.809
0x8695f9400,1743,112,1451,native_quantize_q8_1_kernel,10,1,1,256,7.640,2.669,0.498
0x8695f9400,1743,112,1452,mmvq_direct_21_r2,1280,1,1,128,145.156,56.524,0.769
0x8695f9400,1743,112,1453,gdn_conv_l2_multi_kernel,80,1,1,128,9.326,5.671,0.405
0x8695f9400,1743,112,1454,gdn_ab_multi_kernel,12,1,1,256,19.381,6.554,0.394
0x8695f9400,1743,112,1455,native_iq4_xs_direct_sg4,384,1,1,128,66.270,23.078,0.742
0x8695f9400,1743,112,1456,gdn_step_norm_multi_tail_kernel,48,1,1,512,36.224,12.043,0.394
0x8695f9400,1743,112,1457,native_quantize_q8_1_kernel,24,1,1,256,7.702,2.901,0.372
0x8695f9400,1743,112,1458,mmvq_direct_21_r2,320,1,1,128,82.673,32.355,0.402
0x8695f9400,1743,112,1459,fused_gr_norm1_kernel,1,1,1,256,24.972,8.030,0.451
0x8695f9400,1743,112,1460,fused_gr_down_kernel,41,1,1,256,39.233,10.274,0.418
0x8695f9400,1743,112,1461,fused_gr_up_kernel,160,1,1,256,42.616,14.905,0.394
0x8695f9400,1743,112,1462,bf16_f32_mmvf_kernel,512,1,1,256,17.315,5.146,0.386
0x8695f9400,1743,112,1463,route,1,1,1,256,26.938,9.240,0.520
0x8695f9400,1743,112,1464,to_bf16_kernel,10,1,1,256,5.312,2.225,0.540
0x8695f9400,1743,112,1465,native_quantize_q8_1_kernel,10,1,1,256,6.898,2.488,0.386
0x8695f9400,1743,112,1466,native_iq4_xs_direct_r4,160,1,1,128,17.347,6.210,3.577
0x8695f9400,1743,112,1467,mmvq_direct_21_r2,80,1,1,128,22.875,8.475,0.482
0x8695f9400,1743,112,1468,shexp_native_swiglu_kernel,5,1,1,128,7.038,2.584,0.387
0x8695f9400,1743,112,1469,native_quantize_q8_1_kernel,3,1,1,256,6.022,2.508,0.356
0x8695f9400,1743,112,1470,native_iq4_nl_direct_r4,640,1,1,128,21.073,7.456,5.220
0x8695f9400,1743,112,1471,bf16_f32_mmvf_kernel,1,1,1,256,8.234,3.145,0.493
0x8695f9400,1743,112,1472,shexp_native_scalar_sigmoid_kernel,1,1,1,1,6.288,2.543,0.400
0x8695f9400,1743,112,1473,shexp_scale_rows_kernel,20,1,1,128,5.398,2.242,0.813
0x8695f9400,1743,112,1474,quantize_q8_1_kernel,10,1,1,256,7.249,2.627,0.468
0x8695f9400,1743,112,1475,native_resident_gu_22,160,10,1,256,198.379,79.727,0.534
0x8695f9400,1743,112,1476,swiglu_entries_kernel,25,1,1,256,8.911,7.590,3.384
0x8695f9400,1743,112,1477,quantize_q8_1_kernel,25,1,1,256,6.811,2.788,0.362
0x8695f9400,1743,112,1478,native_resident_down_direct_42_r4,80,10,1,256,113.454,44.704,9.128
0x8695f9400,1743,112,1479,nmoe_combine_kernel,10,1,1,256,9.903,3.590,0.405
0x8695f9400,1743,112,1480,fused_gr_norm1_kernel,1,1,1,256,23.714,8.497,3.707
0x8695f9400,1743,112,1481,fused_gr_down_kernel,41,1,1,256,37.622,12.964,0.369
0x8695f9400,1743,112,1482,fused_gr_up_kernel,160,1,1,256,43.404,14.388,0.425
0x8695f9400,1743,112,1483,native_quantize_q8_1_kernel,10,1,1,256,7.547,2.473,0.402
0x8695f9400,1743,112,1484,native_iq4_xs_direct_sg4,640,1,1,128,97.937,34.667,0.405
0x8695f9400,1743,112,1485,gdn_conv_l2_multi_kernel,80,1,1,128,9.409,2.904,0.434
0x8695f9400,1743,112,1486,gdn_ab_multi_kernel,12,1,1,256,19.690,6.854,0.371
0x8695f9400,1743,112,1487,native_iq4_xs_direct_sg4,384,1,1,128,66.129,29.185,0.400
0x8695f9400,1743,112,1488,gdn_step_norm_multi_tail_kernel,48,1,1,512,36.266,11.542,0.402
0x8695f9400,1743,112,1489,native_quantize_q8_1_kernel,24,1,1,256,8.334,2.923,0.412
0x8695f9400,1743,112,1490,mmvq_direct_21_r2,320,1,1,128,84.337,33.273,1.124
0x8695f9400,1743,112,1491,fused_gr_norm1_kernel,1,1,1,256,25.835,8.721,0.389
0x8695f9400,1743,112,1492,fused_gr_down_kernel,41,1,1,256,39.918,9.678,0.415
0x8695f9400,1743,112,1493,fused_gr_up_kernel,160,1,1,256,43.916,14.441,0.379
0x8695f9400,1743,112,1494,bf16_f32_mmvf_kernel,512,1,1,256,17.579,4.709,0.390
0x8695f9400,1743,112,1495,route,1,1,1,256,26.670,9.257,0.418
0x8695f9400,1743,112,1496,to_bf16_kernel,10,1,1,256,6.338,2.335,0.379
0x8695f9400,1743,112,1497,native_quantize_q8_1_kernel,10,1,1,256,7.132,2.683,0.370
0x8695f9400,1743,112,1498,native_iq4_xs_direct_r4,160,1,1,128,17.466,6.252,0.390
0x8695f9400,1743,112,1499,native_q6_k_mmvq_kernel_large,640,1,1,128,20.635,25.872,0.373
0x8695f9400,1743,112,1500,shexp_native_swiglu_kernel,5,1,1,128,7.251,2.586,0.392
0x8695f9400,1743,112,1501,native_quantize_q8_1_kernel,3,1,1,256,6.504,5.233,0.366
0x8695f9400,1743,112,1502,native_iq4_nl_direct_r4,640,1,1,128,21.100,7.528,0.369
0x8695f9400,1743,112,1503,bf16_f32_mmvf_kernel,1,1,1,256,9.468,18.235,1.219
0x8695f9400,1743,112,1504,shexp_native_scalar_sigmoid_kernel,1,1,1,1,6.524,2.881,0.427
0x8695f9400,1743,112,1505,shexp_scale_rows_kernel,20,1,1,128,6.017,2.617,0.416
0x8695f9400,1743,112,1506,quantize_q8_1_kernel,10,1,1,256,7.333,2.624,0.388
0x8695f9400,1743,112,1507,native_resident_gu_22,160,10,1,256,203.515,92.934,0.629
0x8695f9400,1743,112,1508,swiglu_entries_kernel,25,1,1,256,8.678,2.957,0.408
0x8695f9400,1743,112,1509,quantize_q8_1_kernel,25,1,1,256,6.829,3.435,0.356
0x8695f9400,1743,112,1510,native_resident_down_direct_42_r4,80,10,1,256,115.370,48.179,0.350
0x8695f9400,1743,112,1511,nmoe_combine_kernel,10,1,1,256,9.146,3.556,0.388
0x8695f9400,1743,112,1512,fused_gr_norm1_kernel,1,1,1,256,23.649,8.904,0.361
0x8695f9400,1743,112,1513,fused_gr_down_kernel,41,1,1,256,36.896,9.620,0.401
0x8695f9400,1743,112,1514,fused_gr_up_kernel,160,1,1,256,43.469,15.608,0.382
0x8695f9400,1743,112,1515,native_quantize_q8_1_kernel,10,1,1,256,7.854,2.863,0.384
0x8695f9400,1743,112,1516,native_iq4_xs_direct_sg4,640,1,1,128,96.708,37.062,0.398
0x8695f9400,1743,112,1517,gdn_conv_l2_multi_kernel,80,1,1,128,9.663,3.020,0.416
0x8695f9400,1743,112,1518,gdn_ab_multi_kernel,12,1,1,256,19.557,7.278,0.375
0x8695f9400,1743,112,1519,native_iq4_xs_direct_sg4,384,1,1,128,65.499,23.916,0.390
0x8695f9400,1743,112,1520,gdn_step_norm_multi_tail_kernel,48,1,1,512,35.690,12.347,371.753
0x8695f9400,1743,112,1521,native_quantize_q8_1_kernel,24,1,1,256,7.602,3.026,19.632
0x8695f9400,1743,112,1522,native_iq4_xs_direct_sg4,160,1,1,128,62.683,22.360,5.566
0x8695f9400,1743,112,1523,fused_gr_norm1_kernel,1,1,1,256,23.504,8.338,4.740
0x8695f9400,1743,112,1524,fused_gr_down_kernel,41,1,1,256,34.973,9.662,0.673
0x8695f9400,1743,112,1525,fused_gr_up_kernel,160,1,1,256,42.320,15.197,0.410
0x8695f9400,1743,112,1526,bf16_f32_mmvf_kernel,512,1,1,256,16.441,4.755,0.659
0x8695f9400,1743,112,1527,route,1,1,1,256,26.925,8.864,0.475
0x8695f9400,1743,112,1528,to_bf16_kernel,10,1,1,256,4.797,1.977,0.451
0x8695f9400,1743,112,1529,native_quantize_q8_1_kernel,10,1,1,256,7.173,2.808,0.941
0x8695f9400,1743,112,1530,native_q6_k_mmvq_kernel_large,640,1,1,128,18.549,7.413,2.510
0x8695f9400,1743,112,1531,native_iq4_xs_direct_r4,160,1,1,128,17.264,6.038,0.869
0x8695f9400,1743,112,1532,shexp_native_swiglu_kernel,5,1,1,128,6.763,2.333,1.591
0x8695f9400,1743,112,1533,native_quantize_q8_1_kernel,3,1,1,256,5.823,2.178,1.186
0x8695f9400,1743,112,1534,native_iq4_nl_direct_r4,640,1,1,128,21.314,7.505,1.373
0x8695f9400,1743,112,1535,bf16_f32_mmvf_kernel,1,1,1,256,8.072,2.846,0.595
0x8695f9400,1743,112,1536,shexp_native_scalar_sigmoid_kernel,1,1,1,1,6.047,2.230,0.583
0x8695f9400,1743,112,1537,shexp_scale_rows_kernel,20,1,1,128,5.258,2.030,1.318
0x8695f9400,1743,112,1538,quantize_q8_1_kernel,10,1,1,256,7.236,2.603,5.195
0x8695f9400,1743,112,1539,native_resident_gu_22,160,10,1,256,201.230,82.505,9.965
0x8695f9400,1743,112,1540,swiglu_entries_kernel,25,1,1,256,6.719,2.529,0.389
0x8695f9400,1743,112,1541,quantize_q8_1_kernel,25,1,1,256,6.772,2.781,0.358
0x8695f9400,1743,112,1542,native_resident_down_direct_42_r4,80,10,1,256,114.869,46.667,0.752
0x8695f9400,1743,112,1543,nmoe_combine_kernel,10,1,1,256,9.056,3.422,0.380
0x8695f9400,1743,112,1544,fused_gr_norm1_kernel,1,1,1,256,23.018,8.325,0.373
0x8695f9400,1743,112,1545,fused_gr_down_kernel,41,1,1,256,35.349,9.971,0.412
0x8695f9400,1743,112,1546,fused_gr_up_kernel,160,1,1,256,42.129,14.927,2.474
0x8695f9400,1743,112,1547,native_quantize_q8_1_kernel,10,1,1,256,7.562,2.823,0.397
0x8695f9400,1743,112,1548,bf16_f32_mmvf_kernel,128,1,1,256,9.876,3.269,0.711
0x8695f9400,1743,112,1549,native_iq4_xs_direct_r4,128,1,1,128,16.521,6.172,1.006
0x8695f9400,1743,112,1550,native_iq4_xs_direct_r4,128,1,1,128,15.487,5.899,5.940
0x8695f9400,1743,112,1551,nqs_norm_kernel,2,1,1,256,8.050,3.110,0.739
0x8695f9400,1743,112,1552,native_rope_apply_kernel,1,2,1,128,13.407,4.668,0.859
0x8695f9400,1743,112,1553,copy_from_mapped_kernel,1,1,1,256,6.313,2.475,0.602
0x8695f9400,1743,112,1554,kv_append_kernel,2,1,1,256,16.174,5.858,0.348
0x8695f9400,1743,112,1555,nqsi_append_kernel,1,1,1,256,11.975,5.573,0.526
0x8695f9400,1743,112,1556,native_iq4_xs_direct_sg4,768,1,1,128,114.054,42.289,4.430
0x8695f9400,1743,112,1557,runtime_copy2d16,1,24,1,128,6.281,2.792,0.413
0x8695f9400,1743,112,1558,nqs_norm_kernel,24,1,1,256,7.236,2.711,4.078
0x8695f9400,1743,112,1559,native_rope_apply_kernel,1,24,1,128,12.308,4.665,0.528
0x8695f9400,1743,112,1560,bf16_f32_mmvf_kernel,512,1,1,256,16.863,5.063,5.582
0x8695f9400,1743,112,1561,nqs_norm_kernel,4,1,1,256,7.244,2.649,0.490
0x8695f9400,1743,112,1562,native_rope_apply_kernel,1,4,1,128,9.472,3.895,1.000
0x8695f9400,1743,112,1563,block_scores_multi_kernel,256,1,1,256,18.232,6.589,0.372
0x8695f9400,1743,112,1564,block_topk_scan_kernel,1,1,1,256,56.616,22.209,1.952
0x8695f9400,1743,112,1565,attn_chunk_kernel_m0,33,2,1,256,149.337,60.511,0.383
0x8695f9400,1743,112,1566,attn_merge_kernel,24,1,1,256,46.371,16.917,0.375
0x8695f9400,1743,112,1567,nqs_gate_kernel,24,1,1,256,11.441,9.837,0.423
0x8695f9400,1743,112,1568,native_quantize_q8_1_kernel,24,1,1,256,7.699,2.798,0.395
0x8695f9400,1743,112,1569,native_iq4_xs_direct_sg4,160,1,1,128,61.542,22.095,0.405
0x8695f9400,1743,112,1570,fused_gr_norm1_kernel,1,1,1,256,25.163,8.558,0.396
0x8695f9400,1743,112,1571,fused_gr_down_kernel,41,1,1,256,36.768,10.061,0.389
0x8695f9400,1743,112,1572,fused_gr_up_kernel,160,1,1,256,42.988,14.957,0.456
0x8695f9400,1743,112,1573,bf16_f32_mmvf_kernel,512,1,1,256,17.333,5.048,0.714
0x8695f9400,1743,112,1574,route,1,1,1,256,26.915,9.472,0.389
0x8695f9400,1743,112,1575,to_bf16_kernel,10,1,1,256,6.358,2.287,2.329
0x8695f9400,1743,112,1576,native_quantize_q8_1_kernel,10,1,1,256,7.120,2.675,0.904
0x8695f9400,1743,112,1577,mmvq_direct_21_r2,80,1,1,128,24.723,9.203,0.800
0x8695f9400,1743,112,1578,native_iq4_xs_direct_r4,160,1,1,128,18.250,6.180,1.103
0x8695f9400,1743,112,1579,shexp_native_swiglu_kernel,5,1,1,128,6.855,2.378,1.461
0x8695f9400,1743,112,1580,native_quantize_q8_1_kernel,3,1,1,256,6.128,2.377,0.630
0x8695f9400,1743,112,1581,native_iq4_nl_direct_r4,640,1,1,128,21.181,7.510,0.674
0x8695f9400,1743,112,1582,bf16_f32_mmvf_kernel,1,1,1,256,8.661,2.964,0.515
0x8695f9400,1743,112,1583,shexp_native_scalar_sigmoid_kernel,1,1,1,1,6.200,2.318,0.581
0x8695f9400,1743,112,1584,shexp_scale_rows_kernel,20,1,1,128,6.071,2.754,0.634
0x8695f9400,1743,112,1585,quantize_q8_1_kernel,10,1,1,256,7.487,2.540,0.626
0x8695f9400,1743,112,1586,native_resident_gu_22,160,10,1,256,200.840,81.029,1.896
0x8695f9400,1743,112,1587,swiglu_entries_kernel,25,1,1,256,8.662,2.719,0.378
0x8695f9400,1743,112,1588,quantize_q8_1_kernel,25,1,1,256,6.711,2.683,0.419
0x8695f9400,1743,112,1589,native_resident_down_direct_42_r4,80,10,1,256,115.587,46.323,0.401
0x8695f9400,1743,112,1590,nmoe_combine_kernel,10,1,1,256,9.940,3.587,0.405
0x8695f9400,1743,112,1591,fused_gr_norm1_kernel,1,1,1,256,23.147,8.493,0.423
0x8695f9400,1743,112,1592,fused_gr_down_kernel,41,1,1,256,37.256,10.027,0.405
0x8695f9400,1743,112,1593,fused_gr_up_kernel,160,1,1,256,43.379,14.770,0.402
0x8695f9400,1743,112,1594,native_quantize_q8_1_kernel,10,1,1,256,8.098,2.635,0.360
0x8695f9400,1743,112,1595,native_iq4_xs_direct_sg4,640,1,1,128,97.617,34.930,0.462
0x8695f9400,1743,112,1596,gdn_conv_l2_multi_kernel,80,1,1,128,10.000,3.028,0.403
0x8695f9400,1743,112,1597,gdn_ab_multi_kernel,12,1,1,256,19.678,6.936,0.402
0x8695f9400,1743,112,1598,native_iq4_xs_direct_sg4,384,1,1,128,66.071,22.789,1.370
0x8695f9400,1743,112,1599,gdn_step_norm_multi_tail_kernel,48,1,1,512,36.478,11.619,0.411
0x8695f9400,1743,112,1600,native_quantize_q8_1_kernel,24,1,1,256,8.204,2.979,390.292
0x8695f9400,1743,112,1601,native_iq4_xs_direct_sg4,160,1,1,128,62.437,21.148,11.703
0x8695f9400,1743,112,1602,fused_gr_norm1_kernel,1,1,1,256,23.759,8.297,3.852
0x8695f9400,1743,112,1603,fused_gr_down_kernel,41,1,1,256,36.212,9.665,0.383
0x8695f9400,1743,112,1604,fused_gr_up_kernel,160,1,1,256,42.174,14.865,1.998
0x8695f9400,1743,112,1605,bf16_f32_mmvf_kernel,512,1,1,256,16.609,4.855,2.273
0x8695f9400,1743,112,1606,route,1,1,1,256,26.063,8.842,2.107
0x8695f9400,1743,112,1607,to_bf16_kernel,10,1,1,256,4.903,1.829,1.161
0x8695f9400,1743,112,1608,native_quantize_q8_1_kernel,10,1,1,256,6.893,2.568,0.892
0x8695f9400,1743,112,1609,native_q6_k_mmvq_kernel_large,640,1,1,128,18.464,7.109,4.440
0x8695f9400,1743,112,1610,native_iq4_xs_direct_r4,160,1,1,128,16.924,5.767,1.846
0x8695f9400,1743,112,1611,shexp_native_swiglu_kernel,5,1,1,128,6.426,2.309,0.932
0x8695f9400,1743,112,1612,native_quantize_q8_1_kernel,3,1,1,256,5.968,2.335,1.046
0x8695f9400,1743,112,1613,native_iq4_nl_direct_r4,640,1,1,128,21.147,7.135,4.464
0x8695f9400,1743,112,1614,bf16_f32_mmvf_kernel,1,1,1,256,8.108,2.812,2.038
0x8695f9400,1743,112,1615,shexp_native_scalar_sigmoid_kernel,1,1,1,1,6.196,2.237,1.151
0x8695f9400,1743,112,1616,shexp_scale_rows_kernel,20,1,1,128,5.036,2.031,2.826
0x8695f9400,1743,112,1617,quantize_q8_1_kernel,10,1,1,256,7.174,2.401,3.398
0x8695f9400,1743,112,1618,native_resident_gu_22,160,10,1,256,198.632,80.123,6.725
0x8695f9400,1743,112,1619,swiglu_entries_kernel,25,1,1,256,6.582,2.302,3.502
0x8695f9400,1743,112,1620,quantize_q8_1_kernel,25,1,1,256,6.679,2.514,0.699
0x8695f9400,1743,112,1621,native_resident_down_direct_42_r4,80,10,1,256,113.636,45.163,0.393
0x8695f9400,1743,112,1622,nmoe_combine_kernel,10,1,1,256,8.974,3.139,0.390
0x8695f9400,1743,112,1623,fused_gr_norm1_kernel,1,1,1,256,22.996,8.046,0.398
0x8695f9400,1743,112,1624,fused_gr_down_kernel,41,1,1,256,34.536,9.239,0.401
0x8695f9400,1743,112,1625,fused_gr_up_kernel,160,1,1,256,41.182,14.304,0.394
0x8695f9400,1743,112,1626,native_quantize_q8_1_kernel,10,1,1,256,7.249,2.587,3.222
0x8695f9400,1743,112,1627,native_iq4_xs_direct_sg4,640,1,1,128,95.246,33.312,0.357
0x8695f9400,1743,112,1628,gdn_conv_l2_multi_kernel,80,1,1,128,8.590,2.912,0.403
0x8695f9400,1743,112,1629,gdn_ab_multi_kernel,12,1,1,256,19.125,6.414,0.359
0x8695f9400,1743,112,1630,native_q6_k_mmvq_kernel_large,6144,1,1,128,109.101,42.785,3.496
0x8695f9400,1743,112,1631,gdn_step_norm_multi_tail_kernel,48,1,1,512,34.810,11.157,0.425
0x8695f9400,1743,112,1632,native_quantize_q8_1_kernel,24,1,1,256,7.573,2.704,0.405
0x8695f9400,1743,112,1633,native_iq4_xs_direct_sg4,160,1,1,128,61.321,19.531,0.404
0x8695f9400,1743,112,1634,fused_gr_norm1_kernel,1,1,1,256,23.316,7.495,0.379
0x8695f9400,1743,112,1635,fused_gr_down_kernel,41,1,1,256,35.462,8.493,0.379
0x8695f9400,1743,112,1636,fused_gr_up_kernel,160,1,1,256,41.491,13.210,3.066
0x8695f9400,1743,112,1637,bf16_f32_mmvf_kernel,512,1,1,256,16.578,4.423,0.364
0x8695f9400,1743,112,1638,route,1,1,1,256,25.787,8.328,3.241
0x8695f9400,1743,112,1639,to_bf16_kernel,10,1,1,256,5.680,1.974,0.375
0x8695f9400,1743,112,1640,native_quantize_q8_1_kernel,10,1,1,256,7.264,2.641,0.361
0x8695f9400,1743,112,1641,native_iq4_xs_direct_r4,160,1,1,128,16.708,5.630,0.808
0x8695f9400,1743,112,1642,mmvq_direct_21_r2,80,1,1,128,23.804,7.673,0.372
0x8695f9400,1743,112,1643,shexp_native_swiglu_kernel,5,1,1,128,7.083,2.256,0.374
0x8695f9400,1743,112,1644,native_quantize_q8_1_kernel,3,1,1,256,5.844,2.084,0.394
0x8695f9400,1743,112,1645,native_iq4_nl_direct_r4,640,1,1,128,20.309,6.786,0.377
0x8695f9400,1743,112,1646,bf16_f32_mmvf_kernel,1,1,1,256,8.023,2.580,0.368
0x8695f9400,1743,112,1647,shexp_native_scalar_sigmoid_kernel,1,1,1,1,5.951,1.969,0.376
0x8695f9400,1743,112,1648,shexp_scale_rows_kernel,20,1,1,128,5.333,2.069,0.443
0x8695f9400,1743,112,1649,quantize_q8_1_kernel,10,1,1,256,7.012,2.229,0.481
0x8695f9400,1743,112,1650,native_resident_gu_22,160,10,1,256,197.773,78.597,1.016
0x8695f9400,1743,112,1651,swiglu_entries_kernel,25,1,1,256,7.938,2.405,0.378
0x8695f9400,1743,112,1652,quantize_q8_1_kernel,25,1,1,256,7.358,9.715,0.389
0x8695f9400,1743,112,1653,native_resident_down_direct_42_r4,80,10,1,256,112.523,43.644,0.379
0x8695f9400,1743,112,1654,nmoe_combine_kernel,10,1,1,256,9.125,3.053,0.373
0x8695f9400,1743,112,1655,fused_gr_norm1_kernel,1,1,1,256,22.976,8.053,2.443
0x8695f9400,1743,112,1656,fused_gr_down_kernel,41,1,1,256,34.203,8.526,0.370
0x8695f9400,1743,112,1657,fused_gr_up_kernel,160,1,1,256,41.389,13.552,0.369
0x8695f9400,1743,112,1658,native_quantize_q8_1_kernel,10,1,1,256,7.804,2.399,0.353
0x8695f9400,1743,112,1659,native_iq4_xs_direct_sg4,640,1,1,128,93.474,33.185,0.349
0x8695f9400,1743,112,1660,gdn_conv_l2_multi_kernel,80,1,1,128,9.509,2.639,0.401
0x8695f9400,1743,112,1661,gdn_ab_multi_kernel,12,1,1,256,19.060,6.463,0.365
0x8695f9400,1743,112,1662,native_iq4_xs_direct_sg4,384,1,1,128,62.549,22.068,0.364
0x8695f9400,1743,112,1663,gdn_step_norm_multi_tail_kernel,48,1,1,512,34.196,10.648,0.413
0x8695f9400,1743,112,1664,native_quantize_q8_1_kernel,24,1,1,256,8.589,2.358,0.390
0x8695f9400,1743,112,1665,native_iq4_xs_direct_sg4,160,1,1,128,59.535,19.844,0.403
0x8695f9400,1743,112,1666,fused_gr_norm1_kernel,1,1,1,256,22.171,7.335,0.452
0x8695f9400,1743,112,1667,fused_gr_down_kernel,41,1,1,256,35.202,8.545,0.372
0x8695f9400,1743,112,1668,fused_gr_up_kernel,160,1,1,256,41.292,13.644,0.393
0x8695f9400,1743,112,1669,bf16_f32_mmvf_kernel,512,1,1,256,16.694,4.392,0.357
0x8695f9400,1743,112,1670,route,1,1,1,256,25.724,8.563,0.348
0x8695f9400,1743,112,1671,to_bf16_kernel,10,1,1,256,6.417,1.952,0.373
0x8695f9400,1743,112,1672,native_quantize_q8_1_kernel,10,1,1,256,6.831,2.344,0.362
0x8695f9400,1743,112,1673,native_iq4_xs_direct_r4,160,1,1,128,17.039,6.094,0.378
0x8695f9400,1743,112,1674,native_iq4_xs_direct_r4,160,1,1,128,16.458,5.225,0.345
0x8695f9400,1743,112,1675,shexp_native_swiglu_kernel,5,1,1,128,6.590,2.279,0.344
0x8695f9400,1743,112,1676,native_quantize_q8_1_kernel,3,1,1,256,6.434,1.832,0.362
0x8695f9400,1743,112,1677,native_iq4_nl_direct_r4,640,1,1,128,20.313,6.890,0.420
0x8695f9400,1743,112,1678,bf16_f32_mmvf_kernel,1,1,1,256,7.887,2.534,0.347
0x8695f9400,1743,112,1679,shexp_native_scalar_sigmoid_kernel,1,1,1,1,5.997,2.169,0.624
0x8695f9400,1743,112,1680,shexp_scale_rows_kernel,20,1,1,128,5.431,1.820,359.802
0x8695f9400,1743,112,1681,quantize_q8_1_kernel,10,1,1,256,7.006,2.575,2.148
0x8695f9400,1743,112,1682,native_resident_gu_22,160,10,1,256,200.131,80.859,54.456
0x8695f9400,1743,112,1683,swiglu_entries_kernel,25,1,1,256,7.468,9.368,0.387
0x8695f9400,1743,112,1684,quantize_q8_1_kernel,25,1,1,256,7.179,6.788,0.401
0x8695f9400,1743,112,1685,native_resident_down_direct_42_r4,80,10,1,256,114.436,45.576,5.298
0x8695f9400,1743,112,1686,nmoe_combine_kernel,10,1,1,256,9.349,3.331,0.362
0x8695f9400,1743,112,1687,fused_gr_norm1_kernel,1,1,1,256,23.113,8.304,0.385
0x8695f9400,1743,112,1688,fused_gr_down_kernel,41,1,1,256,35.994,29.322,0.374
0x8695f9400,1743,112,1689,fused_gr_up_kernel,160,1,1,256,41.665,14.323,0.447
0x8695f9400,1743,112,1690,native_quantize_q8_1_kernel,10,1,1,256,7.275,2.494,0.381
0x8695f9400,1743,112,1691,bf16_f32_mmvf_kernel,128,1,1,256,9.657,3.131,0.683
0x8695f9400,1743,112,1692,native_q6_k_mmvq_kernel_large,512,1,1,128,16.734,5.847,0.658
0x8695f9400,1743,112,1693,native_q6_k_mmvq_kernel_large,512,1,1,128,15.859,6.016,0.631
0x8695f9400,1743,112,1694,nqs_norm_kernel,2,1,1,256,7.725,2.546,0.779
0x8695f9400,1743,112,1695,native_rope_apply_kernel,1,2,1,128,13.155,4.576,0.376
0x8695f9400,1743,112,1696,copy_from_mapped_kernel,1,1,1,256,5.892,2.092,0.623
0x8695f9400,1743,112,1697,kv_append_kernel,2,1,1,256,15.568,5.549,0.698
0x8695f9400,1743,112,1698,nqsi_append_kernel,1,1,1,256,11.875,5.081,0.439
0x8695f9400,1743,112,1699,native_iq4_xs_direct_sg4,768,1,1,128,111.611,41.414,3.576
0x8695f9400,1743,112,1700,runtime_copy2d16,1,24,1,128,5.832,2.485,0.404
0x8695f9400,1743,112,1701,nqs_norm_kernel,24,1,1,256,7.067,2.635,0.382
0x8695f9400,1743,112,1702,native_rope_apply_kernel,1,24,1,128,11.887,4.330,4.844
0x8695f9400,1743,112,1703,bf16_f32_mmvf_kernel,512,1,1,256,16.437,5.373,1.010
0x8695f9400,1743,112,1704,nqs_norm_kernel,4,1,1,256,7.080,2.353,0.504
0x8695f9400,1743,112,1705,native_rope_apply_kernel,1,4,1,128,9.161,3.621,0.922
0x8695f9400,1743,112,1706,block_scores_multi_kernel,256,1,1,256,18.017,6.507,3.159
0x8695f9400,1743,112,1707,block_topk_scan_kernel,1,1,1,256,55.445,20.851,0.465
0x8695f9400,1743,112,1708,attn_chunk_kernel_m0,33,2,1,256,144.833,53.861,0.375
0x8695f9400,1743,112,1709,attn_merge_kernel,24,1,1,256,44.756,15.551,0.371
0x8695f9400,1743,112,1710,nqs_gate_kernel,24,1,1,256,10.371,3.358,3.522
0x8695f9400,1743,112,1711,native_quantize_q8_1_kernel,24,1,1,256,7.196,2.755,0.405
0x8695f9400,1743,112,1712,native_iq4_xs_direct_sg4,160,1,1,128,59.125,20.198,0.782
0x8695f9400,1743,112,1713,fused_gr_norm1_kernel,1,1,1,256,24.258,8.044,0.413
0x8695f9400,1743,112,1714,fused_gr_down_kernel,41,1,1,256,36.493,10.278,0.385
0x8695f9400,1743,112,1715,fused_gr_up_kernel,160,1,1,256,42.551,14.199,0.565
0x8695f9400,1743,112,1716,bf16_f32_mmvf_kernel,512,1,1,256,17.293,4.953,3.099
0x8695f9400,1743,112,1717,route,1,1,1,256,27.134,8.999,0.997
0x8695f9400,1743,112,1718,to_bf16_kernel,10,1,1,256,5.879,1.962,2.757
0x8695f9400,1743,112,1719,native_quantize_q8_1_kernel,10,1,1,256,7.504,2.544,0.619
0x8695f9400,1743,112,1720,native_iq4_xs_direct_r4,160,1,1,128,17.598,6.204,0.941
0x8695f9400,1743,112,1721,native_iq4_xs_direct_r4,160,1,1,128,16.456,5.833,0.486
0x8695f9400,1743,112,1722,shexp_native_swiglu_kernel,5,1,1,128,6.962,2.394,0.679
0x8695f9400,1743,112,1723,native_quantize_q8_1_kernel,3,1,1,256,6.108,2.107,0.555
0x8695f9400,1743,112,1724,native_iq4_nl_direct_r4,640,1,1,128,21.582,7.209,0.868
0x8695f9400,1743,112,1725,bf16_f32_mmvf_kernel,1,1,1,256,8.305,2.890,0.514
0x8695f9400,1743,112,1726,shexp_native_scalar_sigmoid_kernel,1,1,1,1,6.084,2.127,0.578
0x8695f9400,1743,112,1727,shexp_scale_rows_kernel,20,1,1,128,5.863,2.357,0.646
0x8695f9400,1743,112,1728,quantize_q8_1_kernel,10,1,1,256,7.111,2.405,0.639
0x8695f9400,1743,112,1729,native_resident_gu_22,160,10,1,256,199.656,77.869,1.277
0x8695f9400,1743,112,1730,swiglu_entries_kernel,25,1,1,256,8.405,2.458,0.384
0x8695f9400,1743,112,1731,quantize_q8_1_kernel,25,1,1,256,6.677,2.594,0.362
0x8695f9400,1743,112,1732,native_resident_down_direct_42_r4,80,10,1,256,114.472,43.954,0.401
0x8695f9400,1743,112,1733,nmoe_combine_kernel,10,1,1,256,9.377,3.329,0.399
0x8695f9400,1743,112,1734,native_gr_post_kernel,40,1,1,256,9.353,3.476,0.380
0x8695f9400,1743,112,1735,weighted_rms_norm,4,1,1,1024,10.692,3.685,3.526
0x8695f9400,1743,112,1736,bf16_f32_mmvf_kernel,320,1,1,256,32.842,8.978,0.397
0x8695f9400,1743,112,1737,native_gr_down_silu_kernel,2,1,1,256,6.896,2.098,0.484
0x8695f9400,1743,112,1738,bf16_f32_mmvf_kernel,10240,1,1,160,80.179,27.160,0.452
0x8695f9400,1743,112,1739,native_gr_pre_gated_kernel,10,1,1,256,11.448,3.591,0.396
0x8695f9400,1743,112,1740,native_quantize_q8_1_kernel,10,1,1,256,7.586,2.686,0.403
0x8695f9400,1743,112,1741,native_iq4_xs_direct_sg4,15520,1,1,128,1831.523,652.014,0.585
0x8695f9400,1743,112,1742,sampler_greedy_kernel,1,1,1,1024,171.230,60.256,0.671
