tape,entries,launches,entry,kernel,grid_x,grid_y,grid_z,threads,mean_us,sd_us,gap_us
0x88748a400,134,128,0,copy_i32_from_mapped_kernel,1,1,1,128,8.136,3.929,0.000
0x88748a400,134,128,1,gdn_conv_commit_kernel,40,1,1,256,9.820,3.675,15.508
0x88748a400,134,128,2,gdn_step_norm_multi_tail_kernel,48,1,1,512,48.287,21.136,3.220
0x88748a400,134,128,3,gdn_conv_commit_kernel,40,1,1,256,8.453,3.091,12.812
0x88748a400,134,128,4,gdn_step_norm_multi_tail_kernel,48,1,1,512,45.543,20.375,1.248
0x88748a400,134,128,5,gdn_conv_commit_kernel,40,1,1,256,8.131,3.048,9.652
0x88748a400,134,128,6,gdn_step_norm_multi_tail_kernel,48,1,1,512,48.126,21.273,1.510
0x88748a400,134,128,7,copy_from_mapped_kernel,1,1,1,256,5.906,2.114,0.528
0x88748a400,134,128,8,nqsi_append_kernel,1,1,1,256,13.997,6.069,0.617
0x88748a400,134,128,9,nqsi_append_kernel,1,1,1,256,6.801,2.970,0.781
0x88748a400,134,128,10,nqsi_append_kernel,1,1,1,256,6.748,2.945,6.361
0x88748a400,134,128,11,nqsi_append_kernel,1,1,1,256,6.523,2.379,1.516
0x88748a400,134,128,12,gdn_conv_commit_kernel,40,1,1,256,8.549,3.277,2.121
0x88748a400,134,128,13,gdn_step_norm_multi_tail_kernel,48,1,1,512,52.550,26.939,5.208
0x88748a400,134,128,14,gdn_conv_commit_kernel,40,1,1,256,8.430,3.269,1.548
0x88748a400,134,128,15,gdn_step_norm_multi_tail_kernel,48,1,1,512,47.900,21.736,0.807
0x88748a400,134,128,16,gdn_conv_commit_kernel,40,1,1,256,8.066,2.975,5.260
0x88748a400,134,128,17,gdn_step_norm_multi_tail_kernel,48,1,1,512,44.814,18.832,1.580
0x88748a400,134,128,18,copy_from_mapped_kernel,1,1,1,256,5.718,2.082,0.599
0x88748a400,134,128,19,nqsi_append_kernel,1,1,1,256,11.368,5.141,0.427
0x88748a400,134,128,20,nqsi_append_kernel,1,1,1,256,6.485,2.416,2.059
0x88748a400,134,128,21,nqsi_append_kernel,1,1,1,256,6.471,2.306,5.091
0x88748a400,134,128,22,nqsi_append_kernel,1,1,1,256,6.554,2.483,2.444
0x88748a400,134,128,23,gdn_conv_commit_kernel,40,1,1,256,7.746,2.633,2.770
0x88748a400,134,128,24,gdn_step_norm_multi_tail_kernel,48,1,1,512,42.863,16.831,3.086
0x88748a400,134,128,25,gdn_conv_commit_kernel,40,1,1,256,7.784,2.613,1.098
0x88748a400,134,128,26,gdn_step_norm_multi_tail_kernel,48,1,1,512,42.885,16.972,1.361
0x88748a400,134,128,27,gdn_conv_commit_kernel,40,1,1,256,7.843,2.736,11.531
0x88748a400,134,128,28,gdn_step_norm_multi_tail_kernel,48,1,1,512,42.932,16.941,1.359
0x88748a400,134,128,29,copy_from_mapped_kernel,1,1,1,256,5.574,1.967,5.848
0x88748a400,134,128,30,nqsi_append_kernel,1,1,1,256,11.046,4.934,1.287
0x88748a400,134,128,31,nqsi_append_kernel,1,1,1,256,6.394,2.273,0.593
0x88748a400,134,128,32,nqsi_append_kernel,1,1,1,256,6.532,2.394,0.875
0x88748a400,134,128,33,nqsi_append_kernel,1,1,1,256,6.475,2.392,1.320
0x88748a400,134,128,34,gdn_conv_commit_kernel,40,1,1,256,7.683,2.554,2.958
0x88748a400,134,128,35,gdn_step_norm_multi_tail_kernel,48,1,1,512,43.387,17.278,2.647
0x88748a400,134,128,36,gdn_conv_commit_kernel,40,1,1,256,7.967,2.852,4.701
0x88748a400,134,128,37,gdn_step_norm_multi_tail_kernel,48,1,1,512,44.403,17.633,1.393
0x88748a400,134,128,38,gdn_conv_commit_kernel,40,1,1,256,7.856,2.631,0.670
0x88748a400,134,128,39,gdn_step_norm_multi_tail_kernel,48,1,1,512,44.982,18.052,1.057
0x88748a400,134,128,40,copy_from_mapped_kernel,1,1,1,256,5.445,1.880,0.688
0x88748a400,134,128,41,nqsi_append_kernel,1,1,1,256,11.006,4.991,0.468
0x88748a400,134,128,42,nqsi_append_kernel,1,1,1,256,6.477,2.340,0.734
0x88748a400,134,128,43,nqsi_append_kernel,1,1,1,256,6.433,2.339,0.714
0x88748a400,134,128,44,nqsi_append_kernel,1,1,1,256,6.334,2.235,0.402
0x88748a400,134,128,45,gdn_conv_commit_kernel,40,1,1,256,7.797,2.623,3.948
0x88748a400,134,128,46,gdn_step_norm_multi_tail_kernel,48,1,1,512,45.882,19.076,2.240
0x88748a400,134,128,47,gdn_conv_commit_kernel,40,1,1,256,8.283,4.876,0.857
0x88748a400,134,128,48,gdn_step_norm_multi_tail_kernel,48,1,1,512,46.929,18.066,1.342
0x88748a400,134,128,49,gdn_conv_commit_kernel,40,1,1,256,7.993,2.739,0.493
0x88748a400,134,128,50,gdn_step_norm_multi_tail_kernel,48,1,1,512,47.679,18.460,2.434
0x88748a400,134,128,51,copy_from_mapped_kernel,1,1,1,256,5.545,1.890,0.455
0x88748a400,134,128,52,nqsi_append_kernel,1,1,1,256,10.980,4.937,0.386
0x88748a400,134,128,53,nqsi_append_kernel,1,1,1,256,6.440,2.306,0.464
0x88748a400,134,128,54,nqsi_append_kernel,1,1,1,256,6.330,2.264,0.652
0x88748a400,134,128,55,nqsi_append_kernel,1,1,1,256,6.407,2.314,0.895
0x88748a400,134,128,56,gdn_conv_commit_kernel,40,1,1,256,8.018,2.887,1.503
0x88748a400,134,128,57,gdn_step_norm_multi_tail_kernel,48,1,1,512,48.744,18.346,2.379
0x88748a400,134,128,58,gdn_conv_commit_kernel,40,1,1,256,8.322,4.245,0.884
0x88748a400,134,128,59,gdn_step_norm_multi_tail_kernel,48,1,1,512,48.369,18.098,1.226
0x88748a400,134,128,60,gdn_conv_commit_kernel,40,1,1,256,8.189,3.970,0.961
0x88748a400,134,128,61,gdn_step_norm_multi_tail_kernel,48,1,1,512,48.325,17.522,1.780
0x88748a400,134,128,62,copy_from_mapped_kernel,1,1,1,256,5.691,2.141,0.478
0x88748a400,134,128,63,nqsi_append_kernel,1,1,1,256,10.897,5.000,0.372
0x88748a400,134,128,64,nqsi_append_kernel,1,1,1,256,6.427,2.297,1.413
0x88748a400,134,128,65,nqsi_append_kernel,1,1,1,256,6.329,2.317,1.774
0x88748a400,134,128,66,nqsi_append_kernel,1,1,1,256,6.514,2.399,1.412
0x88748a400,134,128,67,gdn_conv_commit_kernel,40,1,1,256,7.796,2.505,1.343
0x88748a400,134,128,68,gdn_step_norm_multi_tail_kernel,48,1,1,512,48.050,16.982,1.832
0x88748a400,134,128,69,gdn_conv_commit_kernel,40,1,1,256,8.074,2.576,1.017
0x88748a400,134,128,70,gdn_step_norm_multi_tail_kernel,48,1,1,512,48.836,17.424,0.902
0x88748a400,134,128,71,gdn_conv_commit_kernel,40,1,1,256,8.160,2.838,0.430
0x88748a400,134,128,72,gdn_step_norm_multi_tail_kernel,48,1,1,512,48.361,16.890,1.622
0x88748a400,134,128,73,copy_from_mapped_kernel,1,1,1,256,5.762,2.110,0.391
0x88748a400,134,128,74,nqsi_append_kernel,1,1,1,256,11.009,5.525,0.464
0x88748a400,134,128,75,nqsi_append_kernel,1,1,1,256,6.332,2.295,0.393
0x88748a400,134,128,76,nqsi_append_kernel,1,1,1,256,6.597,2.485,0.801
0x88748a400,134,128,77,nqsi_append_kernel,1,1,1,256,6.443,2.441,0.907
0x88748a400,134,128,78,gdn_conv_commit_kernel,40,1,1,256,7.906,2.603,1.941
0x88748a400,134,128,79,gdn_step_norm_multi_tail_kernel,48,1,1,512,47.692,16.541,1.344
0x88748a400,134,128,80,gdn_conv_commit_kernel,40,1,1,256,9.013,2.802,383.800
0x88748a400,134,128,81,gdn_step_norm_multi_tail_kernel,48,1,1,512,47.550,16.396,4.998
0x88748a400,134,128,82,gdn_conv_commit_kernel,40,1,1,256,7.805,2.628,9.035
0x88748a400,134,128,83,gdn_step_norm_multi_tail_kernel,48,1,1,512,46.719,16.155,15.302
0x88748a400,134,128,84,copy_from_mapped_kernel,1,1,1,256,5.370,1.873,0.668
0x88748a400,134,128,85,nqsi_append_kernel,1,1,1,256,10.808,5.079,0.564
0x88748a400,134,128,86,nqsi_append_kernel,1,1,1,256,6.428,2.376,0.775
0x88748a400,134,128,87,nqsi_append_kernel,1,1,1,256,6.373,2.355,0.406
0x88748a400,134,128,88,nqsi_append_kernel,1,1,1,256,6.236,2.282,1.943
0x88748a400,134,128,89,gdn_conv_commit_kernel,40,1,1,256,7.819,2.619,3.827
0x88748a400,134,128,90,gdn_step_norm_multi_tail_kernel,48,1,1,512,46.978,16.182,6.591
0x88748a400,134,128,91,gdn_conv_commit_kernel,40,1,1,256,7.776,2.561,3.890
0x88748a400,134,128,92,gdn_step_norm_multi_tail_kernel,48,1,1,512,47.138,16.445,0.939
0x88748a400,134,128,93,gdn_conv_commit_kernel,40,1,1,256,7.788,2.777,3.794
0x88748a400,134,128,94,gdn_step_norm_multi_tail_kernel,48,1,1,512,46.504,15.032,0.934
0x88748a400,134,128,95,copy_from_mapped_kernel,1,1,1,256,5.320,1.829,0.420
0x88748a400,134,128,96,nqsi_append_kernel,1,1,1,256,10.794,5.047,0.778
0x88748a400,134,128,97,nqsi_append_kernel,1,1,1,256,6.344,2.350,0.405
0x88748a400,134,128,98,nqsi_append_kernel,1,1,1,256,6.435,3.450,0.733
0x88748a400,134,128,99,nqsi_append_kernel,1,1,1,256,6.262,2.327,0.663
0x88748a400,134,128,100,gdn_conv_commit_kernel,40,1,1,256,7.610,2.452,2.762
0x88748a400,134,128,101,gdn_step_norm_multi_tail_kernel,48,1,1,512,46.690,15.160,1.835
0x88748a400,134,128,102,gdn_conv_commit_kernel,40,1,1,256,7.703,2.478,0.556
0x88748a400,134,128,103,gdn_step_norm_multi_tail_kernel,48,1,1,512,46.999,15.534,2.799
0x88748a400,134,128,104,gdn_conv_commit_kernel,40,1,1,256,7.788,2.742,1.487
0x88748a400,134,128,105,gdn_step_norm_multi_tail_kernel,48,1,1,512,46.892,15.300,0.551
0x88748a400,134,128,106,copy_from_mapped_kernel,1,1,1,256,5.575,1.994,0.458
0x88748a400,134,128,107,nqsi_append_kernel,1,1,1,256,11.103,5.683,0.501
0x88748a400,134,128,108,nqsi_append_kernel,1,1,1,256,6.230,2.295,0.487
0x88748a400,134,128,109,nqsi_append_kernel,1,1,1,256,6.260,2.380,4.798
0x88748a400,134,128,110,nqsi_append_kernel,1,1,1,256,6.253,2.395,0.407
0x88748a400,134,128,111,gdn_conv_commit_kernel,40,1,1,256,7.690,2.508,0.936
0x88748a400,134,128,112,gdn_step_norm_multi_tail_kernel,48,1,1,512,46.259,14.795,0.851
0x88748a400,134,128,113,gdn_conv_commit_kernel,40,1,1,256,7.717,2.457,0.651
0x88748a400,134,128,114,gdn_step_norm_multi_tail_kernel,48,1,1,512,46.402,14.958,2.331
0x88748a400,134,128,115,gdn_conv_commit_kernel,40,1,1,256,7.887,2.562,0.409
0x88748a400,134,128,116,gdn_step_norm_multi_tail_kernel,48,1,1,512,46.429,14.910,3.529
0x88748a400,134,128,117,copy_from_mapped_kernel,1,1,1,256,5.586,2.048,0.490
0x88748a400,134,128,118,nqsi_append_kernel,1,1,1,256,10.893,5.261,1.214
0x88748a400,134,128,119,nqsi_append_kernel,1,1,1,256,6.245,2.352,0.546
0x88748a400,134,128,120,nqsi_append_kernel,1,1,1,256,6.289,2.393,0.451
0x88748a400,134,128,121,nqsi_append_kernel,1,1,1,256,6.333,2.456,0.583
0x88748a400,134,128,122,gdn_conv_commit_kernel,40,1,1,256,7.767,2.644,0.882
0x88748a400,134,128,123,gdn_step_norm_multi_tail_kernel,48,1,1,512,45.734,14.716,0.732
0x88748a400,134,128,124,gdn_conv_commit_kernel,40,1,1,256,7.762,2.496,0.416
0x88748a400,134,128,125,gdn_step_norm_multi_tail_kernel,48,1,1,512,46.101,14.999,1.619
0x88748a400,134,128,126,gdn_conv_commit_kernel,40,1,1,256,7.784,2.536,3.697
0x88748a400,134,128,127,gdn_step_norm_multi_tail_kernel,48,1,1,512,46.025,14.630,0.808
0x88748a400,134,128,128,copy_from_mapped_kernel,1,1,1,256,5.566,2.118,0.447
0x88748a400,134,128,129,nqsi_append_kernel,1,1,1,256,10.817,5.244,0.621
0x88748a400,134,128,130,nqsi_append_kernel,1,1,1,256,6.353,2.514,3.732
0x88748a400,134,128,131,nqsi_append_kernel,1,1,1,256,6.371,2.478,0.703
0x88748a400,134,128,132,nqsi_append_kernel,1,1,1,256,6.225,2.386,0.767
0x88748a400,134,128,133,copy_indexed_kernel,64,1,1,256,11.003,3.315,1.001
0x887655fe0,1743,124,0,copy_i32_from_mapped_kernel,1,1,1,128,9.116,2.805,0.000
0x887655fe0,1743,124,1,copy_i32_from_mapped_kernel,1,1,1,128,6.375,2.115,0.843
0x887655fe0,1743,124,2,copy_i32_from_mapped_kernel,1,1,1,128,5.771,2.024,0.618
0x887655fe0,1743,124,3,copy_from_mapped_kernel,3,1,1,256,7.306,2.486,0.513
0x887655fe0,1743,124,4,embed_rows_kernel,10,1,1,32,12.278,3.942,2.785
0x887655fe0,1743,124,5,broadcast_streams_kernel,40,1,1,256,8.494,2.895,2.782
0x887655fe0,1743,124,6,fused_gr_norm1_kernel,1,1,1,256,25.503,8.327,6.135
0x887655fe0,1743,124,7,fused_gr_down_kernel,41,1,1,256,84.326,49.348,0.530
0x887655fe0,1743,124,8,fused_gr_up_kernel,160,1,1,256,88.580,54.508,0.747
0x887655fe0,1743,124,9,native_quantize_q8_1_kernel,10,1,1,256,8.170,3.056,0.443
0x887655fe0,1743,124,10,native_iq4_xs_direct_sg4,640,1,1,128,155.508,70.984,0.493
0x887655fe0,1743,124,11,gdn_conv_l2_multi_kernel,80,1,1,128,9.145,3.167,1.994
0x887655fe0,1743,124,12,gdn_ab_multi_kernel,12,1,1,256,22.157,7.844,0.452
0x887655fe0,1743,124,13,mmvq_direct_21_r2,768,1,1,128,100.394,41.919,0.483
0x887655fe0,1743,124,14,gdn_step_norm_multi_tail_kernel,48,1,1,512,39.177,14.138,0.458
0x887655fe0,1743,124,15,native_quantize_q8_1_kernel,24,1,1,256,7.482,2.806,0.446
0x887655fe0,1743,124,16,native_iq4_xs_direct_sg4,160,1,1,128,64.553,24.929,0.440
0x887655fe0,1743,124,17,fused_gr_norm1_kernel,1,1,1,256,26.814,10.112,0.422
0x887655fe0,1743,124,18,fused_gr_down_kernel,41,1,1,256,38.674,11.923,0.436
0x887655fe0,1743,124,19,fused_gr_up_kernel,160,1,1,256,45.217,16.462,0.405
0x887655fe0,1743,124,20,bf16_f32_mmvf_kernel,512,1,1,256,18.147,6.549,0.457
0x887655fe0,1743,124,21,route,1,1,1,256,27.857,9.658,0.473
0x887655fe0,1743,124,22,to_bf16_kernel,10,1,1,256,5.450,2.395,0.425
0x887655fe0,1743,124,23,native_quantize_q8_1_kernel,10,1,1,256,7.557,2.696,0.420
0x887655fe0,1743,124,24,mmvq_direct_21_r2,80,1,1,128,25.813,9.255,0.460
0x887655fe0,1743,124,25,native_iq4_xs_direct_r4,160,1,1,128,17.937,6.721,0.431
0x887655fe0,1743,124,26,shexp_native_swiglu_kernel,5,1,1,128,7.649,2.642,0.443
0x887655fe0,1743,124,27,native_quantize_q8_1_kernel,3,1,1,256,6.215,2.384,0.403
0x887655fe0,1743,124,28,native_iq4_nl_direct_r4,640,1,1,128,21.790,7.593,0.402
0x887655fe0,1743,124,29,bf16_f32_mmvf_kernel,1,1,1,256,8.415,3.138,0.422
0x887655fe0,1743,124,30,shexp_native_scalar_sigmoid_kernel,1,1,1,1,6.492,2.177,0.404
0x887655fe0,1743,124,31,shexp_scale_rows_kernel,20,1,1,128,6.104,2.273,0.387
0x887655fe0,1743,124,32,quantize_q8_1_kernel,10,1,1,256,7.324,2.488,0.455
0x887655fe0,1743,124,33,native_resident_gu_22,160,10,1,256,208.303,85.698,0.427
0x887655fe0,1743,124,34,swiglu_entries_kernel,25,1,1,256,7.798,3.182,0.443
0x887655fe0,1743,124,35,quantize_q8_1_kernel,25,1,1,256,7.070,2.507,2.762
0x887655fe0,1743,124,36,native_resident_down_direct_42_r4,80,10,1,256,118.476,48.825,0.456
0x887655fe0,1743,124,37,nmoe_combine_kernel,10,1,1,256,10.316,3.895,0.461
0x887655fe0,1743,124,38,native_gr_post_kernel,40,1,1,256,9.834,3.502,0.402
0x887655fe0,1743,124,39,bf16_f32_mmvf_kernel,10240,1,1,256,190.199,51.425,0.391
0x887655fe0,1743,124,40,bf16_f32_mmvf_kernel,2560,1,1,256,54.304,14.934,0.558
0x887655fe0,1743,124,41,weighted_rms_norm,4,1,1,1024,10.637,3.634,0.447
0x887655fe0,1743,124,42,weighted_rms_norm,4,1,1,1024,9.348,3.176,0.450
0x887655fe0,1743,124,43,nple_gate_kernel,4,1,1,512,7.793,2.697,0.420
0x887655fe0,1743,124,44,nple_broadcast_kernel,40,1,1,256,5.569,1.999,0.423
0x887655fe0,1743,124,45,weighted_rms_norm,4,1,1,1024,8.724,3.087,0.435
0x887655fe0,1743,124,46,nple_conv_residual_kernel,40,1,1,256,11.067,3.962,0.427
0x887655fe0,1743,124,47,copy(compute),40960,1,1,0,5.227,2.211,0.394
0x887655fe0,1743,124,48,history_advance_kernel,40,1,1,256,6.921,2.785,0.434
0x887655fe0,1743,124,49,copy_from_mapped_kernel,64,1,1,256,7.078,2.347,0.398
0x887655fe0,1743,124,50,fused_gr_norm1_kernel,1,1,1,256,21.939,7.355,0.403
0x887655fe0,1743,124,51,fused_gr_down_kernel,41,1,1,256,36.694,9.962,0.384
0x887655fe0,1743,124,52,fused_gr_up_kernel,160,1,1,256,38.930,11.407,0.396
0x887655fe0,1743,124,53,native_quantize_q8_1_kernel,10,1,1,256,8.269,2.563,0.433
0x887655fe0,1743,124,54,native_iq4_xs_direct_sg4,640,1,1,128,97.990,34.489,0.396
0x887655fe0,1743,124,55,gdn_conv_l2_multi_kernel,80,1,1,128,9.298,2.571,0.418
0x887655fe0,1743,124,56,gdn_ab_multi_kernel,12,1,1,256,19.839,6.119,0.385
0x887655fe0,1743,124,57,mmvq_direct_21_r2,768,1,1,128,95.906,37.798,0.387
0x887655fe0,1743,124,58,gdn_step_norm_multi_tail_kernel,48,1,1,512,34.470,9.849,0.400
0x887655fe0,1743,124,59,native_quantize_q8_1_kernel,24,1,1,256,7.414,2.797,0.359
0x887655fe0,1743,124,60,native_iq4_xs_direct_sg4,160,1,1,128,59.602,20.645,0.355
0x887655fe0,1743,124,61,fused_gr_norm1_kernel,1,1,1,256,25.228,8.090,0.394
0x887655fe0,1743,124,62,fused_gr_down_kernel,41,1,1,256,33.645,7.494,0.368
0x887655fe0,1743,124,63,fused_gr_up_kernel,160,1,1,256,42.755,15.229,0.358
0x887655fe0,1743,124,64,bf16_f32_mmvf_kernel,512,1,1,256,16.211,5.273,0.412
0x887655fe0,1743,124,65,route,1,1,1,256,26.127,8.121,0.384
0x887655fe0,1743,124,66,to_bf16_kernel,10,1,1,256,5.605,2.014,0.396
0x887655fe0,1743,124,67,native_quantize_q8_1_kernel,10,1,1,256,6.764,2.364,0.375
0x887655fe0,1743,124,68,native_q6_k_mmvq_kernel_large,640,1,1,128,18.730,7.597,0.375
0x887655fe0,1743,124,69,native_iq4_xs_direct_r4,160,1,1,128,17.740,5.420,0.393
0x887655fe0,1743,124,70,shexp_native_swiglu_kernel,5,1,1,128,7.144,1.999,0.369
0x887655fe0,1743,124,71,native_quantize_q8_1_kernel,3,1,1,256,5.851,2.094,0.362
0x887655fe0,1743,124,72,native_iq4_nl_direct_r4,640,1,1,128,20.495,6.723,0.379
0x887655fe0,1743,124,73,bf16_f32_mmvf_kernel,1,1,1,256,8.077,2.520,0.362
0x887655fe0,1743,124,74,shexp_native_scalar_sigmoid_kernel,1,1,1,1,6.034,2.400,0.400
0x887655fe0,1743,124,75,shexp_scale_rows_kernel,20,1,1,128,5.807,2.376,0.374
0x887655fe0,1743,124,76,quantize_q8_1_kernel,10,1,1,256,7.153,2.349,0.376
0x887655fe0,1743,124,77,native_resident_gu_16,160,10,1,256,193.664,81.368,0.394
0x887655fe0,1743,124,78,swiglu_entries_kernel,25,1,1,256,8.128,3.209,0.391
0x887655fe0,1743,124,79,quantize_q8_1_kernel,25,1,1,256,7.482,10.656,0.363
0x887655fe0,1743,124,80,native_resident_down_direct_42_r4,80,10,1,256,115.875,45.414,394.324
0x887655fe0,1743,124,81,nmoe_combine_kernel,10,1,1,256,8.906,3.402,3.829
0x887655fe0,1743,124,82,fused_gr_norm1_kernel,1,1,1,256,23.883,8.407,0.471
0x887655fe0,1743,124,83,fused_gr_down_kernel,41,1,1,256,38.792,20.313,8.829
0x887655fe0,1743,124,84,fused_gr_up_kernel,160,1,1,256,43.972,19.903,0.372
0x887655fe0,1743,124,85,native_quantize_q8_1_kernel,10,1,1,256,6.871,2.390,0.417
0x887655fe0,1743,124,86,native_iq4_xs_direct_sg4,640,1,1,128,101.970,45.940,0.389
0x887655fe0,1743,124,87,gdn_conv_l2_multi_kernel,80,1,1,128,8.367,3.053,4.566
0x887655fe0,1743,124,88,gdn_ab_multi_kernel,12,1,1,256,20.359,7.225,0.414
0x887655fe0,1743,124,89,native_iq4_xs_direct_sg4,384,1,1,128,64.865,24.761,0.397
0x887655fe0,1743,124,90,gdn_step_norm_multi_tail_kernel,48,1,1,512,35.150,12.099,0.402
0x887655fe0,1743,124,91,native_quantize_q8_1_kernel,24,1,1,256,7.279,2.714,0.361
0x887655fe0,1743,124,92,native_iq4_xs_direct_sg4,160,1,1,128,59.087,21.790,0.363
0x887655fe0,1743,124,93,fused_gr_norm1_kernel,1,1,1,256,24.356,7.992,0.413
0x887655fe0,1743,124,94,fused_gr_down_kernel,41,1,1,256,36.028,10.235,0.380
0x887655fe0,1743,124,95,fused_gr_up_kernel,160,1,1,256,42.200,14.393,0.370
0x887655fe0,1743,124,96,bf16_f32_mmvf_kernel,512,1,1,256,15.935,4.600,0.405
0x887655fe0,1743,124,97,route,1,1,1,256,25.990,8.856,0.400
0x887655fe0,1743,124,98,to_bf16_kernel,10,1,1,256,4.547,1.923,0.412
0x887655fe0,1743,124,99,native_quantize_q8_1_kernel,10,1,1,256,6.818,2.321,0.385
0x887655fe0,1743,124,100,native_iq4_xs_direct_r4,160,1,1,128,17.379,5.953,0.383
0x887655fe0,1743,124,101,native_iq4_xs_direct_r4,160,1,1,128,15.659,5.479,0.397
0x887655fe0,1743,124,102,shexp_native_swiglu_kernel,5,1,1,128,6.227,2.333,0.362
0x887655fe0,1743,124,103,native_quantize_q8_1_kernel,3,1,1,256,5.648,1.995,4.594
0x887655fe0,1743,124,104,native_iq4_nl_direct_r4,640,1,1,128,20.468,6.773,0.400
0x887655fe0,1743,124,105,bf16_f32_mmvf_kernel,1,1,1,256,7.696,2.683,0.369
0x887655fe0,1743,124,106,shexp_native_scalar_sigmoid_kernel,1,1,1,1,6.026,2.113,0.719
0x887655fe0,1743,124,107,shexp_scale_rows_kernel,20,1,1,128,4.926,1.922,0.736
0x887655fe0,1743,124,108,quantize_q8_1_kernel,10,1,1,256,6.982,2.352,0.383
0x887655fe0,1743,124,109,native_resident_gu_22,160,10,1,256,201.160,78.849,0.706
0x887655fe0,1743,124,110,swiglu_entries_kernel,25,1,1,256,6.954,2.711,0.401
0x887655fe0,1743,124,111,quantize_q8_1_kernel,25,1,1,256,6.780,2.585,0.375
0x887655fe0,1743,124,112,native_resident_down_direct_42_r4,80,10,1,256,116.240,45.651,0.379
0x887655fe0,1743,124,113,nmoe_combine_kernel,10,1,1,256,9.713,3.302,0.370
0x887655fe0,1743,124,114,fused_gr_norm1_kernel,1,1,1,256,24.171,7.887,0.374
0x887655fe0,1743,124,115,fused_gr_down_kernel,41,1,1,256,34.712,9.083,0.358
0x887655fe0,1743,124,116,fused_gr_up_kernel,160,1,1,256,42.619,14.866,0.361
0x887655fe0,1743,124,117,native_quantize_q8_1_kernel,10,1,1,256,7.467,3.114,0.413
0x887655fe0,1743,124,118,bf16_f32_mmvf_kernel,128,1,1,256,9.783,3.183,0.386
0x887655fe0,1743,124,119,native_q6_k_mmvq_kernel_large,512,1,1,128,17.106,6.120,0.634
0x887655fe0,1743,124,120,native_iq4_xs_direct_r4,128,1,1,128,16.724,5.930,0.656
0x887655fe0,1743,124,121,nqs_norm_kernel,2,1,1,256,8.156,2.708,0.578
0x887655fe0,1743,124,122,native_rope_apply_kernel,1,2,1,128,13.706,4.444,0.562
0x887655fe0,1743,124,123,copy_from_mapped_kernel,1,1,1,256,6.024,2.315,0.488
0x887655fe0,1743,124,124,kv_append_kernel,2,1,1,256,15.834,5.093,0.587
0x887655fe0,1743,124,125,nqsi_append_kernel,1,1,1,256,13.342,10.077,0.468
0x887655fe0,1743,124,126,native_iq4_xs_direct_sg4,768,1,1,128,114.465,41.197,0.627
0x887655fe0,1743,124,127,runtime_copy2d16,1,24,1,128,5.968,2.150,0.382
0x887655fe0,1743,124,128,nqs_norm_kernel,24,1,1,256,7.135,2.476,0.400
0x887655fe0,1743,124,129,native_rope_apply_kernel,1,24,1,128,12.420,4.293,0.627
0x887655fe0,1743,124,130,bf16_f32_mmvf_kernel,512,1,1,256,16.319,4.654,0.788
0x887655fe0,1743,124,131,nqs_norm_kernel,4,1,1,256,7.470,2.399,0.463
0x887655fe0,1743,124,132,native_rope_apply_kernel,1,4,1,128,9.522,3.563,0.566
0x887655fe0,1743,124,133,block_scores_multi_kernel,256,1,1,256,18.721,6.394,0.567
0x887655fe0,1743,124,134,block_topk_scan_kernel,1,1,1,256,57.594,21.139,0.631
0x887655fe0,1743,124,135,attn_chunk_kernel_m0,33,2,1,256,147.347,54.936,0.375
0x887655fe0,1743,124,136,attn_merge_kernel,24,1,1,256,46.680,15.821,0.414
0x887655fe0,1743,124,137,nqs_gate_kernel,24,1,1,256,10.715,3.287,0.385
0x887655fe0,1743,124,138,native_quantize_q8_1_kernel,24,1,1,256,7.413,2.853,0.418
0x887655fe0,1743,124,139,mmvq_direct_21_r2,320,1,1,128,85.119,32.060,0.382
0x887655fe0,1743,124,140,fused_gr_norm1_kernel,1,1,1,256,26.331,8.240,0.401
0x887655fe0,1743,124,141,fused_gr_down_kernel,41,1,1,256,38.045,11.083,0.420
0x887655fe0,1743,124,142,fused_gr_up_kernel,160,1,1,256,43.745,14.904,0.584
0x887655fe0,1743,124,143,bf16_f32_mmvf_kernel,512,1,1,256,17.402,5.333,0.546
0x887655fe0,1743,124,144,route,1,1,1,256,26.277,8.977,0.539
0x887655fe0,1743,124,145,to_bf16_kernel,10,1,1,256,6.153,2.020,0.441
0x887655fe0,1743,124,146,native_quantize_q8_1_kernel,10,1,1,256,7.165,2.536,0.639
0x887655fe0,1743,124,147,native_iq4_xs_direct_r4,160,1,1,128,17.694,6.463,0.640
0x887655fe0,1743,124,148,native_iq4_xs_direct_r4,160,1,1,128,16.020,5.397,0.609
0x887655fe0,1743,124,149,shexp_native_swiglu_kernel,5,1,1,128,6.743,2.444,0.581
0x887655fe0,1743,124,150,native_quantize_q8_1_kernel,3,1,1,256,6.410,1.828,0.895
0x887655fe0,1743,124,151,native_small_mmvq_kernel_q8_0_small,640,1,1,128,20.261,6.456,0.938
0x887655fe0,1743,124,152,bf16_f32_mmvf_kernel,1,1,1,256,8.230,2.496,0.968
0x887655fe0,1743,124,153,shexp_native_scalar_sigmoid_kernel,1,1,1,1,6.278,2.551,0.662
0x887655fe0,1743,124,154,shexp_scale_rows_kernel,20,1,1,128,5.250,2.119,0.600
0x887655fe0,1743,124,155,quantize_q8_1_kernel,10,1,1,256,7.731,2.538,1.125
0x887655fe0,1743,124,156,native_resident_gu_22,160,10,1,256,204.241,80.644,0.380
0x887655fe0,1743,124,157,swiglu_entries_kernel,25,1,1,256,8.023,4.410,0.418
0x887655fe0,1743,124,158,quantize_q8_1_kernel,25,1,1,256,6.978,2.444,0.384
0x887655fe0,1743,124,159,native_resident_down_direct_42_r4,80,10,1,256,116.315,45.652,1.090
0x887655fe0,1743,124,160,nmoe_combine_kernel,10,1,1,256,10.728,3.735,398.942
0x887655fe0,1743,124,161,fused_gr_norm1_kernel,1,1,1,256,25.481,8.352,0.896
0x887655fe0,1743,124,162,fused_gr_down_kernel,41,1,1,256,37.447,12.284,2.736
0x887655fe0,1743,124,163,fused_gr_up_kernel,160,1,1,256,44.370,16.006,3.792
0x887655fe0,1743,124,164,native_quantize_q8_1_kernel,10,1,1,256,7.054,2.511,0.409
0x887655fe0,1743,124,165,native_iq4_xs_direct_sg4,640,1,1,128,101.312,38.284,1.049
0x887655fe0,1743,124,166,gdn_conv_l2_multi_kernel,80,1,1,128,8.635,3.027,0.427
0x887655fe0,1743,124,167,gdn_ab_multi_kernel,12,1,1,256,20.675,6.995,0.394
0x887655fe0,1743,124,168,mmvq_direct_21_r2,768,1,1,128,97.345,38.048,5.505
0x887655fe0,1743,124,169,gdn_step_norm_multi_tail_kernel,48,1,1,512,36.524,12.655,0.396
0x887655fe0,1743,124,170,native_quantize_q8_1_kernel,24,1,1,256,6.931,2.420,0.415
0x887655fe0,1743,124,171,native_iq4_xs_direct_sg4,160,1,1,128,61.176,21.944,0.387
0x887655fe0,1743,124,172,fused_gr_norm1_kernel,1,1,1,256,25.070,8.092,0.383
0x887655fe0,1743,124,173,fused_gr_down_kernel,41,1,1,256,36.389,10.509,0.400
0x887655fe0,1743,124,174,fused_gr_up_kernel,160,1,1,256,44.152,15.086,0.393
0x887655fe0,1743,124,175,bf16_f32_mmvf_kernel,512,1,1,256,16.876,6.021,0.375
0x887655fe0,1743,124,176,route,1,1,1,256,26.563,8.911,0.421
0x887655fe0,1743,124,177,to_bf16_kernel,10,1,1,256,4.640,1.743,0.403
0x887655fe0,1743,124,178,native_quantize_q8_1_kernel,10,1,1,256,7.155,2.447,0.416
0x887655fe0,1743,124,179,native_iq4_xs_direct_r4,160,1,1,128,17.123,5.887,0.395
0x887655fe0,1743,124,180,mmvq_direct_21_r2,80,1,1,128,23.660,8.253,0.384
0x887655fe0,1743,124,181,shexp_native_swiglu_kernel,5,1,1,128,6.357,2.169,0.414
0x887655fe0,1743,124,182,native_quantize_q8_1_kernel,3,1,1,256,5.891,2.307,0.384
0x887655fe0,1743,124,183,native_iq4_nl_direct_r4,640,1,1,128,20.978,7.200,0.370
0x887655fe0,1743,124,184,bf16_f32_mmvf_kernel,1,1,1,256,7.905,2.918,0.391
0x887655fe0,1743,124,185,shexp_native_scalar_sigmoid_kernel,1,1,1,1,7.221,13.146,0.386
0x887655fe0,1743,124,186,shexp_scale_rows_kernel,20,1,1,128,5.093,2.846,0.410
0x887655fe0,1743,124,187,quantize_q8_1_kernel,10,1,1,256,7.048,2.428,0.396
0x887655fe0,1743,124,188,native_resident_gu_16,160,10,1,256,199.934,109.968,0.924
0x887655fe0,1743,124,189,swiglu_entries_kernel,25,1,1,256,7.034,3.589,0.428
0x887655fe0,1743,124,190,quantize_q8_1_kernel,25,1,1,256,7.428,6.294,0.399
0x887655fe0,1743,124,191,native_resident_down_direct_42_r4,80,10,1,256,118.589,51.595,0.396
0x887655fe0,1743,124,192,nmoe_combine_kernel,10,1,1,256,9.791,3.958,0.395
0x887655fe0,1743,124,193,fused_gr_norm1_kernel,1,1,1,256,24.230,8.546,0.380
0x887655fe0,1743,124,194,fused_gr_down_kernel,41,1,1,256,35.954,9.899,0.387
0x887655fe0,1743,124,195,fused_gr_up_kernel,160,1,1,256,43.009,14.808,0.367
0x887655fe0,1743,124,196,native_quantize_q8_1_kernel,10,1,1,256,7.378,2.706,0.365
0x887655fe0,1743,124,197,native_iq4_xs_direct_sg4,640,1,1,128,98.964,36.123,0.395
0x887655fe0,1743,124,198,gdn_conv_l2_multi_kernel,80,1,1,128,9.308,3.226,0.434
0x887655fe0,1743,124,199,gdn_ab_multi_kernel,12,1,1,256,20.397,7.130,0.383
0x887655fe0,1743,124,200,mmvq_direct_21_r2,768,1,1,128,97.903,38.765,0.429
0x887655fe0,1743,124,201,gdn_step_norm_multi_tail_kernel,48,1,1,512,36.408,11.852,0.410
0x887655fe0,1743,124,202,native_quantize_q8_1_kernel,24,1,1,256,8.059,3.056,0.426
0x887655fe0,1743,124,203,native_iq4_xs_direct_sg4,160,1,1,128,61.177,22.659,0.378
0x887655fe0,1743,124,204,fused_gr_norm1_kernel,1,1,1,256,26.018,8.315,0.380
0x887655fe0,1743,124,205,fused_gr_down_kernel,41,1,1,256,37.076,10.128,0.400
0x887655fe0,1743,124,206,fused_gr_up_kernel,160,1,1,256,43.909,15.336,0.380
0x887655fe0,1743,124,207,bf16_f32_mmvf_kernel,512,1,1,256,16.985,5.032,0.370
0x887655fe0,1743,124,208,route,1,1,1,256,27.126,9.030,0.425
0x887655fe0,1743,124,209,to_bf16_kernel,10,1,1,256,5.292,1.939,0.384
0x887655fe0,1743,124,210,native_quantize_q8_1_kernel,10,1,1,256,7.086,2.637,0.427
0x887655fe0,1743,124,211,native_iq4_xs_direct_r4,160,1,1,128,17.385,6.410,0.383
0x887655fe0,1743,124,212,native_q6_k_mmvq_kernel_large,640,1,1,128,18.780,7.316,0.389
0x887655fe0,1743,124,213,shexp_native_swiglu_kernel,5,1,1,128,6.355,2.082,0.426
0x887655fe0,1743,124,214,native_quantize_q8_1_kernel,3,1,1,256,5.766,2.103,0.393
0x887655fe0,1743,124,215,native_iq4_nl_direct_r4,640,1,1,128,20.528,7.351,0.386
0x887655fe0,1743,124,216,bf16_f32_mmvf_kernel,1,1,1,256,7.693,2.747,0.407
0x887655fe0,1743,124,217,shexp_native_scalar_sigmoid_kernel,1,1,1,1,6.322,2.249,0.396
0x887655fe0,1743,124,218,shexp_scale_rows_kernel,20,1,1,128,5.524,1.913,0.414
0x887655fe0,1743,124,219,quantize_q8_1_kernel,10,1,1,256,7.219,2.582,0.391
0x887655fe0,1743,124,220,native_resident_gu_22,160,10,1,256,208.031,86.193,0.384
0x887655fe0,1743,124,221,swiglu_entries_kernel,25,1,1,256,7.936,3.734,0.432
0x887655fe0,1743,124,222,quantize_q8_1_kernel,25,1,1,256,6.930,2.656,0.389
0x887655fe0,1743,124,223,native_resident_down_direct_42_r4,80,10,1,256,119.471,49.419,0.388
0x887655fe0,1743,124,224,nmoe_combine_kernel,10,1,1,256,9.632,3.498,0.415
0x887655fe0,1743,124,225,fused_gr_norm1_kernel,1,1,1,256,24.778,8.631,0.373
0x887655fe0,1743,124,226,fused_gr_down_kernel,41,1,1,256,36.005,10.300,0.394
0x887655fe0,1743,124,227,fused_gr_up_kernel,160,1,1,256,43.887,16.209,0.373
0x887655fe0,1743,124,228,native_quantize_q8_1_kernel,10,1,1,256,7.769,2.658,0.375
0x887655fe0,1743,124,229,native_iq4_xs_direct_sg4,640,1,1,128,101.477,40.120,0.398
0x887655fe0,1743,124,230,gdn_conv_l2_multi_kernel,80,1,1,128,9.550,3.120,0.423
0x887655fe0,1743,124,231,gdn_ab_multi_kernel,12,1,1,256,20.563,7.438,0.393
0x887655fe0,1743,124,232,native_iq4_xs_direct_sg4,384,1,1,128,66.955,25.859,0.420
0x887655fe0,1743,124,233,gdn_step_norm_multi_tail_kernel,48,1,1,512,36.807,15.492,0.438
0x887655fe0,1743,124,234,native_quantize_q8_1_kernel,24,1,1,256,8.436,2.999,0.425
0x887655fe0,1743,124,235,native_iq4_xs_direct_sg4,160,1,1,128,61.995,24.872,0.382
0x887655fe0,1743,124,236,fused_gr_norm1_kernel,1,1,1,256,25.764,9.417,0.409
0x887655fe0,1743,124,237,fused_gr_down_kernel,41,1,1,256,36.773,10.796,0.401
0x887655fe0,1743,124,238,fused_gr_up_kernel,160,1,1,256,44.375,16.543,0.392
0x887655fe0,1743,124,239,bf16_f32_mmvf_kernel,512,1,1,256,17.418,5.333,0.384
0x887655fe0,1743,124,240,route,1,1,1,256,27.791,10.508,389.578
0x887655fe0,1743,124,241,to_bf16_kernel,10,1,1,256,4.891,1.938,0.696
0x887655fe0,1743,124,242,native_quantize_q8_1_kernel,10,1,1,256,6.951,2.663,2.266
0x887655fe0,1743,124,243,native_iq4_xs_direct_r4,160,1,1,128,18.312,6.939,13.139
0x887655fe0,1743,124,244,native_iq4_xs_direct_r4,160,1,1,128,16.254,6.415,1.936
0x887655fe0,1743,124,245,shexp_native_swiglu_kernel,5,1,1,128,6.390,2.486,4.372
0x887655fe0,1743,124,246,native_quantize_q8_1_kernel,3,1,1,256,5.944,2.344,1.794
0x887655fe0,1743,124,247,native_q2_0_mmvq_kernel_small,640,1,1,128,33.123,12.174,7.239
0x887655fe0,1743,124,248,bf16_f32_mmvf_kernel,1,1,1,256,8.562,3.207,1.135
0x887655fe0,1743,124,249,shexp_native_scalar_sigmoid_kernel,1,1,1,1,6.180,2.356,0.786
0x887655fe0,1743,124,250,shexp_scale_rows_kernel,20,1,1,128,5.003,1.975,3.912
0x887655fe0,1743,124,251,quantize_q8_1_kernel,10,1,1,256,7.232,2.747,5.705
0x887655fe0,1743,124,252,native_resident_gu_22,160,10,1,256,210.981,91.001,8.865
0x887655fe0,1743,124,253,swiglu_entries_kernel,25,1,1,256,6.512,2.464,0.426
0x887655fe0,1743,124,254,quantize_q8_1_kernel,25,1,1,256,6.854,2.725,0.407
0x887655fe0,1743,124,255,native_resident_down_direct_42_r4,80,10,1,256,120.619,50.972,0.397
0x887655fe0,1743,124,256,nmoe_combine_kernel,10,1,1,256,9.341,3.584,0.392
0x887655fe0,1743,124,257,fused_gr_norm1_kernel,1,1,1,256,24.805,8.957,0.389
0x887655fe0,1743,124,258,fused_gr_down_kernel,41,1,1,256,35.834,11.137,0.394
0x887655fe0,1743,124,259,fused_gr_up_kernel,160,1,1,256,44.182,16.520,0.383
0x887655fe0,1743,124,260,native_quantize_q8_1_kernel,10,1,1,256,7.145,2.691,0.387
0x887655fe0,1743,124,261,bf16_f32_mmvf_kernel,128,1,1,256,9.930,3.512,0.417
0x887655fe0,1743,124,262,native_q6_k_mmvq_kernel_large,512,1,1,128,17.114,6.977,0.409
0x887655fe0,1743,124,263,native_q6_k_mmvq_kernel_large,512,1,1,128,16.319,6.781,0.399
0x887655fe0,1743,124,264,nqs_norm_kernel,2,1,1,256,7.852,2.857,0.410
0x887655fe0,1743,124,265,native_rope_apply_kernel,1,2,1,128,14.116,5.166,0.407
0x887655fe0,1743,124,266,copy_from_mapped_kernel,1,1,1,256,6.057,2.258,0.417
0x887655fe0,1743,124,267,kv_append_kernel,2,1,1,256,16.164,6.057,0.374
0x887655fe0,1743,124,268,nqsi_append_kernel,1,1,1,256,12.353,5.758,0.368
0x887655fe0,1743,124,269,native_iq4_xs_direct_sg4,768,1,1,128,118.756,47.743,0.394
0x887655fe0,1743,124,270,runtime_copy2d16,1,24,1,128,5.569,2.538,0.397
0x887655fe0,1743,124,271,nqs_norm_kernel,24,1,1,256,7.407,2.986,0.379
0x887655fe0,1743,124,272,native_rope_apply_kernel,1,24,1,128,13.662,5.058,0.423
0x887655fe0,1743,124,273,bf16_f32_mmvf_kernel,512,1,1,256,17.013,5.814,0.421
0x887655fe0,1743,124,274,nqs_norm_kernel,4,1,1,256,7.040,2.735,0.423
0x887655fe0,1743,124,275,native_rope_apply_kernel,1,4,1,128,9.792,4.021,0.401
0x887655fe0,1743,124,276,block_scores_multi_kernel,256,1,1,256,19.109,7.316,0.401
0x887655fe0,1743,124,277,block_topk_scan_kernel,1,1,1,256,58.627,24.587,0.421
0x887655fe0,1743,124,278,attn_chunk_kernel_m0,33,2,1,256,152.228,61.139,0.385
0x887655fe0,1743,124,279,attn_merge_kernel,24,1,1,256,45.010,18.234,0.377
0x887655fe0,1743,124,280,nqs_gate_kernel,24,1,1,256,10.292,3.752,0.418
0x887655fe0,1743,124,281,native_quantize_q8_1_kernel,24,1,1,256,7.046,2.716,0.384
0x887655fe0,1743,124,282,native_iq4_xs_direct_sg4,160,1,1,128,63.191,24.478,0.407
0x887655fe0,1743,124,283,fused_gr_norm1_kernel,1,1,1,256,25.556,9.411,0.411
0x887655fe0,1743,124,284,fused_gr_down_kernel,41,1,1,256,39.975,16.006,0.405
0x887655fe0,1743,124,285,fused_gr_up_kernel,160,1,1,256,46.327,18.659,0.423
0x887655fe0,1743,124,286,bf16_f32_mmvf_kernel,512,1,1,256,17.898,6.645,0.421
0x887655fe0,1743,124,287,route,1,1,1,256,27.589,10.074,0.408
0x887655fe0,1743,124,288,to_bf16_kernel,10,1,1,256,5.171,2.002,0.408
0x887655fe0,1743,124,289,native_quantize_q8_1_kernel,10,1,1,256,7.510,2.523,0.397
0x887655fe0,1743,124,290,native_q6_k_mmvq_kernel_large,640,1,1,128,20.012,7.894,0.417
0x887655fe0,1743,124,291,native_iq4_xs_direct_r4,160,1,1,128,18.406,6.732,0.398
0x887655fe0,1743,124,292,shexp_native_swiglu_kernel,5,1,1,128,6.985,2.780,0.396
0x887655fe0,1743,124,293,native_quantize_q8_1_kernel,3,1,1,256,6.442,3.933,0.424
0x887655fe0,1743,124,294,native_q2_0_mmvq_kernel_small,640,1,1,128,33.890,12.125,0.415
0x887655fe0,1743,124,295,bf16_f32_mmvf_kernel,1,1,1,256,8.288,2.881,0.402
0x887655fe0,1743,124,296,shexp_native_scalar_sigmoid_kernel,1,1,1,1,6.298,2.388,0.430
0x887655fe0,1743,124,297,shexp_scale_rows_kernel,20,1,1,128,5.369,2.207,0.412
0x887655fe0,1743,124,298,quantize_q8_1_kernel,10,1,1,256,7.392,2.720,0.429
0x887655fe0,1743,124,299,native_resident_gu_22,160,10,1,256,212.257,90.957,0.395
0x887655fe0,1743,124,300,swiglu_entries_kernel,25,1,1,256,8.244,4.738,0.411
0x887655fe0,1743,124,301,quantize_q8_1_kernel,25,1,1,256,6.982,2.824,0.408
0x887655fe0,1743,124,302,native_resident_down_direct_42_r4,80,10,1,256,121.871,52.380,0.396
0x887655fe0,1743,124,303,nmoe_combine_kernel,10,1,1,256,10.517,3.667,0.408
0x887655fe0,1743,124,304,fused_gr_norm1_kernel,1,1,1,256,25.757,9.432,0.427
0x887655fe0,1743,124,305,fused_gr_down_kernel,41,1,1,256,38.299,11.343,0.416
0x887655fe0,1743,124,306,fused_gr_up_kernel,160,1,1,256,45.518,17.283,0.429
0x887655fe0,1743,124,307,native_quantize_q8_1_kernel,10,1,1,256,8.175,3.014,0.418
0x887655fe0,1743,124,308,native_iq4_xs_direct_sg4,640,1,1,128,103.648,39.797,0.399
0x887655fe0,1743,124,309,gdn_conv_l2_multi_kernel,80,1,1,128,9.777,3.068,0.466
0x887655fe0,1743,124,310,gdn_ab_multi_kernel,12,1,1,256,20.469,7.977,0.401
0x887655fe0,1743,124,311,native_iq4_xs_direct_sg4,384,1,1,128,68.106,26.674,0.401
0x887655fe0,1743,124,312,gdn_step_norm_multi_tail_kernel,48,1,1,512,37.318,13.654,0.424
0x887655fe0,1743,124,313,native_quantize_q8_1_kernel,24,1,1,256,8.213,2.879,0.416
0x887655fe0,1743,124,314,mmvq_direct_21_r2,320,1,1,128,89.469,37.813,0.409
0x887655fe0,1743,124,315,fused_gr_norm1_kernel,1,1,1,256,26.622,9.457,0.428
0x887655fe0,1743,124,316,fused_gr_down_kernel,41,1,1,256,38.012,10.864,0.409
0x887655fe0,1743,124,317,fused_gr_up_kernel,160,1,1,256,45.849,16.975,0.431
0x887655fe0,1743,124,318,bf16_f32_mmvf_kernel,512,1,1,256,17.645,5.166,0.439
0x887655fe0,1743,124,319,route,1,1,1,256,27.583,10.194,0.412
0x887655fe0,1743,124,320,to_bf16_kernel,10,1,1,256,6.187,5.328,399.643
0x887655fe0,1743,124,321,native_quantize_q8_1_kernel,10,1,1,256,7.027,2.817,1.094
0x887655fe0,1743,124,322,native_iq4_xs_direct_r4,160,1,1,128,18.351,9.082,34.692
0x887655fe0,1743,124,323,native_iq4_xs_direct_r4,160,1,1,128,16.197,6.525,36.397
0x887655fe0,1743,124,324,shexp_native_swiglu_kernel,5,1,1,128,6.452,2.523,7.349
0x887655fe0,1743,124,325,native_quantize_q8_1_kernel,3,1,1,256,6.022,2.451,0.986
0x887655fe0,1743,124,326,native_iq4_nl_direct_r4,640,1,1,128,21.318,8.177,0.915
0x887655fe0,1743,124,327,bf16_f32_mmvf_kernel,1,1,1,256,9.064,3.301,0.459
0x887655fe0,1743,124,328,shexp_native_scalar_sigmoid_kernel,1,1,1,1,6.289,2.500,0.741
0x887655fe0,1743,124,329,shexp_scale_rows_kernel,20,1,1,128,5.011,2.024,0.472
0x887655fe0,1743,124,330,quantize_q8_1_kernel,10,1,1,256,7.253,2.787,1.290
0x887655fe0,1743,124,331,native_resident_gu_29,160,10,1,256,192.228,84.487,4.506
0x887655fe0,1743,124,332,swiglu_entries_kernel,25,1,1,256,6.648,2.610,0.394
0x887655fe0,1743,124,333,quantize_q8_1_kernel,25,1,1,256,6.316,2.598,0.414
0x887655fe0,1743,124,334,native_resident_down_direct_42_r4,80,10,1,256,120.424,51.879,0.402
0x887655fe0,1743,124,335,nmoe_combine_kernel,10,1,1,256,9.262,3.611,0.392
0x887655fe0,1743,124,336,fused_gr_norm1_kernel,1,1,1,256,25.055,9.173,0.431
0x887655fe0,1743,124,337,fused_gr_down_kernel,41,1,1,256,36.468,11.771,0.410
0x887655fe0,1743,124,338,fused_gr_up_kernel,160,1,1,256,44.072,17.039,0.427
0x887655fe0,1743,124,339,native_quantize_q8_1_kernel,10,1,1,256,7.240,3.823,0.402
0x887655fe0,1743,124,340,native_iq4_xs_direct_sg4,640,1,1,128,100.941,39.217,0.396
0x887655fe0,1743,124,341,gdn_conv_l2_multi_kernel,80,1,1,128,8.816,3.553,0.425
0x887655fe0,1743,124,342,gdn_ab_multi_kernel,12,1,1,256,20.339,7.815,0.410
0x887655fe0,1743,124,343,native_iq4_xs_direct_sg4,384,1,1,128,67.707,27.397,0.405
0x887655fe0,1743,124,344,gdn_step_norm_multi_tail_kernel,48,1,1,512,36.656,13.968,0.408
0x887655fe0,1743,124,345,native_quantize_q8_1_kernel,24,1,1,256,7.687,3.694,0.421
0x887655fe0,1743,124,346,native_iq4_xs_direct_sg4,160,1,1,128,63.051,25.549,0.401
0x887655fe0,1743,124,347,fused_gr_norm1_kernel,1,1,1,256,25.869,9.901,0.402
0x887655fe0,1743,124,348,fused_gr_down_kernel,41,1,1,256,36.153,11.595,0.387
0x887655fe0,1743,124,349,fused_gr_up_kernel,160,1,1,256,45.250,17.514,0.390
0x887655fe0,1743,124,350,bf16_f32_mmvf_kernel,512,1,1,256,17.033,6.231,3.595
0x887655fe0,1743,124,351,route,1,1,1,256,27.387,10.529,0.384
0x887655fe0,1743,124,352,to_bf16_kernel,10,1,1,256,5.159,2.314,0.385
0x887655fe0,1743,124,353,native_quantize_q8_1_kernel,10,1,1,256,7.035,2.746,0.498
0x887655fe0,1743,124,354,mmvq_direct_21_r2,80,1,1,128,25.297,9.746,0.749
0x887655fe0,1743,124,355,mmvq_direct_21_r2,80,1,1,128,22.993,9.611,0.399
0x887655fe0,1743,124,356,shexp_native_swiglu_kernel,5,1,1,128,6.707,2.555,0.526
0x887655fe0,1743,124,357,native_quantize_q8_1_kernel,3,1,1,256,6.120,2.393,0.592
0x887655fe0,1743,124,358,native_small_mmvq_kernel_q8_0_small,640,1,1,128,20.070,7.351,0.719
0x887655fe0,1743,124,359,bf16_f32_mmvf_kernel,1,1,1,256,8.204,3.207,0.590
0x887655fe0,1743,124,360,shexp_native_scalar_sigmoid_kernel,1,1,1,1,6.304,2.428,0.563
0x887655fe0,1743,124,361,shexp_scale_rows_kernel,20,1,1,128,5.464,2.270,0.736
0x887655fe0,1743,124,362,quantize_q8_1_kernel,10,1,1,256,7.377,2.926,0.711
0x887655fe0,1743,124,363,native_resident_gu_16,160,10,1,256,198.795,85.811,0.601
0x887655fe0,1743,124,364,swiglu_entries_kernel,25,1,1,256,7.698,2.534,0.414
0x887655fe0,1743,124,365,quantize_q8_1_kernel,25,1,1,256,6.793,2.811,0.383
0x887655fe0,1743,124,366,native_resident_down_direct_42_r4,80,10,1,256,119.576,50.647,0.593
0x887655fe0,1743,124,367,nmoe_combine_kernel,10,1,1,256,9.967,3.618,0.402
0x887655fe0,1743,124,368,fused_gr_norm1_kernel,1,1,1,256,24.317,8.825,0.358
0x887655fe0,1743,124,369,fused_gr_down_kernel,41,1,1,256,36.817,11.431,0.376
0x887655fe0,1743,124,370,fused_gr_up_kernel,160,1,1,256,43.792,16.180,0.371
0x887655fe0,1743,124,371,native_quantize_q8_1_kernel,10,1,1,256,7.901,3.041,0.371
0x887655fe0,1743,124,372,native_iq4_xs_direct_sg4,640,1,1,128,99.745,37.579,0.662
0x887655fe0,1743,124,373,gdn_conv_l2_multi_kernel,80,1,1,128,9.618,2.930,0.432
0x887655fe0,1743,124,374,gdn_ab_multi_kernel,12,1,1,256,19.709,6.991,0.390
0x887655fe0,1743,124,375,native_iq4_xs_direct_sg4,384,1,1,128,65.610,25.211,0.528
0x887655fe0,1743,124,376,gdn_step_norm_multi_tail_kernel,48,1,1,512,35.848,12.736,0.415
0x887655fe0,1743,124,377,native_quantize_q8_1_kernel,24,1,1,256,8.043,2.737,0.405
0x887655fe0,1743,124,378,native_iq4_xs_direct_sg4,160,1,1,128,60.823,23.869,0.739
0x887655fe0,1743,124,379,fused_gr_norm1_kernel,1,1,1,256,25.135,9.044,0.395
0x887655fe0,1743,124,380,fused_gr_down_kernel,41,1,1,256,36.364,10.796,0.379
0x887655fe0,1743,124,381,fused_gr_up_kernel,160,1,1,256,43.973,16.023,0.381
0x887655fe0,1743,124,382,bf16_f32_mmvf_kernel,512,1,1,256,17.098,4.910,0.382
0x887655fe0,1743,124,383,route,1,1,1,256,26.446,9.620,0.370
0x887655fe0,1743,124,384,to_bf16_kernel,10,1,1,256,5.749,1.987,0.410
0x887655fe0,1743,124,385,native_quantize_q8_1_kernel,10,1,1,256,6.813,2.502,0.636
0x887655fe0,1743,124,386,native_iq4_xs_direct_r4,160,1,1,128,17.735,6.621,0.705
0x887655fe0,1743,124,387,mmvq_direct_21_r2,80,1,1,128,25.041,8.884,0.757
0x887655fe0,1743,124,388,shexp_native_swiglu_kernel,5,1,1,128,7.207,2.609,0.615
0x887655fe0,1743,124,389,native_quantize_q8_1_kernel,3,1,1,256,5.914,2.325,0.629
0x887655fe0,1743,124,390,native_iq4_nl_direct_r4,640,1,1,128,21.706,8.851,0.528
0x887655fe0,1743,124,391,bf16_f32_mmvf_kernel,1,1,1,256,8.173,2.819,0.597
0x887655fe0,1743,124,392,shexp_native_scalar_sigmoid_kernel,1,1,1,1,6.121,2.231,0.533
0x887655fe0,1743,124,393,shexp_scale_rows_kernel,20,1,1,128,5.746,2.776,0.565
0x887655fe0,1743,124,394,quantize_q8_1_kernel,10,1,1,256,7.347,2.526,0.632
0x887655fe0,1743,124,395,native_resident_gu_16,160,10,1,256,194.660,79.953,0.526
0x887655fe0,1743,124,396,swiglu_entries_kernel,25,1,1,256,7.813,3.506,0.403
0x887655fe0,1743,124,397,quantize_q8_1_kernel,25,1,1,256,6.667,2.694,0.624
0x887655fe0,1743,124,398,native_resident_down_direct_42_r4,80,10,1,256,116.608,46.739,0.737
0x887655fe0,1743,124,399,nmoe_combine_kernel,10,1,1,256,9.698,3.593,0.393
0x887655fe0,1743,124,400,fused_gr_norm1_kernel,1,1,1,256,24.309,8.463,383.576
0x887655fe0,1743,124,401,fused_gr_down_kernel,41,1,1,256,37.055,12.736,4.442
0x887655fe0,1743,124,402,fused_gr_up_kernel,160,1,1,256,43.464,16.537,1.728
0x887655fe0,1743,124,403,native_quantize_q8_1_kernel,10,1,1,256,6.942,2.557,0.385
0x887655fe0,1743,124,404,bf16_f32_mmvf_kernel,128,1,1,256,9.807,3.459,0.603
0x887655fe0,1743,124,405,native_iq4_xs_direct_r4,128,1,1,128,16.614,5.893,3.655
0x887655fe0,1743,124,406,native_iq4_xs_direct_r4,128,1,1,128,15.417,5.803,2.143
0x887655fe0,1743,124,407,nqs_norm_kernel,2,1,1,256,7.727,2.709,1.229
0x887655fe0,1743,124,408,native_rope_apply_kernel,1,2,1,128,13.701,4.659,2.490
0x887655fe0,1743,124,409,copy_from_mapped_kernel,1,1,1,256,5.654,1.958,4.084
0x887655fe0,1743,124,410,kv_append_kernel,2,1,1,256,15.782,5.436,2.385
0x887655fe0,1743,124,411,nqsi_append_kernel,1,1,1,256,11.984,5.226,3.430
0x887655fe0,1743,124,412,native_iq4_xs_direct_sg4,768,1,1,128,116.436,45.909,5.426
0x887655fe0,1743,124,413,runtime_copy2d16,1,24,1,128,5.101,1.883,0.388
0x887655fe0,1743,124,414,nqs_norm_kernel,24,1,1,256,7.000,2.637,0.388
0x887655fe0,1743,124,415,native_rope_apply_kernel,1,24,1,128,12.679,4.391,0.654
0x887655fe0,1743,124,416,bf16_f32_mmvf_kernel,512,1,1,256,16.356,5.028,0.505
0x887655fe0,1743,124,417,nqs_norm_kernel,4,1,1,256,6.499,2.346,0.498
0x887655fe0,1743,124,418,native_rope_apply_kernel,1,4,1,128,9.488,3.605,0.661
0x887655fe0,1743,124,419,block_scores_multi_kernel,256,1,1,256,18.220,6.502,0.389
0x887655fe0,1743,124,420,block_topk_scan_kernel,1,1,1,256,56.029,21.398,0.514
0x887655fe0,1743,124,421,attn_chunk_kernel_m0,33,2,1,256,148.005,55.785,0.731
0x887655fe0,1743,124,422,attn_merge_kernel,24,1,1,256,43.327,16.445,0.394
0x887655fe0,1743,124,423,nqs_gate_kernel,24,1,1,256,9.334,3.413,0.382
0x887655fe0,1743,124,424,native_quantize_q8_1_kernel,24,1,1,256,7.134,2.562,0.384
0x887655fe0,1743,124,425,native_iq4_xs_direct_sg4,160,1,1,128,60.183,21.635,0.522
0x887655fe0,1743,124,426,fused_gr_norm1_kernel,1,1,1,256,24.741,8.886,0.416
0x887655fe0,1743,124,427,fused_gr_down_kernel,41,1,1,256,37.056,12.476,0.393
0x887655fe0,1743,124,428,fused_gr_up_kernel,160,1,1,256,43.515,15.956,0.392
0x887655fe0,1743,124,429,bf16_f32_mmvf_kernel,512,1,1,256,17.424,7.478,0.406
0x887655fe0,1743,124,430,route,1,1,1,256,26.557,9.394,0.407
0x887655fe0,1743,124,431,to_bf16_kernel,10,1,1,256,4.907,2.501,0.383
0x887655fe0,1743,124,432,native_quantize_q8_1_kernel,10,1,1,256,6.792,2.390,0.389
0x887655fe0,1743,124,433,native_iq4_xs_direct_r4,160,1,1,128,17.499,6.368,0.856
0x887655fe0,1743,124,434,native_q6_k_mmvq_kernel_large,640,1,1,128,18.991,7.159,0.458
0x887655fe0,1743,124,435,shexp_native_swiglu_kernel,5,1,1,128,6.516,2.447,0.503
0x887655fe0,1743,124,436,native_quantize_q8_1_kernel,3,1,1,256,5.797,2.056,0.566
0x887655fe0,1743,124,437,native_q2_0_mmvq_kernel_small,640,1,1,128,33.297,11.825,0.571
0x887655fe0,1743,124,438,bf16_f32_mmvf_kernel,1,1,1,256,8.220,3.044,0.408
0x887655fe0,1743,124,439,shexp_native_scalar_sigmoid_kernel,1,1,1,1,6.273,2.315,0.624
0x887655fe0,1743,124,440,shexp_scale_rows_kernel,20,1,1,128,5.229,2.069,0.531
0x887655fe0,1743,124,441,quantize_q8_1_kernel,10,1,1,256,7.228,2.429,0.604
0x887655fe0,1743,124,442,native_resident_gu_16,160,10,1,256,192.074,77.251,0.660
0x887655fe0,1743,124,443,swiglu_entries_kernel,25,1,1,256,7.468,2.579,0.371
0x887655fe0,1743,124,444,quantize_q8_1_kernel,25,1,1,256,6.827,2.405,0.359
0x887655fe0,1743,124,445,native_resident_down_direct_42_r4,80,10,1,256,116.703,46.490,0.396
0x887655fe0,1743,124,446,nmoe_combine_kernel,10,1,1,256,9.366,3.186,0.399
0x887655fe0,1743,124,447,fused_gr_norm1_kernel,1,1,1,256,24.100,7.968,0.369
0x887655fe0,1743,124,448,fused_gr_down_kernel,41,1,1,256,38.120,11.148,0.408
0x887655fe0,1743,124,449,fused_gr_up_kernel,160,1,1,256,44.404,15.448,0.410
0x887655fe0,1743,124,450,native_quantize_q8_1_kernel,10,1,1,256,7.418,2.334,0.430
0x887655fe0,1743,124,451,native_iq4_xs_direct_sg4,640,1,1,128,98.701,35.514,0.777
0x887655fe0,1743,124,452,gdn_conv_l2_multi_kernel,80,1,1,128,9.366,3.766,0.417
0x887655fe0,1743,124,453,gdn_ab_multi_kernel,12,1,1,256,19.520,6.583,0.386
0x887655fe0,1743,124,454,native_iq4_xs_direct_sg4,384,1,1,128,65.977,24.163,0.382
0x887655fe0,1743,124,455,gdn_step_norm_multi_tail_kernel,48,1,1,512,36.735,12.591,0.393
0x887655fe0,1743,124,456,native_quantize_q8_1_kernel,24,1,1,256,8.362,9.071,0.395
0x887655fe0,1743,124,457,native_iq4_xs_direct_sg4,160,1,1,128,60.123,21.580,0.386
0x887655fe0,1743,124,458,fused_gr_norm1_kernel,1,1,1,256,28.297,36.059,0.412
0x887655fe0,1743,124,459,fused_gr_down_kernel,41,1,1,256,38.587,15.094,0.564
0x887655fe0,1743,124,460,fused_gr_up_kernel,160,1,1,256,44.316,17.152,0.796
0x887655fe0,1743,124,461,bf16_f32_mmvf_kernel,512,1,1,256,17.283,5.558,0.554
0x887655fe0,1743,124,462,route,1,1,1,256,26.184,8.955,0.529
0x887655fe0,1743,124,463,to_bf16_kernel,10,1,1,256,5.203,1.784,0.438
0x887655fe0,1743,124,464,native_quantize_q8_1_kernel,10,1,1,256,7.028,2.409,0.631
0x887655fe0,1743,124,465,native_q6_k_mmvq_kernel_large,640,1,1,128,18.792,7.586,0.502
0x887655fe0,1743,124,466,mmvq_direct_21_r2,80,1,1,128,25.015,7.914,3.003
0x887655fe0,1743,124,467,shexp_native_swiglu_kernel,5,1,1,128,7.186,2.039,0.518
0x887655fe0,1743,124,468,native_quantize_q8_1_kernel,3,1,1,256,5.657,1.992,0.367
0x887655fe0,1743,124,469,native_iq4_nl_direct_r4,640,1,1,128,20.974,6.879,0.648
0x887655fe0,1743,124,470,bf16_f32_mmvf_kernel,1,1,1,256,7.963,2.504,0.423
0x887655fe0,1743,124,471,shexp_native_scalar_sigmoid_kernel,1,1,1,1,6.190,2.179,0.569
0x887655fe0,1743,124,472,shexp_scale_rows_kernel,20,1,1,128,5.415,2.320,0.687
0x887655fe0,1743,124,473,quantize_q8_1_kernel,10,1,1,256,7.241,2.330,0.552
0x887655fe0,1743,124,474,native_resident_gu_22,160,10,1,256,201.768,78.902,0.752
0x887655fe0,1743,124,475,swiglu_entries_kernel,25,1,1,256,7.895,2.192,0.381
0x887655fe0,1743,124,476,quantize_q8_1_kernel,25,1,1,256,6.737,2.420,0.367
0x887655fe0,1743,124,477,native_resident_down_direct_42_r4,80,10,1,256,115.536,44.944,0.383
0x887655fe0,1743,124,478,nmoe_combine_kernel,10,1,1,256,9.800,3.207,0.384
0x887655fe0,1743,124,479,fused_gr_norm1_kernel,1,1,1,256,23.681,7.940,0.361
0x887655fe0,1743,124,480,fused_gr_down_kernel,41,1,1,256,36.199,11.534,380.592
0x887655fe0,1743,124,481,fused_gr_up_kernel,160,1,1,256,43.192,15.451,3.691
0x887655fe0,1743,124,482,native_quantize_q8_1_kernel,10,1,1,256,7.083,2.429,6.110
0x887655fe0,1743,124,483,native_iq4_xs_direct_sg4,640,1,1,128,97.040,35.816,0.386
0x887655fe0,1743,124,484,gdn_conv_l2_multi_kernel,80,1,1,128,8.307,2.928,1.052
0x887655fe0,1743,124,485,gdn_ab_multi_kernel,12,1,1,256,19.443,6.471,0.576
0x887655fe0,1743,124,486,native_iq4_xs_direct_sg4,384,1,1,128,64.899,23.424,6.065
0x887655fe0,1743,124,487,gdn_step_norm_multi_tail_kernel,48,1,1,512,34.485,11.374,0.375
0x887655fe0,1743,124,488,native_quantize_q8_1_kernel,24,1,1,256,6.780,2.296,0.387
0x887655fe0,1743,124,489,native_iq4_xs_direct_sg4,160,1,1,128,59.045,21.210,0.391
0x887655fe0,1743,124,490,fused_gr_norm1_kernel,1,1,1,256,24.711,8.218,0.399
0x887655fe0,1743,124,491,fused_gr_down_kernel,41,1,1,256,36.621,9.986,0.379
0x887655fe0,1743,124,492,fused_gr_up_kernel,160,1,1,256,42.374,14.507,0.379
0x887655fe0,1743,124,493,bf16_f32_mmvf_kernel,512,1,1,256,16.271,4.793,0.415
0x887655fe0,1743,124,494,route,1,1,1,256,26.210,8.697,0.534
0x887655fe0,1743,124,495,to_bf16_kernel,10,1,1,256,4.532,1.639,0.438
0x887655fe0,1743,124,496,native_quantize_q8_1_kernel,10,1,1,256,6.690,2.282,0.641
0x887655fe0,1743,124,497,mmvq_direct_21_r2,80,1,1,128,24.135,8.422,0.512
0x887655fe0,1743,124,498,mmvq_direct_21_r2,80,1,1,128,22.208,8.764,0.615
0x887655fe0,1743,124,499,shexp_native_swiglu_kernel,5,1,1,128,6.344,2.209,0.432
0x887655fe0,1743,124,500,native_quantize_q8_1_kernel,3,1,1,256,5.785,2.051,0.538
0x887655fe0,1743,124,501,native_small_mmvq_kernel_q8_0_small,640,1,1,128,19.213,6.184,1.159
0x887655fe0,1743,124,502,bf16_f32_mmvf_kernel,1,1,1,256,7.782,2.562,0.522
0x887655fe0,1743,124,503,shexp_native_scalar_sigmoid_kernel,1,1,1,1,5.933,2.054,0.556
0x887655fe0,1743,124,504,shexp_scale_rows_kernel,20,1,1,128,4.851,1.778,0.966
0x887655fe0,1743,124,505,quantize_q8_1_kernel,10,1,1,256,6.984,2.363,0.639
0x887655fe0,1743,124,506,native_resident_gu_29,160,10,1,256,185.356,74.040,1.374
0x887655fe0,1743,124,507,swiglu_entries_kernel,25,1,1,256,6.758,2.860,0.438
0x887655fe0,1743,124,508,quantize_q8_1_kernel,25,1,1,256,6.330,2.478,0.374
0x887655fe0,1743,124,509,native_resident_down_direct_42_r4,80,10,1,256,116.492,46.353,0.384
0x887655fe0,1743,124,510,nmoe_combine_kernel,10,1,1,256,9.061,3.419,0.384
0x887655fe0,1743,124,511,fused_gr_norm1_kernel,1,1,1,256,23.006,7.856,4.382
0x887655fe0,1743,124,512,fused_gr_down_kernel,41,1,1,256,35.605,10.180,0.559
0x887655fe0,1743,124,513,fused_gr_up_kernel,160,1,1,256,42.668,14.957,0.409
0x887655fe0,1743,124,514,native_quantize_q8_1_kernel,10,1,1,256,7.141,2.698,0.391
0x887655fe0,1743,124,515,native_iq4_xs_direct_sg4,640,1,1,128,97.644,35.640,0.524
0x887655fe0,1743,124,516,gdn_conv_l2_multi_kernel,80,1,1,128,8.928,3.173,0.404
0x887655fe0,1743,124,517,gdn_ab_multi_kernel,12,1,1,256,19.354,6.592,0.698
0x887655fe0,1743,124,518,mmvq_direct_21_r2,768,1,1,128,98.134,40.736,0.378
0x887655fe0,1743,124,519,gdn_step_norm_multi_tail_kernel,48,1,1,512,36.095,13.018,0.381
0x887655fe0,1743,124,520,native_quantize_q8_1_kernel,24,1,1,256,7.948,2.866,0.365
0x887655fe0,1743,124,521,native_iq4_xs_direct_sg4,160,1,1,128,61.004,22.577,0.426
0x887655fe0,1743,124,522,fused_gr_norm1_kernel,1,1,1,256,25.047,8.683,0.391
0x887655fe0,1743,124,523,fused_gr_down_kernel,41,1,1,256,34.792,9.830,1.104
0x887655fe0,1743,124,524,fused_gr_up_kernel,160,1,1,256,43.386,14.970,0.637
0x887655fe0,1743,124,525,bf16_f32_mmvf_kernel,512,1,1,256,16.521,4.660,0.390
0x887655fe0,1743,124,526,route,1,1,1,256,26.528,9.376,0.674
0x887655fe0,1743,124,527,to_bf16_kernel,10,1,1,256,5.340,1.975,0.402
0x887655fe0,1743,124,528,native_quantize_q8_1_kernel,10,1,1,256,7.116,2.452,0.595
0x887655fe0,1743,124,529,native_iq4_xs_direct_r4,160,1,1,128,17.580,6.597,0.648
0x887655fe0,1743,124,530,native_iq4_xs_direct_r4,160,1,1,128,16.334,5.915,0.515
0x887655fe0,1743,124,531,shexp_native_swiglu_kernel,5,1,1,128,6.489,2.278,0.637
0x887655fe0,1743,124,532,native_quantize_q8_1_kernel,3,1,1,256,6.145,2.080,0.513
0x887655fe0,1743,124,533,native_small_mmvq_kernel_q8_0_small,640,1,1,128,19.569,6.567,0.584
0x887655fe0,1743,124,534,bf16_f32_mmvf_kernel,1,1,1,256,8.287,2.898,0.534
0x887655fe0,1743,124,535,shexp_native_scalar_sigmoid_kernel,1,1,1,1,6.116,2.196,0.680
0x887655fe0,1743,124,536,shexp_scale_rows_kernel,20,1,1,128,5.471,2.288,0.632
0x887655fe0,1743,124,537,quantize_q8_1_kernel,10,1,1,256,7.268,2.509,0.715
0x887655fe0,1743,124,538,native_resident_gu_16,160,10,1,256,194.521,80.909,0.588
0x887655fe0,1743,124,539,swiglu_entries_kernel,25,1,1,256,7.603,2.273,0.395
0x887655fe0,1743,124,540,quantize_q8_1_kernel,25,1,1,256,6.238,2.475,0.367
0x887655fe0,1743,124,541,native_resident_down_direct_42_r4,80,10,1,256,118.603,48.046,0.373
0x887655fe0,1743,124,542,nmoe_combine_kernel,10,1,1,256,9.232,3.297,0.398
0x887655fe0,1743,124,543,fused_gr_norm1_kernel,1,1,1,256,23.447,8.406,0.394
0x887655fe0,1743,124,544,fused_gr_down_kernel,41,1,1,256,36.094,11.322,5.382
0x887655fe0,1743,124,545,fused_gr_up_kernel,160,1,1,256,43.295,14.903,0.378
0x887655fe0,1743,124,546,native_quantize_q8_1_kernel,10,1,1,256,7.529,2.353,0.387
0x887655fe0,1743,124,547,bf16_f32_mmvf_kernel,128,1,1,256,10.050,3.237,0.675
0x887655fe0,1743,124,548,mmvq_direct_21_r2,64,1,1,128,22.510,8.446,0.629
0x887655fe0,1743,124,549,native_iq4_xs_direct_r4,128,1,1,128,17.493,5.699,0.530
0x887655fe0,1743,124,550,nqs_norm_kernel,2,1,1,256,7.802,2.775,0.634
0x887655fe0,1743,124,551,native_rope_apply_kernel,1,2,1,128,17.386,36.606,0.529
0x887655fe0,1743,124,552,copy_from_mapped_kernel,1,1,1,256,7.399,11.162,0.516
0x887655fe0,1743,124,553,kv_append_kernel,2,1,1,256,16.177,5.652,0.620
0x887655fe0,1743,124,554,nqsi_append_kernel,1,1,1,256,13.082,9.394,0.554
0x887655fe0,1743,124,555,native_iq4_xs_direct_sg4,768,1,1,128,116.656,43.670,0.505
0x887655fe0,1743,124,556,runtime_copy2d16,1,24,1,128,6.509,2.161,0.423
0x887655fe0,1743,124,557,nqs_norm_kernel,24,1,1,256,7.306,2.764,0.377
0x887655fe0,1743,124,558,native_rope_apply_kernel,1,24,1,128,13.689,5.082,0.571
0x887655fe0,1743,124,559,bf16_f32_mmvf_kernel,512,1,1,256,17.122,6.042,0.737
0x887655fe0,1743,124,560,nqs_norm_kernel,4,1,1,256,7.573,2.808,394.925
0x887655fe0,1743,124,561,native_rope_apply_kernel,1,4,1,128,12.365,4.669,10.015
0x887655fe0,1743,124,562,block_scores_multi_kernel,256,1,1,256,19.040,7.084,2.072
0x887655fe0,1743,124,563,block_topk_scan_kernel,1,1,1,256,58.847,23.581,4.160
0x887655fe0,1743,124,564,attn_chunk_kernel_m0,33,2,1,256,156.834,62.451,8.084
0x887655fe0,1743,124,565,attn_merge_kernel,24,1,1,256,45.284,18.062,0.430
0x887655fe0,1743,124,566,nqs_gate_kernel,24,1,1,256,9.683,3.653,0.426
0x887655fe0,1743,124,567,native_quantize_q8_1_kernel,24,1,1,256,7.277,3.268,0.421
0x887655fe0,1743,124,568,native_q6_k_mmvq_kernel_large,2560,1,1,128,116.563,49.462,0.415
0x887655fe0,1743,124,569,fused_gr_norm1_kernel,1,1,1,256,26.556,9.619,0.429
0x887655fe0,1743,124,570,fused_gr_down_kernel,41,1,1,256,42.179,20.628,0.416
0x887655fe0,1743,124,571,fused_gr_up_kernel,160,1,1,256,49.355,22.616,0.424
0x887655fe0,1743,124,572,bf16_f32_mmvf_kernel,512,1,1,256,19.436,9.384,0.400
0x887655fe0,1743,124,573,route,1,1,1,256,28.029,10.386,1.545
0x887655fe0,1743,124,574,to_bf16_kernel,10,1,1,256,4.730,1.862,0.539
0x887655fe0,1743,124,575,native_quantize_q8_1_kernel,10,1,1,256,7.205,2.739,0.429
0x887655fe0,1743,124,576,mmvq_direct_21_r2,80,1,1,128,25.704,9.883,0.671
0x887655fe0,1743,124,577,native_q6_k_mmvq_kernel_large,640,1,1,128,20.400,8.101,0.419
0x887655fe0,1743,124,578,shexp_native_swiglu_kernel,5,1,1,128,6.684,2.653,0.565
0x887655fe0,1743,124,579,native_quantize_q8_1_kernel,3,1,1,256,6.070,2.488,0.707
0x887655fe0,1743,124,580,native_iq4_nl_direct_r4,640,1,1,128,22.147,8.129,0.564
0x887655fe0,1743,124,581,bf16_f32_mmvf_kernel,1,1,1,256,8.355,3.153,0.520
0x887655fe0,1743,124,582,shexp_native_scalar_sigmoid_kernel,1,1,1,1,6.415,2.436,0.566
0x887655fe0,1743,124,583,shexp_scale_rows_kernel,20,1,1,128,5.273,2.196,0.671
0x887655fe0,1743,124,584,quantize_q8_1_kernel,10,1,1,256,7.548,3.039,0.605
0x887655fe0,1743,124,585,native_resident_gu_22,160,10,1,256,212.379,90.008,0.698
0x887655fe0,1743,124,586,swiglu_entries_kernel,25,1,1,256,7.035,2.880,0.442
0x887655fe0,1743,124,587,quantize_q8_1_kernel,25,1,1,256,7.040,2.844,0.405
0x887655fe0,1743,124,588,native_resident_down_direct_42_r4,80,10,1,256,121.094,50.926,0.398
0x887655fe0,1743,124,589,nmoe_combine_kernel,10,1,1,256,9.726,3.695,0.413
0x887655fe0,1743,124,590,fused_gr_norm1_kernel,1,1,1,256,25.757,9.152,0.413
0x887655fe0,1743,124,591,fused_gr_down_kernel,41,1,1,256,37.249,11.491,0.544
0x887655fe0,1743,124,592,fused_gr_up_kernel,160,1,1,256,45.366,17.410,0.400
0x887655fe0,1743,124,593,native_quantize_q8_1_kernel,10,1,1,256,7.445,2.812,0.405
0x887655fe0,1743,124,594,native_iq4_xs_direct_sg4,640,1,1,128,102.043,40.025,0.647
0x887655fe0,1743,124,595,gdn_conv_l2_multi_kernel,80,1,1,128,9.189,3.226,0.422
0x887655fe0,1743,124,596,gdn_ab_multi_kernel,12,1,1,256,20.406,7.406,0.396
0x887655fe0,1743,124,597,native_iq4_xs_direct_sg4,384,1,1,128,68.350,27.287,0.421
0x887655fe0,1743,124,598,gdn_step_norm_multi_tail_kernel,48,1,1,512,37.671,13.762,0.425
0x887655fe0,1743,124,599,native_quantize_q8_1_kernel,24,1,1,256,8.234,2.923,0.423
0x887655fe0,1743,124,600,native_iq4_xs_direct_sg4,160,1,1,128,62.397,24.603,0.677
0x887655fe0,1743,124,601,fused_gr_norm1_kernel,1,1,1,256,25.653,9.076,0.414
0x887655fe0,1743,124,602,fused_gr_down_kernel,41,1,1,256,37.602,11.060,0.405
0x887655fe0,1743,124,603,fused_gr_up_kernel,160,1,1,256,45.221,16.497,3.554
0x887655fe0,1743,124,604,bf16_f32_mmvf_kernel,512,1,1,256,17.412,5.272,0.379
0x887655fe0,1743,124,605,route,1,1,1,256,27.566,10.352,0.638
0x887655fe0,1743,124,606,to_bf16_kernel,10,1,1,256,5.469,1.889,0.402
0x887655fe0,1743,124,607,native_quantize_q8_1_kernel,10,1,1,256,7.317,2.589,0.660
0x887655fe0,1743,124,608,native_q6_k_mmvq_kernel_large,640,1,1,128,19.532,7.829,0.672
0x887655fe0,1743,124,609,native_q6_k_mmvq_kernel_large,640,1,1,128,19.113,7.896,0.550
0x887655fe0,1743,124,610,shexp_native_swiglu_kernel,5,1,1,128,6.962,3.011,0.666
0x887655fe0,1743,124,611,native_quantize_q8_1_kernel,3,1,1,256,6.218,2.230,0.573
0x887655fe0,1743,124,612,native_small_mmvq_kernel_q8_0_small,640,1,1,128,19.491,7.083,0.604
0x887655fe0,1743,124,613,bf16_f32_mmvf_kernel,1,1,1,256,8.211,3.062,0.482
0x887655fe0,1743,124,614,shexp_native_scalar_sigmoid_kernel,1,1,1,1,6.299,2.311,0.561
0x887655fe0,1743,124,615,shexp_scale_rows_kernel,20,1,1,128,5.883,2.010,0.558
0x887655fe0,1743,124,616,quantize_q8_1_kernel,10,1,1,256,7.514,3.383,0.660
0x887655fe0,1743,124,617,native_resident_gu_22,160,10,1,256,212.971,91.351,0.752
0x887655fe0,1743,124,618,swiglu_entries_kernel,25,1,1,256,7.795,2.476,0.416
0x887655fe0,1743,124,619,quantize_q8_1_kernel,25,1,1,256,7.055,2.723,0.391
0x887655fe0,1743,124,620,native_resident_down_direct_42_r4,80,10,1,256,122.876,53.986,0.385
0x887655fe0,1743,124,621,nmoe_combine_kernel,10,1,1,256,9.932,3.734,0.405
0x887655fe0,1743,124,622,fused_gr_norm1_kernel,1,1,1,256,24.129,9.074,0.395
0x887655fe0,1743,124,623,fused_gr_down_kernel,41,1,1,256,37.084,11.011,0.395
0x887655fe0,1743,124,624,fused_gr_up_kernel,160,1,1,256,44.635,16.348,0.391
0x887655fe0,1743,124,625,native_quantize_q8_1_kernel,10,1,1,256,7.461,2.514,0.395
0x887655fe0,1743,124,626,native_iq4_xs_direct_sg4,640,1,1,128,101.408,39.725,0.500
0x887655fe0,1743,124,627,gdn_conv_l2_multi_kernel,80,1,1,128,9.629,3.796,0.468
0x887655fe0,1743,124,628,gdn_ab_multi_kernel,12,1,1,256,20.262,7.466,0.383
0x887655fe0,1743,124,629,mmvq_direct_21_r2,768,1,1,128,100.636,42.473,0.439
0x887655fe0,1743,124,630,gdn_step_norm_multi_tail_kernel,48,1,1,512,36.821,13.054,0.420
0x887655fe0,1743,124,631,native_quantize_q8_1_kernel,24,1,1,256,8.268,3.546,0.408
0x887655fe0,1743,124,632,native_iq4_xs_direct_sg4,160,1,1,128,62.507,24.653,0.541
0x887655fe0,1743,124,633,fused_gr_norm1_kernel,1,1,1,256,25.561,9.287,0.406
0x887655fe0,1743,124,634,fused_gr_down_kernel,41,1,1,256,37.806,11.447,0.401
0x887655fe0,1743,124,635,fused_gr_up_kernel,160,1,1,256,45.396,16.906,0.500
0x887655fe0,1743,124,636,bf16_f32_mmvf_kernel,512,1,1,256,17.279,5.896,0.663
0x887655fe0,1743,124,637,route,1,1,1,256,27.264,10.119,0.489
0x887655fe0,1743,124,638,to_bf16_kernel,10,1,1,256,5.856,2.787,0.446
0x887655fe0,1743,124,639,native_quantize_q8_1_kernel,10,1,1,256,7.414,2.817,0.628
0x887655fe0,1743,124,640,native_iq4_xs_direct_r4,160,1,1,128,18.753,7.175,389.120
0x887655fe0,1743,124,641,native_iq4_xs_direct_r4,160,1,1,128,16.725,6.559,4.113
0x887655fe0,1743,124,642,shexp_native_swiglu_kernel,5,1,1,128,6.370,2.506,8.264
0x887655fe0,1743,124,643,native_quantize_q8_1_kernel,3,1,1,256,6.615,2.594,16.913
0x887655fe0,1743,124,644,native_iq4_nl_direct_r4,640,1,1,128,21.590,8.108,11.925
0x887655fe0,1743,124,645,bf16_f32_mmvf_kernel,1,1,1,256,8.689,3.292,1.396
0x887655fe0,1743,124,646,shexp_native_scalar_sigmoid_kernel,1,1,1,1,6.259,2.469,1.726
0x887655fe0,1743,124,647,shexp_scale_rows_kernel,20,1,1,128,5.158,2.051,2.334
0x887655fe0,1743,124,648,quantize_q8_1_kernel,10,1,1,256,7.310,2.846,3.957
0x887655fe0,1743,124,649,native_resident_gu_22,160,10,1,256,210.032,89.462,28.007
0x887655fe0,1743,124,650,swiglu_entries_kernel,25,1,1,256,7.088,2.645,0.483
0x887655fe0,1743,124,651,quantize_q8_1_kernel,25,1,1,256,7.031,2.725,0.415
0x887655fe0,1743,124,652,native_resident_down_direct_42_r4,80,10,1,256,120.813,51.187,0.406
0x887655fe0,1743,124,653,nmoe_combine_kernel,10,1,1,256,9.788,3.933,0.421
0x887655fe0,1743,124,654,fused_gr_norm1_kernel,1,1,1,256,24.985,9.286,0.418
0x887655fe0,1743,124,655,fused_gr_down_kernel,41,1,1,256,37.118,13.461,0.414
0x887655fe0,1743,124,656,fused_gr_up_kernel,160,1,1,256,45.015,17.533,0.389
0x887655fe0,1743,124,657,native_quantize_q8_1_kernel,10,1,1,256,7.364,4.244,0.396
0x887655fe0,1743,124,658,native_iq4_xs_direct_sg4,640,1,1,128,102.263,40.851,0.402
0x887655fe0,1743,124,659,gdn_conv_l2_multi_kernel,80,1,1,128,8.828,3.468,4.237
0x887655fe0,1743,124,660,gdn_ab_multi_kernel,12,1,1,256,20.093,7.470,0.388
0x887655fe0,1743,124,661,native_iq4_xs_direct_sg4,384,1,1,128,67.178,26.490,0.415
0x887655fe0,1743,124,662,gdn_step_norm_multi_tail_kernel,48,1,1,512,36.512,13.728,0.424
0x887655fe0,1743,124,663,native_quantize_q8_1_kernel,24,1,1,256,7.276,3.184,0.404
0x887655fe0,1743,124,664,native_iq4_xs_direct_sg4,160,1,1,128,61.869,24.819,0.391
0x887655fe0,1743,124,665,fused_gr_norm1_kernel,1,1,1,256,25.070,9.282,0.405
0x887655fe0,1743,124,666,fused_gr_down_kernel,41,1,1,256,36.773,11.522,0.407
0x887655fe0,1743,124,667,fused_gr_up_kernel,160,1,1,256,44.168,16.940,0.409
0x887655fe0,1743,124,668,bf16_f32_mmvf_kernel,512,1,1,256,16.707,5.489,0.407
0x887655fe0,1743,124,669,route,1,1,1,256,27.138,9.936,0.399
0x887655fe0,1743,124,670,to_bf16_kernel,10,1,1,256,5.067,2.128,0.392
0x887655fe0,1743,124,671,native_quantize_q8_1_kernel,10,1,1,256,7.046,2.744,0.401
0x887655fe0,1743,124,672,mmvq_direct_21_r2,80,1,1,128,25.162,9.666,0.383
0x887655fe0,1743,124,673,mmvq_direct_21_r2,80,1,1,128,23.076,9.418,0.376
0x887655fe0,1743,124,674,shexp_native_swiglu_kernel,5,1,1,128,6.728,2.490,0.394
0x887655fe0,1743,124,675,native_quantize_q8_1_kernel,3,1,1,256,6.080,2.384,0.392
0x887655fe0,1743,124,676,native_iq4_nl_direct_r4,640,1,1,128,21.688,7.900,0.389
0x887655fe0,1743,124,677,bf16_f32_mmvf_kernel,1,1,1,256,8.274,3.093,0.399
0x887655fe0,1743,124,678,shexp_native_scalar_sigmoid_kernel,1,1,1,1,6.345,2.327,0.404
0x887655fe0,1743,124,679,shexp_scale_rows_kernel,20,1,1,128,5.601,2.323,0.400
0x887655fe0,1743,124,680,quantize_q8_1_kernel,10,1,1,256,7.327,2.728,0.391
0x887655fe0,1743,124,681,native_resident_gu_16,160,10,1,256,198.590,84.758,0.387
0x887655fe0,1743,124,682,swiglu_entries_kernel,25,1,1,256,7.630,2.724,0.419
0x887655fe0,1743,124,683,quantize_q8_1_kernel,25,1,1,256,6.835,2.787,0.377
0x887655fe0,1743,124,684,native_resident_down_direct_42_r4,80,10,1,256,119.752,49.491,0.370
0x887655fe0,1743,124,685,nmoe_combine_kernel,10,1,1,256,9.526,3.453,0.387
0x887655fe0,1743,124,686,fused_gr_norm1_kernel,1,1,1,256,24.830,8.865,0.374
0x887655fe0,1743,124,687,fused_gr_down_kernel,41,1,1,256,35.967,10.620,0.389
0x887655fe0,1743,124,688,fused_gr_up_kernel,160,1,1,256,44.545,15.879,1.460
0x887655fe0,1743,124,689,native_quantize_q8_1_kernel,10,1,1,256,7.640,2.552,0.399
0x887655fe0,1743,124,690,bf16_f32_mmvf_kernel,128,1,1,256,9.827,3.491,0.394
0x887655fe0,1743,124,691,native_iq4_xs_direct_r4,128,1,1,128,17.392,6.161,0.407
0x887655fe0,1743,124,692,native_iq4_xs_direct_r4,128,1,1,128,16.069,6.413,0.394
0x887655fe0,1743,124,693,nqs_norm_kernel,2,1,1,256,8.060,3.007,0.386
0x887655fe0,1743,124,694,native_rope_apply_kernel,1,2,1,128,14.065,4.966,0.387
0x887655fe0,1743,124,695,copy_from_mapped_kernel,1,1,1,256,6.191,2.332,0.386
0x887655fe0,1743,124,696,kv_append_kernel,2,1,1,256,16.275,5.820,0.372
0x887655fe0,1743,124,697,nqsi_append_kernel,1,1,1,256,12.366,5.561,0.373
0x887655fe0,1743,124,698,native_iq4_xs_direct_sg4,768,1,1,128,116.846,44.694,0.407
0x887655fe0,1743,124,699,runtime_copy2d16,1,24,1,128,6.872,2.208,0.428
0x887655fe0,1743,124,700,nqs_norm_kernel,24,1,1,256,7.346,2.722,0.377
0x887655fe0,1743,124,701,native_rope_apply_kernel,1,24,1,128,13.472,4.852,0.396
0x887655fe0,1743,124,702,bf16_f32_mmvf_kernel,512,1,1,256,16.685,6.219,0.404
0x887655fe0,1743,124,703,nqs_norm_kernel,4,1,1,256,7.155,2.466,0.412
0x887655fe0,1743,124,704,native_rope_apply_kernel,1,4,1,128,9.893,3.985,0.381
0x887655fe0,1743,124,705,block_scores_multi_kernel,256,1,1,256,19.024,7.158,0.388
0x887655fe0,1743,124,706,block_topk_scan_kernel,1,1,1,256,57.878,23.169,0.390
0x887655fe0,1743,124,707,attn_chunk_kernel_m0,33,2,1,256,152.245,60.375,0.971
0x887655fe0,1743,124,708,attn_merge_kernel,24,1,1,256,44.473,17.073,0.390
0x887655fe0,1743,124,709,nqs_gate_kernel,24,1,1,256,10.255,3.714,0.391
0x887655fe0,1743,124,710,native_quantize_q8_1_kernel,24,1,1,256,7.497,2.794,0.400
0x887655fe0,1743,124,711,native_iq4_xs_direct_sg4,160,1,1,128,62.249,23.064,0.404
0x887655fe0,1743,124,712,fused_gr_norm1_kernel,1,1,1,256,24.744,8.826,0.398
0x887655fe0,1743,124,713,fused_gr_down_kernel,41,1,1,256,38.213,11.352,0.373
0x887655fe0,1743,124,714,fused_gr_up_kernel,160,1,1,256,44.451,16.030,0.408
0x887655fe0,1743,124,715,bf16_f32_mmvf_kernel,512,1,1,256,17.462,5.458,0.402
0x887655fe0,1743,124,716,route,1,1,1,256,26.704,9.617,0.384
0x887655fe0,1743,124,717,to_bf16_kernel,10,1,1,256,6.210,2.018,0.403
0x887655fe0,1743,124,718,native_quantize_q8_1_kernel,10,1,1,256,6.900,2.585,0.402
0x887655fe0,1743,124,719,native_iq4_xs_direct_r4,160,1,1,128,18.510,7.121,0.539
0x887655fe0,1743,124,720,mmvq_direct_21_r2,80,1,1,128,25.105,9.049,391.512
0x887655fe0,1743,124,721,shexp_native_swiglu_kernel,5,1,1,128,6.289,2.302,7.441
0x887655fe0,1743,124,722,native_quantize_q8_1_kernel,3,1,1,256,6.353,2.368,8.015
0x887655fe0,1743,124,723,native_iq4_nl_direct_r4,640,1,1,128,21.674,7.633,13.397
0x887655fe0,1743,124,724,bf16_f32_mmvf_kernel,1,1,1,256,8.482,2.953,2.658
0x887655fe0,1743,124,725,shexp_native_scalar_sigmoid_kernel,1,1,1,1,6.110,2.181,2.210
0x887655fe0,1743,124,726,shexp_scale_rows_kernel,20,1,1,128,4.988,1.880,3.090
0x887655fe0,1743,124,727,quantize_q8_1_kernel,10,1,1,256,7.219,2.672,4.996
0x887655fe0,1743,124,728,native_resident_gu_16,160,10,1,256,193.455,77.797,14.055
0x887655fe0,1743,124,729,swiglu_entries_kernel,25,1,1,256,6.520,2.347,0.388
0x887655fe0,1743,124,730,quantize_q8_1_kernel,25,1,1,256,6.542,2.393,5.299
0x887655fe0,1743,124,731,native_resident_down_direct_42_r4,80,10,1,256,118.071,47.343,0.410
0x887655fe0,1743,124,732,nmoe_combine_kernel,10,1,1,256,9.272,3.393,0.407
0x887655fe0,1743,124,733,fused_gr_norm1_kernel,1,1,1,256,24.355,8.422,0.411
0x887655fe0,1743,124,734,fused_gr_down_kernel,41,1,1,256,37.368,12.731,0.413
0x887655fe0,1743,124,735,fused_gr_up_kernel,160,1,1,256,44.591,16.767,0.422
0x887655fe0,1743,124,736,native_quantize_q8_1_kernel,10,1,1,256,7.339,2.679,0.389
0x887655fe0,1743,124,737,native_iq4_xs_direct_sg4,640,1,1,128,103.193,43.714,0.384
0x887655fe0,1743,124,738,gdn_conv_l2_multi_kernel,80,1,1,128,9.393,9.733,0.460
0x887655fe0,1743,124,739,gdn_ab_multi_kernel,12,1,1,256,19.872,7.081,0.405
0x887655fe0,1743,124,740,native_iq4_xs_direct_sg4,384,1,1,128,67.616,24.892,0.392
0x887655fe0,1743,124,741,gdn_step_norm_multi_tail_kernel,48,1,1,512,36.622,12.863,0.419
0x887655fe0,1743,124,742,native_quantize_q8_1_kernel,24,1,1,256,7.085,2.740,0.428
0x887655fe0,1743,124,743,native_iq4_xs_direct_sg4,160,1,1,128,61.707,23.072,0.402
0x887655fe0,1743,124,744,fused_gr_norm1_kernel,1,1,1,256,25.506,8.272,0.397
0x887655fe0,1743,124,745,fused_gr_down_kernel,41,1,1,256,36.481,10.556,0.388
0x887655fe0,1743,124,746,fused_gr_up_kernel,160,1,1,256,43.126,15.005,0.424
0x887655fe0,1743,124,747,bf16_f32_mmvf_kernel,512,1,1,256,16.567,4.872,0.399
0x887655fe0,1743,124,748,route,1,1,1,256,26.408,8.802,0.385
0x887655fe0,1743,124,749,to_bf16_kernel,10,1,1,256,5.030,2.035,0.377
0x887655fe0,1743,124,750,native_quantize_q8_1_kernel,10,1,1,256,6.864,2.389,0.393
0x887655fe0,1743,124,751,native_iq4_xs_direct_r4,160,1,1,128,17.412,5.968,0.395
0x887655fe0,1743,124,752,native_iq4_xs_direct_r4,160,1,1,128,15.792,5.751,0.382
0x887655fe0,1743,124,753,shexp_native_swiglu_kernel,5,1,1,128,6.618,2.321,0.386
0x887655fe0,1743,124,754,native_quantize_q8_1_kernel,3,1,1,256,5.845,2.205,0.390
0x887655fe0,1743,124,755,native_small_mmvq_kernel_q8_0_small,640,1,1,128,19.815,6.244,0.394
0x887655fe0,1743,124,756,bf16_f32_mmvf_kernel,1,1,1,256,7.846,2.626,0.378
0x887655fe0,1743,124,757,shexp_native_scalar_sigmoid_kernel,1,1,1,1,6.162,2.090,0.381
0x887655fe0,1743,124,758,shexp_scale_rows_kernel,20,1,1,128,5.445,2.060,0.389
0x887655fe0,1743,124,759,quantize_q8_1_kernel,10,1,1,256,7.255,2.428,0.378
0x887655fe0,1743,124,760,native_resident_gu_22,160,10,1,256,203.684,81.723,0.373
0x887655fe0,1743,124,761,swiglu_entries_kernel,25,1,1,256,7.507,2.627,0.377
0x887655fe0,1743,124,762,quantize_q8_1_kernel,25,1,1,256,6.741,2.503,0.385
0x887655fe0,1743,124,763,native_resident_down_direct_42_r4,80,10,1,256,117.367,48.030,0.376
0x887655fe0,1743,124,764,nmoe_combine_kernel,10,1,1,256,9.284,3.125,0.381
0x887655fe0,1743,124,765,fused_gr_norm1_kernel,1,1,1,256,24.551,8.340,0.379
0x887655fe0,1743,124,766,fused_gr_down_kernel,41,1,1,256,35.327,9.768,0.395
0x887655fe0,1743,124,767,fused_gr_up_kernel,160,1,1,256,43.610,15.214,0.411
0x887655fe0,1743,124,768,native_quantize_q8_1_kernel,10,1,1,256,7.359,2.574,0.364
0x887655fe0,1743,124,769,native_iq4_xs_direct_sg4,640,1,1,128,98.447,34.738,0.360
0x887655fe0,1743,124,770,gdn_conv_l2_multi_kernel,80,1,1,128,9.148,2.711,0.393
0x887655fe0,1743,124,771,gdn_ab_multi_kernel,12,1,1,256,19.477,6.580,0.379
0x887655fe0,1743,124,772,mmvq_direct_21_r2,768,1,1,128,97.008,38.391,0.369
0x887655fe0,1743,124,773,gdn_step_norm_multi_tail_kernel,48,1,1,512,35.889,11.465,0.397
0x887655fe0,1743,124,774,native_quantize_q8_1_kernel,24,1,1,256,7.620,2.408,0.391
0x887655fe0,1743,124,775,mmvq_direct_21_r2,320,1,1,128,84.425,32.973,0.394
0x887655fe0,1743,124,776,fused_gr_norm1_kernel,1,1,1,256,25.091,7.817,0.431
0x887655fe0,1743,124,777,fused_gr_down_kernel,41,1,1,256,35.070,9.548,0.386
0x887655fe0,1743,124,778,fused_gr_up_kernel,160,1,1,256,43.495,14.760,0.396
0x887655fe0,1743,124,779,bf16_f32_mmvf_kernel,512,1,1,256,17.356,5.009,0.370
0x887655fe0,1743,124,780,route,1,1,1,256,26.370,8.948,0.361
0x887655fe0,1743,124,781,to_bf16_kernel,10,1,1,256,5.377,1.871,0.368
0x887655fe0,1743,124,782,native_quantize_q8_1_kernel,10,1,1,256,6.932,2.329,0.370
0x887655fe0,1743,124,783,native_iq4_xs_direct_r4,160,1,1,128,17.543,6.187,0.375
0x887655fe0,1743,124,784,mmvq_direct_21_r2,80,1,1,128,23.592,7.888,0.388
0x887655fe0,1743,124,785,shexp_native_swiglu_kernel,5,1,1,128,7.138,2.023,0.383
0x887655fe0,1743,124,786,native_quantize_q8_1_kernel,3,1,1,256,5.814,2.128,0.393
0x887655fe0,1743,124,787,native_small_mmvq_kernel_q8_0_small,640,1,1,128,19.961,6.470,0.403
0x887655fe0,1743,124,788,bf16_f32_mmvf_kernel,1,1,1,256,7.968,2.605,0.387
0x887655fe0,1743,124,789,shexp_native_scalar_sigmoid_kernel,1,1,1,1,6.104,2.103,0.375
0x887655fe0,1743,124,790,shexp_scale_rows_kernel,20,1,1,128,5.393,2.257,0.381
0x887655fe0,1743,124,791,quantize_q8_1_kernel,10,1,1,256,7.149,2.371,0.384
0x887655fe0,1743,124,792,native_resident_gu_22,160,10,1,256,203.502,80.426,0.373
0x887655fe0,1743,124,793,swiglu_entries_kernel,25,1,1,256,7.820,2.134,0.383
0x887655fe0,1743,124,794,quantize_q8_1_kernel,25,1,1,256,6.810,2.948,0.384
0x887655fe0,1743,124,795,native_resident_down_direct_42_r4,80,10,1,256,115.981,45.522,0.379
0x887655fe0,1743,124,796,nmoe_combine_kernel,10,1,1,256,9.191,3.211,0.377
0x887655fe0,1743,124,797,fused_gr_norm1_kernel,1,1,1,256,24.150,8.052,0.372
0x887655fe0,1743,124,798,fused_gr_down_kernel,41,1,1,256,35.886,9.451,0.383
0x887655fe0,1743,124,799,fused_gr_up_kernel,160,1,1,256,42.789,14.527,0.396
0x887655fe0,1743,124,800,native_quantize_q8_1_kernel,10,1,1,256,7.614,2.674,390.781
0x887655fe0,1743,124,801,native_iq4_xs_direct_sg4,640,1,1,128,99.763,38.106,8.522
0x887655fe0,1743,124,802,gdn_conv_l2_multi_kernel,80,1,1,128,8.534,3.346,3.361
0x887655fe0,1743,124,803,gdn_ab_multi_kernel,12,1,1,256,19.876,7.217,0.411
0x887655fe0,1743,124,804,mmvq_direct_21_r2,768,1,1,128,96.954,38.722,0.721
0x887655fe0,1743,124,805,gdn_step_norm_multi_tail_kernel,48,1,1,512,36.527,13.930,0.400
0x887655fe0,1743,124,806,native_quantize_q8_1_kernel,24,1,1,256,7.204,2.579,0.399
0x887655fe0,1743,124,807,native_iq4_xs_direct_sg4,160,1,1,128,62.021,24.013,0.405
0x887655fe0,1743,124,808,fused_gr_norm1_kernel,1,1,1,256,24.923,8.506,0.395
0x887655fe0,1743,124,809,fused_gr_down_kernel,41,1,1,256,37.247,11.723,0.396
0x887655fe0,1743,124,810,fused_gr_up_kernel,160,1,1,256,43.825,15.624,0.413
0x887655fe0,1743,124,811,bf16_f32_mmvf_kernel,512,1,1,256,17.417,5.700,0.396
0x887655fe0,1743,124,812,route,1,1,1,256,26.635,9.203,0.386
0x887655fe0,1743,124,813,to_bf16_kernel,10,1,1,256,4.635,1.755,0.397
0x887655fe0,1743,124,814,native_quantize_q8_1_kernel,10,1,1,256,6.798,2.439,0.391
0x887655fe0,1743,124,815,native_iq4_xs_direct_r4,160,1,1,128,17.278,6.132,0.400
0x887655fe0,1743,124,816,native_iq4_xs_direct_r4,160,1,1,128,15.698,5.768,5.357
0x887655fe0,1743,124,817,shexp_native_swiglu_kernel,5,1,1,128,6.286,2.222,0.403
0x887655fe0,1743,124,818,native_quantize_q8_1_kernel,3,1,1,256,5.863,2.142,0.411
0x887655fe0,1743,124,819,native_q2_0_mmvq_kernel_small,640,1,1,128,33.201,11.179,0.420
0x887655fe0,1743,124,820,bf16_f32_mmvf_kernel,1,1,1,256,8.025,2.997,0.398
0x887655fe0,1743,124,821,shexp_native_scalar_sigmoid_kernel,1,1,1,1,6.290,2.377,0.391
0x887655fe0,1743,124,822,shexp_scale_rows_kernel,20,1,1,128,5.127,2.206,0.718
0x887655fe0,1743,124,823,quantize_q8_1_kernel,10,1,1,256,7.206,2.697,0.390
0x887655fe0,1743,124,824,native_resident_gu_22,160,10,1,256,203.184,80.878,0.369
0x887655fe0,1743,124,825,swiglu_entries_kernel,25,1,1,256,6.778,2.677,0.385
0x887655fe0,1743,124,826,quantize_q8_1_kernel,25,1,1,256,6.713,2.404,0.396
0x887655fe0,1743,124,827,native_resident_down_direct_42_r4,80,10,1,256,115.716,44.920,0.407
0x887655fe0,1743,124,828,nmoe_combine_kernel,10,1,1,256,8.970,3.178,0.391
0x887655fe0,1743,124,829,fused_gr_norm1_kernel,1,1,1,256,24.133,7.888,0.398
0x887655fe0,1743,124,830,fused_gr_down_kernel,41,1,1,256,35.015,9.777,0.401
0x887655fe0,1743,124,831,fused_gr_up_kernel,160,1,1,256,43.540,16.225,0.417
0x887655fe0,1743,124,832,native_quantize_q8_1_kernel,10,1,1,256,7.247,2.534,0.386
0x887655fe0,1743,124,833,bf16_f32_mmvf_kernel,128,1,1,256,10.321,3.559,0.381
0x887655fe0,1743,124,834,native_iq4_xs_direct_r4,128,1,1,128,16.751,5.910,0.388
0x887655fe0,1743,124,835,native_q6_k_mmvq_kernel_large,512,1,1,128,16.783,6.143,0.401
0x887655fe0,1743,124,836,nqs_norm_kernel,2,1,1,256,7.703,2.611,0.381
0x887655fe0,1743,124,837,native_rope_apply_kernel,1,2,1,128,13.841,4.539,0.385
0x887655fe0,1743,124,838,copy_from_mapped_kernel,1,1,1,256,6.402,2.169,0.393
0x887655fe0,1743,124,839,kv_append_kernel,2,1,1,256,16.369,5.486,0.389
0x887655fe0,1743,124,840,nqsi_append_kernel,1,1,1,256,12.137,5.098,0.390
0x887655fe0,1743,124,841,native_iq4_xs_direct_sg4,768,1,1,128,115.037,41.321,0.386
0x887655fe0,1743,124,842,runtime_copy2d16,1,24,1,128,5.982,2.267,0.412
0x887655fe0,1743,124,843,nqs_norm_kernel,24,1,1,256,7.389,2.618,0.395
0x887655fe0,1743,124,844,native_rope_apply_kernel,1,24,1,128,13.116,4.335,0.380
0x887655fe0,1743,124,845,bf16_f32_mmvf_kernel,512,1,1,256,16.770,4.977,0.384
0x887655fe0,1743,124,846,nqs_norm_kernel,4,1,1,256,7.199,2.388,0.405
0x887655fe0,1743,124,847,native_rope_apply_kernel,1,4,1,128,9.742,4.789,0.376
0x887655fe0,1743,124,848,block_scores_multi_kernel,256,1,1,256,18.906,6.610,0.372
0x887655fe0,1743,124,849,block_topk_scan_kernel,1,1,1,256,56.978,21.381,0.481
0x887655fe0,1743,124,850,attn_chunk_kernel_m0,33,2,1,256,149.203,56.580,0.381
0x887655fe0,1743,124,851,attn_merge_kernel,24,1,1,256,43.783,16.102,0.390
0x887655fe0,1743,124,852,nqs_gate_kernel,24,1,1,256,9.870,3.354,0.375
0x887655fe0,1743,124,853,native_quantize_q8_1_kernel,24,1,1,256,7.142,2.646,0.384
0x887655fe0,1743,124,854,native_iq4_xs_direct_sg4,160,1,1,128,60.828,22.177,0.393
0x887655fe0,1743,124,855,fused_gr_norm1_kernel,1,1,1,256,25.224,9.052,0.406
0x887655fe0,1743,124,856,fused_gr_down_kernel,41,1,1,256,38.265,11.035,0.389
0x887655fe0,1743,124,857,fused_gr_up_kernel,160,1,1,256,44.927,15.757,0.385
0x887655fe0,1743,124,858,bf16_f32_mmvf_kernel,512,1,1,256,17.751,5.456,0.400
0x887655fe0,1743,124,859,route,1,1,1,256,26.362,9.276,0.391
0x887655fe0,1743,124,860,to_bf16_kernel,10,1,1,256,5.165,1.901,0.371
0x887655fe0,1743,124,861,native_quantize_q8_1_kernel,10,1,1,256,7.327,3.032,0.445
0x887655fe0,1743,124,862,mmvq_direct_21_r2,80,1,1,128,24.522,8.913,0.564
0x887655fe0,1743,124,863,native_iq4_xs_direct_r4,160,1,1,128,17.460,6.361,0.480
0x887655fe0,1743,124,864,shexp_native_swiglu_kernel,5,1,1,128,6.964,2.278,0.508
0x887655fe0,1743,124,865,native_quantize_q8_1_kernel,3,1,1,256,5.942,2.129,0.558
0x887655fe0,1743,124,866,native_iq4_nl_direct_r4,640,1,1,128,21.913,8.173,0.614
0x887655fe0,1743,124,867,bf16_f32_mmvf_kernel,1,1,1,256,8.087,2.608,0.443
0x887655fe0,1743,124,868,shexp_native_scalar_sigmoid_kernel,1,1,1,1,6.171,2.205,0.599
0x887655fe0,1743,124,869,shexp_scale_rows_kernel,20,1,1,128,5.726,2.507,0.524
0x887655fe0,1743,124,870,quantize_q8_1_kernel,10,1,1,256,7.370,2.543,0.600
0x887655fe0,1743,124,871,native_resident_gu_22,160,10,1,256,207.115,84.544,0.513
0x887655fe0,1743,124,872,swiglu_entries_kernel,25,1,1,256,7.924,2.313,0.388
0x887655fe0,1743,124,873,quantize_q8_1_kernel,25,1,1,256,6.927,2.580,0.369
0x887655fe0,1743,124,874,native_resident_down_direct_42_r4,80,10,1,256,118.411,48.466,0.397
0x887655fe0,1743,124,875,nmoe_combine_kernel,10,1,1,256,9.565,3.300,0.409
0x887655fe0,1743,124,876,fused_gr_norm1_kernel,1,1,1,256,24.436,8.499,0.384
0x887655fe0,1743,124,877,fused_gr_down_kernel,41,1,1,256,37.297,10.631,0.391
0x887655fe0,1743,124,878,fused_gr_up_kernel,160,1,1,256,44.339,15.620,0.400
0x887655fe0,1743,124,879,native_quantize_q8_1_kernel,10,1,1,256,7.266,2.365,0.399
0x887655fe0,1743,124,880,native_iq4_xs_direct_sg4,640,1,1,128,100.902,38.831,378.778
0x887655fe0,1743,124,881,gdn_conv_l2_multi_kernel,80,1,1,128,8.632,3.281,7.484
0x887655fe0,1743,124,882,gdn_ab_multi_kernel,12,1,1,256,19.876,7.162,9.785
0x887655fe0,1743,124,883,native_q6_k_mmvq_kernel_large,6144,1,1,128,116.266,48.732,6.506
0x887655fe0,1743,124,884,gdn_step_norm_multi_tail_kernel,48,1,1,512,36.319,13.010,0.389
0x887655fe0,1743,124,885,native_quantize_q8_1_kernel,24,1,1,256,7.441,2.684,0.408
0x887655fe0,1743,124,886,mmvq_direct_21_r2,320,1,1,128,87.793,35.618,0.414
0x887655fe0,1743,124,887,fused_gr_norm1_kernel,1,1,1,256,25.770,8.880,0.431
0x887655fe0,1743,124,888,fused_gr_down_kernel,41,1,1,256,36.637,10.761,0.398
0x887655fe0,1743,124,889,fused_gr_up_kernel,160,1,1,256,44.011,15.903,0.401
0x887655fe0,1743,124,890,bf16_f32_mmvf_kernel,512,1,1,256,17.503,5.389,0.404
0x887655fe0,1743,124,891,route,1,1,1,256,27.031,9.419,0.406
0x887655fe0,1743,124,892,to_bf16_kernel,10,1,1,256,4.697,1.755,0.396
0x887655fe0,1743,124,893,native_quantize_q8_1_kernel,10,1,1,256,6.875,2.576,3.467
0x887655fe0,1743,124,894,native_iq4_xs_direct_r4,160,1,1,128,17.363,6.318,0.470
0x887655fe0,1743,124,895,native_iq4_xs_direct_r4,160,1,1,128,15.946,5.953,0.434
0x887655fe0,1743,124,896,shexp_native_swiglu_kernel,5,1,1,128,6.393,2.303,0.405
0x887655fe0,1743,124,897,native_quantize_q8_1_kernel,3,1,1,256,5.882,2.238,0.404
0x887655fe0,1743,124,898,native_iq4_nl_direct_r4,640,1,1,128,21.558,7.477,0.422
0x887655fe0,1743,124,899,bf16_f32_mmvf_kernel,1,1,1,256,8.123,2.853,0.415
0x887655fe0,1743,124,900,shexp_native_scalar_sigmoid_kernel,1,1,1,1,6.229,2.291,0.407
0x887655fe0,1743,124,901,shexp_scale_rows_kernel,20,1,1,128,5.035,1.900,0.407
0x887655fe0,1743,124,902,quantize_q8_1_kernel,10,1,1,256,7.363,2.672,0.405
0x887655fe0,1743,124,903,native_resident_gu_22,160,10,1,256,208.456,86.479,0.798
0x887655fe0,1743,124,904,swiglu_entries_kernel,25,1,1,256,6.906,2.925,0.398
0x887655fe0,1743,124,905,quantize_q8_1_kernel,25,1,1,256,6.891,2.590,0.389
0x887655fe0,1743,124,906,native_resident_down_direct_42_r4,80,10,1,256,119.183,48.184,0.420
0x887655fe0,1743,124,907,nmoe_combine_kernel,10,1,1,256,9.254,3.387,0.428
0x887655fe0,1743,124,908,fused_gr_norm1_kernel,1,1,1,256,24.750,8.580,0.402
0x887655fe0,1743,124,909,fused_gr_down_kernel,41,1,1,256,35.692,10.558,0.402
0x887655fe0,1743,124,910,fused_gr_up_kernel,160,1,1,256,43.583,15.699,0.417
0x887655fe0,1743,124,911,native_quantize_q8_1_kernel,10,1,1,256,7.345,2.575,0.403
0x887655fe0,1743,124,912,native_iq4_xs_direct_sg4,640,1,1,128,100.837,38.215,0.380
0x887655fe0,1743,124,913,gdn_conv_l2_multi_kernel,80,1,1,128,8.806,3.802,0.398
0x887655fe0,1743,124,914,gdn_ab_multi_kernel,12,1,1,256,19.718,6.868,0.389
0x887655fe0,1743,124,915,native_q6_k_mmvq_kernel_large,6144,1,1,128,115.687,48.013,0.403
0x887655fe0,1743,124,916,gdn_step_norm_multi_tail_kernel,48,1,1,512,36.220,12.252,0.408
0x887655fe0,1743,124,917,native_quantize_q8_1_kernel,24,1,1,256,7.774,2.682,0.394
0x887655fe0,1743,124,918,native_iq4_xs_direct_sg4,160,1,1,128,61.710,22.804,0.405
0x887655fe0,1743,124,919,fused_gr_norm1_kernel,1,1,1,256,25.130,8.186,0.401
0x887655fe0,1743,124,920,fused_gr_down_kernel,41,1,1,256,36.831,9.989,0.387
0x887655fe0,1743,124,921,fused_gr_up_kernel,160,1,1,256,43.974,15.426,0.388
0x887655fe0,1743,124,922,bf16_f32_mmvf_kernel,512,1,1,256,17.228,6.443,0.403
0x887655fe0,1743,124,923,route,1,1,1,256,26.791,9.235,0.394
0x887655fe0,1743,124,924,to_bf16_kernel,10,1,1,256,5.319,1.913,0.373
0x887655fe0,1743,124,925,native_quantize_q8_1_kernel,10,1,1,256,7.481,2.463,0.391
0x887655fe0,1743,124,926,mmvq_direct_21_r2,80,1,1,128,24.741,8.955,0.397
0x887655fe0,1743,124,927,native_iq4_xs_direct_r4,160,1,1,128,17.973,6.325,0.396
0x887655fe0,1743,124,928,shexp_native_swiglu_kernel,5,1,1,128,6.808,2.144,0.391
0x887655fe0,1743,124,929,native_quantize_q8_1_kernel,3,1,1,256,5.918,2.191,0.386
0x887655fe0,1743,124,930,native_iq4_nl_direct_r4,640,1,1,128,21.224,7.450,0.393
0x887655fe0,1743,124,931,bf16_f32_mmvf_kernel,1,1,1,256,8.036,2.779,0.406
0x887655fe0,1743,124,932,shexp_native_scalar_sigmoid_kernel,1,1,1,1,6.318,2.349,0.397
0x887655fe0,1743,124,933,shexp_scale_rows_kernel,20,1,1,128,5.480,2.029,0.390
0x887655fe0,1743,124,934,quantize_q8_1_kernel,10,1,1,256,7.241,2.597,0.389
0x887655fe0,1743,124,935,native_resident_gu_22,160,10,1,256,208.855,86.537,0.381
0x887655fe0,1743,124,936,swiglu_entries_kernel,25,1,1,256,8.039,2.528,0.389
0x887655fe0,1743,124,937,quantize_q8_1_kernel,25,1,1,256,6.864,2.613,0.364
0x887655fe0,1743,124,938,native_resident_down_direct_42_r4,80,10,1,256,120.164,50.375,0.396
0x887655fe0,1743,124,939,nmoe_combine_kernel,10,1,1,256,9.793,3.543,0.412
0x887655fe0,1743,124,940,fused_gr_norm1_kernel,1,1,1,256,24.785,8.741,0.396
0x887655fe0,1743,124,941,fused_gr_down_kernel,41,1,1,256,35.589,10.441,0.384
0x887655fe0,1743,124,942,fused_gr_up_kernel,160,1,1,256,44.108,16.570,0.402
0x887655fe0,1743,124,943,native_quantize_q8_1_kernel,10,1,1,256,7.411,2.537,0.400
0x887655fe0,1743,124,944,native_iq4_xs_direct_sg4,640,1,1,128,101.129,39.390,0.353
0x887655fe0,1743,124,945,gdn_conv_l2_multi_kernel,80,1,1,128,9.147,3.245,0.385
0x887655fe0,1743,124,946,gdn_ab_multi_kernel,12,1,1,256,19.852,6.972,0.386
0x887655fe0,1743,124,947,mmvq_direct_21_r2,768,1,1,128,99.001,39.988,0.386
0x887655fe0,1743,124,948,gdn_step_norm_multi_tail_kernel,48,1,1,512,36.231,12.318,0.385
0x887655fe0,1743,124,949,native_quantize_q8_1_kernel,24,1,1,256,7.979,2.423,0.413
0x887655fe0,1743,124,950,native_iq4_xs_direct_sg4,160,1,1,128,62.338,23.974,0.406
0x887655fe0,1743,124,951,fused_gr_norm1_kernel,1,1,1,256,25.502,9.023,0.420
0x887655fe0,1743,124,952,fused_gr_down_kernel,41,1,1,256,38.402,10.935,0.394
0x887655fe0,1743,124,953,fused_gr_up_kernel,160,1,1,256,44.224,16.029,0.401
0x887655fe0,1743,124,954,bf16_f32_mmvf_kernel,512,1,1,256,17.237,5.012,0.398
0x887655fe0,1743,124,955,route,1,1,1,256,26.802,9.716,0.390
0x887655fe0,1743,124,956,to_bf16_kernel,10,1,1,256,6.006,1.790,0.375
0x887655fe0,1743,124,957,native_quantize_q8_1_kernel,10,1,1,256,6.987,2.520,0.395
0x887655fe0,1743,124,958,native_iq4_xs_direct_r4,160,1,1,128,18.106,6.777,0.393
0x887655fe0,1743,124,959,mmvq_direct_21_r2,80,1,1,128,25.165,8.692,0.412
0x887655fe0,1743,124,960,shexp_native_swiglu_kernel,5,1,1,128,6.868,2.498,389.821
0x887655fe0,1743,124,961,native_quantize_q8_1_kernel,3,1,1,256,6.511,2.615,6.891
0x887655fe0,1743,124,962,native_iq4_nl_direct_r4,640,1,1,128,21.478,7.687,25.612
0x887655fe0,1743,124,963,bf16_f32_mmvf_kernel,1,1,1,256,8.523,3.113,14.039
0x887655fe0,1743,124,964,shexp_native_scalar_sigmoid_kernel,1,1,1,1,6.275,2.462,12.751
0x887655fe0,1743,124,965,shexp_scale_rows_kernel,20,1,1,128,5.072,1.929,8.676
0x887655fe0,1743,124,966,quantize_q8_1_kernel,10,1,1,256,7.168,2.631,1.349
0x887655fe0,1743,124,967,native_resident_gu_22,160,10,1,256,208.196,86.547,2.910
0x887655fe0,1743,124,968,swiglu_entries_kernel,25,1,1,256,6.560,2.379,4.124
0x887655fe0,1743,124,969,quantize_q8_1_kernel,25,1,1,256,6.822,2.582,0.790
0x887655fe0,1743,124,970,native_resident_down_direct_42_r4,80,10,1,256,119.494,49.124,0.416
0x887655fe0,1743,124,971,nmoe_combine_kernel,10,1,1,256,9.580,3.542,0.408
0x887655fe0,1743,124,972,fused_gr_norm1_kernel,1,1,1,256,24.764,8.709,0.389
0x887655fe0,1743,124,973,fused_gr_down_kernel,41,1,1,256,37.749,11.512,0.406
0x887655fe0,1743,124,974,fused_gr_up_kernel,160,1,1,256,43.853,16.195,0.417
0x887655fe0,1743,124,975,native_quantize_q8_1_kernel,10,1,1,256,6.993,2.629,0.415
0x887655fe0,1743,124,976,bf16_f32_mmvf_kernel,128,1,1,256,10.097,3.629,0.397
0x887655fe0,1743,124,977,native_iq4_xs_direct_r4,128,1,1,128,17.218,6.405,0.393
0x887655fe0,1743,124,978,native_iq4_xs_direct_r4,128,1,1,128,15.955,6.367,0.406
0x887655fe0,1743,124,979,nqs_norm_kernel,2,1,1,256,7.923,3.076,0.405
0x887655fe0,1743,124,980,native_rope_apply_kernel,1,2,1,128,14.191,5.097,0.382
0x887655fe0,1743,124,981,copy_from_mapped_kernel,1,1,1,256,5.802,2.197,0.416
0x887655fe0,1743,124,982,kv_append_kernel,2,1,1,256,16.203,6.003,0.416
0x887655fe0,1743,124,983,nqsi_append_kernel,1,1,1,256,12.396,5.364,0.419
0x887655fe0,1743,124,984,native_iq4_xs_direct_sg4,768,1,1,128,120.400,48.832,0.400
0x887655fe0,1743,124,985,runtime_copy2d16,1,24,1,128,5.494,2.305,0.426
0x887655fe0,1743,124,986,nqs_norm_kernel,24,1,1,256,7.466,2.859,4.660
0x887655fe0,1743,124,987,native_rope_apply_kernel,1,24,1,128,12.845,4.782,0.397
0x887655fe0,1743,124,988,bf16_f32_mmvf_kernel,512,1,1,256,17.197,6.720,0.392
0x887655fe0,1743,124,989,nqs_norm_kernel,4,1,1,256,6.875,2.638,0.403
0x887655fe0,1743,124,990,native_rope_apply_kernel,1,4,1,128,9.917,4.066,0.404
0x887655fe0,1743,124,991,block_scores_multi_kernel,256,1,1,256,19.234,7.718,0.464
0x887655fe0,1743,124,992,block_topk_scan_kernel,1,1,1,256,58.594,23.753,0.396
0x887655fe0,1743,124,993,attn_chunk_kernel_m0,33,2,1,256,152.130,58.874,0.398
0x887655fe0,1743,124,994,attn_merge_kernel,24,1,1,256,44.263,17.018,0.413
0x887655fe0,1743,124,995,nqs_gate_kernel,24,1,1,256,10.076,3.956,0.415
0x887655fe0,1743,124,996,native_quantize_q8_1_kernel,24,1,1,256,7.142,2.652,2.894
0x887655fe0,1743,124,997,native_iq4_xs_direct_sg4,160,1,1,128,61.018,22.401,0.408
0x887655fe0,1743,124,998,fused_gr_norm1_kernel,1,1,1,256,25.412,8.664,0.407
0x887655fe0,1743,124,999,fused_gr_down_kernel,41,1,1,256,40.171,15.644,0.416
0x887655fe0,1743,124,1000,fused_gr_up_kernel,160,1,1,256,45.672,17.654,0.393
0x887655fe0,1743,124,1001,bf16_f32_mmvf_kernel,512,1,1,256,17.933,6.789,0.385
0x887655fe0,1743,124,1002,route,1,1,1,256,27.223,9.625,0.874
0x887655fe0,1743,124,1003,to_bf16_kernel,10,1,1,256,5.659,3.138,0.410
0x887655fe0,1743,124,1004,native_quantize_q8_1_kernel,10,1,1,256,7.351,2.531,0.414
0x887655fe0,1743,124,1005,native_q6_k_mmvq_kernel_large,640,1,1,128,19.868,7.591,0.393
0x887655fe0,1743,124,1006,mmvq_direct_21_r2,80,1,1,128,24.936,8.888,0.397
0x887655fe0,1743,124,1007,shexp_native_swiglu_kernel,5,1,1,128,6.740,2.229,0.407
0x887655fe0,1743,124,1008,native_quantize_q8_1_kernel,3,1,1,256,5.955,2.261,0.398
0x887655fe0,1743,124,1009,native_iq4_nl_direct_r4,640,1,1,128,21.919,7.667,0.385
0x887655fe0,1743,124,1010,bf16_f32_mmvf_kernel,1,1,1,256,8.114,2.776,0.396
0x887655fe0,1743,124,1011,shexp_native_scalar_sigmoid_kernel,1,1,1,1,6.343,2.234,0.403
0x887655fe0,1743,124,1012,shexp_scale_rows_kernel,20,1,1,128,5.681,2.106,0.415
0x887655fe0,1743,124,1013,quantize_q8_1_kernel,10,1,1,256,7.304,2.531,0.408
0x887655fe0,1743,124,1014,native_resident_gu_16,160,10,1,256,194.930,79.142,0.404
0x887655fe0,1743,124,1015,swiglu_entries_kernel,25,1,1,256,7.517,2.430,0.414
0x887655fe0,1743,124,1016,quantize_q8_1_kernel,25,1,1,256,6.700,2.815,0.395
0x887655fe0,1743,124,1017,native_resident_down_direct_42_r4,80,10,1,256,118.220,48.362,0.386
0x887655fe0,1743,124,1018,nmoe_combine_kernel,10,1,1,256,9.470,3.495,0.392
0x887655fe0,1743,124,1019,fused_gr_norm1_kernel,1,1,1,256,24.814,8.734,0.385
0x887655fe0,1743,124,1020,fused_gr_down_kernel,41,1,1,256,38.479,11.398,0.374
0x887655fe0,1743,124,1021,fused_gr_up_kernel,160,1,1,256,44.119,15.691,0.376
0x887655fe0,1743,124,1022,native_quantize_q8_1_kernel,10,1,1,256,7.427,2.523,0.387
0x887655fe0,1743,124,1023,native_iq4_xs_direct_sg4,640,1,1,128,101.842,37.017,0.404
0x887655fe0,1743,124,1024,gdn_conv_l2_multi_kernel,80,1,1,128,9.553,4.044,0.439
0x887655fe0,1743,124,1025,gdn_ab_multi_kernel,12,1,1,256,19.893,6.860,0.389
0x887655fe0,1743,124,1026,native_iq4_xs_direct_sg4,384,1,1,128,66.687,24.257,0.396
0x887655fe0,1743,124,1027,gdn_step_norm_multi_tail_kernel,48,1,1,512,36.366,12.368,0.412
0x887655fe0,1743,124,1028,native_quantize_q8_1_kernel,24,1,1,256,7.679,2.140,0.397
0x887655fe0,1743,124,1029,native_iq4_xs_direct_sg4,160,1,1,128,60.828,22.649,0.372
0x887655fe0,1743,124,1030,fused_gr_norm1_kernel,1,1,1,256,25.342,8.202,0.382
0x887655fe0,1743,124,1031,fused_gr_down_kernel,41,1,1,256,37.559,10.699,0.378
0x887655fe0,1743,124,1032,fused_gr_up_kernel,160,1,1,256,44.002,14.985,0.388
0x887655fe0,1743,124,1033,bf16_f32_mmvf_kernel,512,1,1,256,17.195,5.239,0.379
0x887655fe0,1743,124,1034,route,1,1,1,256,26.539,8.879,0.390
0x887655fe0,1743,124,1035,to_bf16_kernel,10,1,1,256,5.744,1.750,0.387
0x887655fe0,1743,124,1036,native_quantize_q8_1_kernel,10,1,1,256,7.235,2.524,0.506
0x887655fe0,1743,124,1037,mmvq_direct_21_r2,80,1,1,128,24.576,8.628,0.548
0x887655fe0,1743,124,1038,native_q6_k_mmvq_kernel_large,640,1,1,128,19.507,7.223,0.587
0x887655fe0,1743,124,1039,shexp_native_swiglu_kernel,5,1,1,128,6.873,2.229,0.467
0x887655fe0,1743,124,1040,native_quantize_q8_1_kernel,3,1,1,256,7.101,2.569,387.897
0x887655fe0,1743,124,1041,native_iq4_nl_direct_r4,640,1,1,128,21.022,7.178,7.760
0x887655fe0,1743,124,1042,bf16_f32_mmvf_kernel,1,1,1,256,8.797,5.750,8.569
0x887655fe0,1743,124,1043,shexp_native_scalar_sigmoid_kernel,1,1,1,1,6.067,2.160,7.564
0x887655fe0,1743,124,1044,shexp_scale_rows_kernel,20,1,1,128,4.950,1.838,28.125
0x887655fe0,1743,124,1045,quantize_q8_1_kernel,10,1,1,256,7.053,2.504,6.101
0x887655fe0,1743,124,1046,native_resident_gu_22,160,10,1,256,204.772,81.293,9.635
0x887655fe0,1743,124,1047,swiglu_entries_kernel,25,1,1,256,6.385,2.198,0.405
0x887655fe0,1743,124,1048,quantize_q8_1_kernel,25,1,1,256,6.661,2.520,3.584
0x887655fe0,1743,124,1049,native_resident_down_direct_42_r4,80,10,1,256,120.656,61.299,0.378
0x887655fe0,1743,124,1050,nmoe_combine_kernel,10,1,1,256,9.211,3.549,0.382
0x887655fe0,1743,124,1051,fused_gr_norm1_kernel,1,1,1,256,25.338,13.422,0.383
0x887655fe0,1743,124,1052,fused_gr_down_kernel,41,1,1,256,35.556,10.301,6.926
0x887655fe0,1743,124,1053,fused_gr_up_kernel,160,1,1,256,43.072,15.864,0.380
0x887655fe0,1743,124,1054,native_quantize_q8_1_kernel,10,1,1,256,7.115,2.622,0.393
0x887655fe0,1743,124,1055,native_iq4_xs_direct_sg4,640,1,1,128,99.050,36.150,0.401
0x887655fe0,1743,124,1056,gdn_conv_l2_multi_kernel,80,1,1,128,8.603,3.497,0.441
0x887655fe0,1743,124,1057,gdn_ab_multi_kernel,12,1,1,256,19.613,6.964,0.394
0x887655fe0,1743,124,1058,native_iq4_xs_direct_sg4,384,1,1,128,65.877,24.675,0.391
0x887655fe0,1743,124,1059,gdn_step_norm_multi_tail_kernel,48,1,1,512,35.029,12.117,0.398
0x887655fe0,1743,124,1060,native_quantize_q8_1_kernel,24,1,1,256,7.331,2.889,0.392
0x887655fe0,1743,124,1061,mmvq_direct_21_r2,320,1,1,128,86.687,34.082,0.367
0x887655fe0,1743,124,1062,fused_gr_norm1_kernel,1,1,1,256,24.967,8.375,0.379
0x887655fe0,1743,124,1063,fused_gr_down_kernel,41,1,1,256,35.074,9.955,0.380
0x887655fe0,1743,124,1064,fused_gr_up_kernel,160,1,1,256,43.567,15.347,0.386
0x887655fe0,1743,124,1065,bf16_f32_mmvf_kernel,512,1,1,256,16.614,5.333,0.381
0x887655fe0,1743,124,1066,route,1,1,1,256,26.648,9.155,0.401
0x887655fe0,1743,124,1067,to_bf16_kernel,10,1,1,256,4.864,2.066,0.780
0x887655fe0,1743,124,1068,native_quantize_q8_1_kernel,10,1,1,256,7.156,2.484,0.401
0x887655fe0,1743,124,1069,native_iq4_xs_direct_r4,160,1,1,128,17.629,6.207,0.385
0x887655fe0,1743,124,1070,native_iq4_xs_direct_r4,160,1,1,128,16.170,5.931,0.382
0x887655fe0,1743,124,1071,shexp_native_swiglu_kernel,5,1,1,128,6.428,2.294,0.385
0x887655fe0,1743,124,1072,native_quantize_q8_1_kernel,3,1,1,256,5.857,2.145,0.382
0x887655fe0,1743,124,1073,native_iq4_nl_direct_r4,640,1,1,128,20.906,7.192,0.368
0x887655fe0,1743,124,1074,bf16_f32_mmvf_kernel,1,1,1,256,7.961,2.796,0.382
0x887655fe0,1743,124,1075,shexp_native_scalar_sigmoid_kernel,1,1,1,1,6.275,2.169,0.389
0x887655fe0,1743,124,1076,shexp_scale_rows_kernel,20,1,1,128,5.228,2.062,0.392
0x887655fe0,1743,124,1077,quantize_q8_1_kernel,10,1,1,256,7.214,2.536,0.384
0x887655fe0,1743,124,1078,native_resident_gu_16,160,10,1,256,197.126,84.203,0.384
0x887655fe0,1743,124,1079,swiglu_entries_kernel,25,1,1,256,7.903,3.480,0.412
0x887655fe0,1743,124,1080,quantize_q8_1_kernel,25,1,1,256,7.038,4.964,0.383
0x887655fe0,1743,124,1081,native_resident_down_direct_42_r4,80,10,1,256,118.580,47.291,0.379
0x887655fe0,1743,124,1082,nmoe_combine_kernel,10,1,1,256,9.534,3.330,0.391
0x887655fe0,1743,124,1083,fused_gr_norm1_kernel,1,1,1,256,24.461,8.341,0.390
0x887655fe0,1743,124,1084,fused_gr_down_kernel,41,1,1,256,35.257,9.864,0.378
0x887655fe0,1743,124,1085,fused_gr_up_kernel,160,1,1,256,43.583,14.799,0.379
0x887655fe0,1743,124,1086,native_quantize_q8_1_kernel,10,1,1,256,7.303,2.401,0.381
0x887655fe0,1743,124,1087,native_iq4_xs_direct_sg4,640,1,1,128,99.044,37.306,0.389
0x887655fe0,1743,124,1088,gdn_conv_l2_multi_kernel,80,1,1,128,9.199,3.323,0.409
0x887655fe0,1743,124,1089,gdn_ab_multi_kernel,12,1,1,256,19.806,7.061,0.374
0x887655fe0,1743,124,1090,native_iq4_xs_direct_sg4,384,1,1,128,67.429,26.463,0.386
0x887655fe0,1743,124,1091,gdn_step_norm_multi_tail_kernel,48,1,1,512,35.651,12.145,0.404
0x887655fe0,1743,124,1092,native_quantize_q8_1_kernel,24,1,1,256,7.621,2.710,0.390
0x887655fe0,1743,124,1093,native_iq4_xs_direct_sg4,160,1,1,128,60.681,23.017,0.377
0x887655fe0,1743,124,1094,fused_gr_norm1_kernel,1,1,1,256,25.174,9.147,0.378
0x887655fe0,1743,124,1095,fused_gr_down_kernel,41,1,1,256,34.971,10.031,0.384
0x887655fe0,1743,124,1096,fused_gr_up_kernel,160,1,1,256,44.551,17.393,0.381
0x887655fe0,1743,124,1097,bf16_f32_mmvf_kernel,512,1,1,256,17.357,6.289,0.375
0x887655fe0,1743,124,1098,route,1,1,1,256,27.122,10.142,0.390
0x887655fe0,1743,124,1099,to_bf16_kernel,10,1,1,256,5.419,2.477,0.397
0x887655fe0,1743,124,1100,native_quantize_q8_1_kernel,10,1,1,256,7.272,2.666,0.389
0x887655fe0,1743,124,1101,native_iq4_xs_direct_r4,160,1,1,128,17.619,6.608,0.390
0x887655fe0,1743,124,1102,native_iq4_xs_direct_r4,160,1,1,128,16.468,6.268,0.387
0x887655fe0,1743,124,1103,shexp_native_swiglu_kernel,5,1,1,128,6.891,3.113,0.597
0x887655fe0,1743,124,1104,native_quantize_q8_1_kernel,3,1,1,256,6.163,2.161,0.387
0x887655fe0,1743,124,1105,native_q2_0_mmvq_kernel_small,640,1,1,128,33.129,11.632,0.636
0x887655fe0,1743,124,1106,bf16_f32_mmvf_kernel,1,1,1,256,8.303,3.415,0.381
0x887655fe0,1743,124,1107,shexp_native_scalar_sigmoid_kernel,1,1,1,1,6.128,2.146,0.525
0x887655fe0,1743,124,1108,shexp_scale_rows_kernel,20,1,1,128,5.554,2.374,0.592
0x887655fe0,1743,124,1109,quantize_q8_1_kernel,10,1,1,256,7.330,3.241,0.618
0x887655fe0,1743,124,1110,native_resident_gu_16,160,10,1,256,197.433,81.486,0.588
0x887655fe0,1743,124,1111,swiglu_entries_kernel,25,1,1,256,7.774,2.302,0.402
0x887655fe0,1743,124,1112,quantize_q8_1_kernel,25,1,1,256,6.477,2.546,0.395
0x887655fe0,1743,124,1113,native_resident_down_direct_42_r4,80,10,1,256,119.578,48.675,0.380
0x887655fe0,1743,124,1114,nmoe_combine_kernel,10,1,1,256,9.438,3.624,0.383
0x887655fe0,1743,124,1115,fused_gr_norm1_kernel,1,1,1,256,24.416,8.730,0.380
0x887655fe0,1743,124,1116,fused_gr_down_kernel,41,1,1,256,36.492,10.275,0.377
0x887655fe0,1743,124,1117,fused_gr_up_kernel,160,1,1,256,44.531,16.010,0.367
0x887655fe0,1743,124,1118,native_quantize_q8_1_kernel,10,1,1,256,7.406,2.353,0.369
0x887655fe0,1743,124,1119,bf16_f32_mmvf_kernel,128,1,1,256,9.905,3.429,0.459
0x887655fe0,1743,124,1120,native_iq4_xs_direct_r4,128,1,1,128,17.665,6.447,386.604
0x887655fe0,1743,124,1121,native_q6_k_mmvq_kernel_large,512,1,1,128,16.711,6.456,28.438
0x887655fe0,1743,124,1122,nqs_norm_kernel,2,1,1,256,7.592,2.770,14.065
0x887655fe0,1743,124,1123,native_rope_apply_kernel,1,2,1,128,14.006,4.916,2.799
0x887655fe0,1743,124,1124,copy_from_mapped_kernel,1,1,1,256,5.774,2.453,2.479
0x887655fe0,1743,124,1125,kv_append_kernel,2,1,1,256,16.033,5.806,3.990
0x887655fe0,1743,124,1126,nqsi_append_kernel,1,1,1,256,11.969,5.225,7.316
0x887655fe0,1743,124,1127,native_iq4_xs_direct_sg4,768,1,1,128,117.619,46.399,9.428
0x887655fe0,1743,124,1128,runtime_copy2d16,1,24,1,128,5.217,1.951,5.455
0x887655fe0,1743,124,1129,nqs_norm_kernel,24,1,1,256,7.126,2.625,0.387
0x887655fe0,1743,124,1130,native_rope_apply_kernel,1,24,1,128,13.514,4.765,4.589
0x887655fe0,1743,124,1131,bf16_f32_mmvf_kernel,512,1,1,256,17.327,6.641,0.403
0x887655fe0,1743,124,1132,nqs_norm_kernel,4,1,1,256,6.806,2.650,0.417
0x887655fe0,1743,124,1133,native_rope_apply_kernel,1,4,1,128,9.774,3.850,0.398
0x887655fe0,1743,124,1134,block_scores_multi_kernel,256,1,1,256,18.710,7.014,1.708
0x887655fe0,1743,124,1135,block_topk_scan_kernel,1,1,1,256,57.654,22.727,0.696
0x887655fe0,1743,124,1136,attn_chunk_kernel_m0,33,2,1,256,152.231,59.762,0.404
0x887655fe0,1743,124,1137,attn_merge_kernel,24,1,1,256,44.504,17.360,0.399
0x887655fe0,1743,124,1138,nqs_gate_kernel,24,1,1,256,9.553,3.564,0.405
0x887655fe0,1743,124,1139,native_quantize_q8_1_kernel,24,1,1,256,7.036,2.621,0.406
0x887655fe0,1743,124,1140,native_iq4_xs_direct_sg4,160,1,1,128,62.365,23.474,0.415
0x887655fe0,1743,124,1141,fused_gr_norm1_kernel,1,1,1,256,25.282,9.012,0.406
0x887655fe0,1743,124,1142,fused_gr_down_kernel,41,1,1,256,39.094,16.482,0.407
0x887655fe0,1743,124,1143,fused_gr_up_kernel,160,1,1,256,45.188,19.147,0.430
0x887655fe0,1743,124,1144,bf16_f32_mmvf_kernel,512,1,1,256,17.737,7.359,2.294
0x887655fe0,1743,124,1145,route,1,1,1,256,27.113,9.819,0.412
0x887655fe0,1743,124,1146,to_bf16_kernel,10,1,1,256,4.965,2.201,0.400
0x887655fe0,1743,124,1147,native_quantize_q8_1_kernel,10,1,1,256,6.870,2.596,0.404
0x887655fe0,1743,124,1148,native_iq4_xs_direct_r4,160,1,1,128,18.401,6.741,0.403
0x887655fe0,1743,124,1149,mmvq_direct_21_r2,80,1,1,128,24.703,9.116,0.394
0x887655fe0,1743,124,1150,shexp_native_swiglu_kernel,5,1,1,128,6.518,2.378,0.395
0x887655fe0,1743,124,1151,native_quantize_q8_1_kernel,3,1,1,256,5.923,2.280,0.427
0x887655fe0,1743,124,1152,native_iq4_nl_direct_r4,640,1,1,128,21.557,7.708,0.417
0x887655fe0,1743,124,1153,bf16_f32_mmvf_kernel,1,1,1,256,8.172,2.961,0.409
0x887655fe0,1743,124,1154,shexp_native_scalar_sigmoid_kernel,1,1,1,1,6.228,2.273,0.419
0x887655fe0,1743,124,1155,shexp_scale_rows_kernel,20,1,1,128,5.350,2.185,0.417
0x887655fe0,1743,124,1156,quantize_q8_1_kernel,10,1,1,256,7.241,2.619,0.411
0x887655fe0,1743,124,1157,native_resident_gu_22,160,10,1,256,207.480,84.673,0.392
0x887655fe0,1743,124,1158,swiglu_entries_kernel,25,1,1,256,7.064,2.724,0.393
0x887655fe0,1743,124,1159,quantize_q8_1_kernel,25,1,1,256,7.033,2.502,0.398
0x887655fe0,1743,124,1160,native_resident_down_direct_42_r4,80,10,1,256,117.824,47.250,0.394
0x887655fe0,1743,124,1161,nmoe_combine_kernel,10,1,1,256,9.814,4.867,0.389
0x887655fe0,1743,124,1162,fused_gr_norm1_kernel,1,1,1,256,24.761,8.488,0.395
0x887655fe0,1743,124,1163,fused_gr_down_kernel,41,1,1,256,37.818,10.734,0.400
0x887655fe0,1743,124,1164,fused_gr_up_kernel,160,1,1,256,43.868,15.072,0.400
0x887655fe0,1743,124,1165,native_quantize_q8_1_kernel,10,1,1,256,7.244,2.560,0.392
0x887655fe0,1743,124,1166,native_iq4_xs_direct_sg4,640,1,1,128,98.817,35.732,0.383
0x887655fe0,1743,124,1167,gdn_conv_l2_multi_kernel,80,1,1,128,9.199,2.762,0.420
0x887655fe0,1743,124,1168,gdn_ab_multi_kernel,12,1,1,256,19.783,6.584,0.397
0x887655fe0,1743,124,1169,native_iq4_xs_direct_sg4,384,1,1,128,66.319,24.139,0.397
0x887655fe0,1743,124,1170,gdn_step_norm_multi_tail_kernel,48,1,1,512,36.183,12.189,0.416
0x887655fe0,1743,124,1171,native_quantize_q8_1_kernel,24,1,1,256,8.241,2.809,0.400
0x887655fe0,1743,124,1172,native_iq4_xs_direct_sg4,160,1,1,128,61.313,22.777,0.406
0x887655fe0,1743,124,1173,fused_gr_norm1_kernel,1,1,1,256,25.369,8.751,0.381
0x887655fe0,1743,124,1174,fused_gr_down_kernel,41,1,1,256,37.517,10.167,0.382
0x887655fe0,1743,124,1175,fused_gr_up_kernel,160,1,1,256,43.590,14.601,0.377
0x887655fe0,1743,124,1176,bf16_f32_mmvf_kernel,512,1,1,256,17.424,5.425,0.393
0x887655fe0,1743,124,1177,route,1,1,1,256,26.482,9.032,0.386
0x887655fe0,1743,124,1178,to_bf16_kernel,10,1,1,256,5.531,1.904,0.383
0x887655fe0,1743,124,1179,native_quantize_q8_1_kernel,10,1,1,256,7.295,2.330,0.497
0x887655fe0,1743,124,1180,native_iq4_xs_direct_r4,160,1,1,128,17.183,6.002,0.676
0x887655fe0,1743,124,1181,native_q6_k_mmvq_kernel_large,640,1,1,128,18.889,7.346,0.472
0x887655fe0,1743,124,1182,shexp_native_swiglu_kernel,5,1,1,128,6.790,2.650,0.587
0x887655fe0,1743,124,1183,native_quantize_q8_1_kernel,3,1,1,256,6.059,2.284,0.606
0x887655fe0,1743,124,1184,native_iq4_nl_direct_r4,640,1,1,128,21.046,7.398,0.382
0x887655fe0,1743,124,1185,bf16_f32_mmvf_kernel,1,1,1,256,7.639,2.511,0.499
0x887655fe0,1743,124,1186,shexp_native_scalar_sigmoid_kernel,1,1,1,1,5.982,2.553,0.576
0x887655fe0,1743,124,1187,shexp_scale_rows_kernel,20,1,1,128,5.345,2.482,0.387
0x887655fe0,1743,124,1188,quantize_q8_1_kernel,10,1,1,256,6.867,2.333,0.608
0x887655fe0,1743,124,1189,native_resident_gu_22,160,10,1,256,205.247,82.947,0.659
0x887655fe0,1743,124,1190,swiglu_entries_kernel,25,1,1,256,7.558,2.289,0.398
0x887655fe0,1743,124,1191,quantize_q8_1_kernel,25,1,1,256,6.844,2.716,0.383
0x887655fe0,1743,124,1192,native_resident_down_direct_42_r4,80,10,1,256,116.954,46.687,0.385
0x887655fe0,1743,124,1193,nmoe_combine_kernel,10,1,1,256,9.299,3.090,0.393
0x887655fe0,1743,124,1194,fused_gr_norm1_kernel,1,1,1,256,24.864,8.474,0.368
0x887655fe0,1743,124,1195,fused_gr_down_kernel,41,1,1,256,36.920,9.768,0.369
0x887655fe0,1743,124,1196,fused_gr_up_kernel,160,1,1,256,43.561,14.700,0.372
0x887655fe0,1743,124,1197,native_quantize_q8_1_kernel,10,1,1,256,7.062,2.142,0.364
0x887655fe0,1743,124,1198,native_iq4_xs_direct_sg4,640,1,1,128,97.946,34.775,0.633
0x887655fe0,1743,124,1199,gdn_conv_l2_multi_kernel,80,1,1,128,9.162,2.664,0.401
0x887655fe0,1743,124,1200,gdn_ab_multi_kernel,12,1,1,256,20.082,6.948,368.768
0x887655fe0,1743,124,1201,mmvq_direct_21_r2,768,1,1,128,97.568,38.494,11.860
0x887655fe0,1743,124,1202,gdn_step_norm_multi_tail_kernel,48,1,1,512,35.633,12.557,3.361
0x887655fe0,1743,124,1203,native_quantize_q8_1_kernel,24,1,1,256,7.171,2.545,0.409
0x887655fe0,1743,124,1204,native_q6_k_mmvq_kernel_large,2560,1,1,128,114.231,47.567,4.200
0x887655fe0,1743,124,1205,fused_gr_norm1_kernel,1,1,1,256,25.387,8.637,0.400
0x887655fe0,1743,124,1206,fused_gr_down_kernel,41,1,1,256,36.505,10.982,0.380
0x887655fe0,1743,124,1207,fused_gr_up_kernel,160,1,1,256,43.976,16.186,0.401
0x887655fe0,1743,124,1208,bf16_f32_mmvf_kernel,512,1,1,256,17.414,6.938,0.394
0x887655fe0,1743,124,1209,route,1,1,1,256,26.891,9.457,0.390
0x887655fe0,1743,124,1210,to_bf16_kernel,10,1,1,256,4.833,1.921,0.439
0x887655fe0,1743,124,1211,native_quantize_q8_1_kernel,10,1,1,256,6.828,2.579,0.430
0x887655fe0,1743,124,1212,native_iq4_xs_direct_r4,160,1,1,128,17.803,6.497,0.458
0x887655fe0,1743,124,1213,native_iq4_xs_direct_r4,160,1,1,128,16.156,6.091,0.838
0x887655fe0,1743,124,1214,shexp_native_swiglu_kernel,5,1,1,128,6.418,2.403,2.993
0x887655fe0,1743,124,1215,native_quantize_q8_1_kernel,3,1,1,256,5.973,2.256,0.408
0x887655fe0,1743,124,1216,native_iq4_nl_direct_r4,640,1,1,128,21.586,7.754,0.598
0x887655fe0,1743,124,1217,bf16_f32_mmvf_kernel,1,1,1,256,8.119,3.093,0.382
0x887655fe0,1743,124,1218,shexp_native_scalar_sigmoid_kernel,1,1,1,1,6.174,2.350,0.397
0x887655fe0,1743,124,1219,shexp_scale_rows_kernel,20,1,1,128,5.033,1.904,0.657
0x887655fe0,1743,124,1220,quantize_q8_1_kernel,10,1,1,256,7.221,2.536,0.403
0x887655fe0,1743,124,1221,native_resident_gu_22,160,10,1,256,208.634,86.006,2.874
0x887655fe0,1743,124,1222,swiglu_entries_kernel,25,1,1,256,6.622,2.501,0.395
0x887655fe0,1743,124,1223,quantize_q8_1_kernel,25,1,1,256,6.742,2.554,0.400
0x887655fe0,1743,124,1224,native_resident_down_direct_42_r4,80,10,1,256,118.182,47.738,0.402
0x887655fe0,1743,124,1225,nmoe_combine_kernel,10,1,1,256,9.915,7.814,0.387
0x887655fe0,1743,124,1226,fused_gr_norm1_kernel,1,1,1,256,23.627,8.623,0.385
0x887655fe0,1743,124,1227,fused_gr_down_kernel,41,1,1,256,35.999,10.587,0.387
0x887655fe0,1743,124,1228,fused_gr_up_kernel,160,1,1,256,44.753,16.375,0.390
0x887655fe0,1743,124,1229,native_quantize_q8_1_kernel,10,1,1,256,7.069,2.549,0.393
0x887655fe0,1743,124,1230,native_iq4_xs_direct_sg4,640,1,1,128,101.215,37.955,0.377
0x887655fe0,1743,124,1231,gdn_conv_l2_multi_kernel,80,1,1,128,8.781,3.300,0.418
0x887655fe0,1743,124,1232,gdn_ab_multi_kernel,12,1,1,256,19.632,6.852,0.402
0x887655fe0,1743,124,1233,native_iq4_xs_direct_sg4,384,1,1,128,65.889,24.595,0.391
0x887655fe0,1743,124,1234,gdn_step_norm_multi_tail_kernel,48,1,1,512,35.902,12.369,4.703
0x887655fe0,1743,124,1235,native_quantize_q8_1_kernel,24,1,1,256,7.953,2.674,0.400
0x887655fe0,1743,124,1236,native_iq4_xs_direct_sg4,160,1,1,128,60.559,22.621,0.406
0x887655fe0,1743,124,1237,fused_gr_norm1_kernel,1,1,1,256,25.565,8.542,0.378
0x887655fe0,1743,124,1238,fused_gr_down_kernel,41,1,1,256,35.929,9.992,0.371
0x887655fe0,1743,124,1239,fused_gr_up_kernel,160,1,1,256,43.925,15.783,0.379
0x887655fe0,1743,124,1240,bf16_f32_mmvf_kernel,512,1,1,256,16.675,4.865,0.391
0x887655fe0,1743,124,1241,route,1,1,1,256,26.705,9.094,0.379
0x887655fe0,1743,124,1242,to_bf16_kernel,10,1,1,256,5.616,1.737,0.388
0x887655fe0,1743,124,1243,native_quantize_q8_1_kernel,10,1,1,256,7.242,2.515,0.405
0x887655fe0,1743,124,1244,native_iq4_xs_direct_r4,160,1,1,128,17.577,6.453,0.397
0x887655fe0,1743,124,1245,native_iq4_xs_direct_r4,160,1,1,128,16.325,5.896,0.378
0x887655fe0,1743,124,1246,shexp_native_swiglu_kernel,5,1,1,128,6.630,2.256,0.385
0x887655fe0,1743,124,1247,native_quantize_q8_1_kernel,3,1,1,256,5.980,2.163,0.406
0x887655fe0,1743,124,1248,native_iq4_nl_direct_r4,640,1,1,128,21.548,7.359,0.392
0x887655fe0,1743,124,1249,bf16_f32_mmvf_kernel,1,1,1,256,8.093,2.801,0.380
0x887655fe0,1743,124,1250,shexp_native_scalar_sigmoid_kernel,1,1,1,1,6.138,2.170,0.387
0x887655fe0,1743,124,1251,shexp_scale_rows_kernel,20,1,1,128,5.400,1.957,0.395
0x887655fe0,1743,124,1252,quantize_q8_1_kernel,10,1,1,256,7.191,2.475,0.393
0x887655fe0,1743,124,1253,native_resident_gu_22,160,10,1,256,207.030,84.610,0.383
0x887655fe0,1743,124,1254,swiglu_entries_kernel,25,1,1,256,7.823,3.169,0.385
0x887655fe0,1743,124,1255,quantize_q8_1_kernel,25,1,1,256,6.820,2.814,0.384
0x887655fe0,1743,124,1256,native_resident_down_direct_42_r4,80,10,1,256,117.886,46.937,0.383
0x887655fe0,1743,124,1257,nmoe_combine_kernel,10,1,1,256,9.747,4.968,0.385
0x887655fe0,1743,124,1258,fused_gr_norm1_kernel,1,1,1,256,24.806,8.356,0.373
0x887655fe0,1743,124,1259,fused_gr_down_kernel,41,1,1,256,34.473,9.518,0.385
0x887655fe0,1743,124,1260,fused_gr_up_kernel,160,1,1,256,43.511,15.155,0.384
0x887655fe0,1743,124,1261,native_quantize_q8_1_kernel,10,1,1,256,7.462,2.787,0.377
0x887655fe0,1743,124,1262,bf16_f32_mmvf_kernel,128,1,1,256,9.729,3.244,0.365
0x887655fe0,1743,124,1263,native_iq4_xs_direct_r4,128,1,1,128,17.068,5.974,0.384
0x887655fe0,1743,124,1264,native_iq4_xs_direct_r4,128,1,1,128,15.974,5.904,0.386
0x887655fe0,1743,124,1265,nqs_norm_kernel,2,1,1,256,7.911,2.637,0.377
0x887655fe0,1743,124,1266,native_rope_apply_kernel,1,2,1,128,13.874,4.576,0.386
0x887655fe0,1743,124,1267,copy_from_mapped_kernel,1,1,1,256,6.649,2.765,0.401
0x887655fe0,1743,124,1268,kv_append_kernel,2,1,1,256,16.062,5.463,0.584
0x887655fe0,1743,124,1269,nqsi_append_kernel,1,1,1,256,12.365,5.441,0.368
0x887655fe0,1743,124,1270,mmvq_direct_21_r2,1536,1,1,128,179.134,72.548,0.465
0x887655fe0,1743,124,1271,runtime_copy2d16,1,24,1,128,6.648,2.171,0.390
0x887655fe0,1743,124,1272,nqs_norm_kernel,24,1,1,256,7.546,2.683,0.369
0x887655fe0,1743,124,1273,native_rope_apply_kernel,1,24,1,128,12.580,4.581,0.372
0x887655fe0,1743,124,1274,bf16_f32_mmvf_kernel,512,1,1,256,17.141,4.531,0.621
0x887655fe0,1743,124,1275,nqs_norm_kernel,4,1,1,256,7.004,2.298,0.639
0x887655fe0,1743,124,1276,native_rope_apply_kernel,1,4,1,128,9.723,3.848,0.397
0x887655fe0,1743,124,1277,block_scores_multi_kernel,256,1,1,256,19.017,6.899,0.608
0x887655fe0,1743,124,1278,block_topk_scan_kernel,1,1,1,256,58.005,22.998,0.395
0x887655fe0,1743,124,1279,attn_chunk_kernel_m0,33,2,1,256,152.470,59.896,0.408
0x887655fe0,1743,124,1280,attn_merge_kernel,24,1,1,256,48.526,19.466,415.759
0x887655fe0,1743,124,1281,nqs_gate_kernel,24,1,1,256,10.349,4.351,11.028
0x887655fe0,1743,124,1282,native_quantize_q8_1_kernel,24,1,1,256,7.729,3.041,4.720
0x887655fe0,1743,124,1283,native_iq4_xs_direct_sg4,160,1,1,128,70.382,32.575,5.900
0x887655fe0,1743,124,1284,fused_gr_norm1_kernel,1,1,1,256,26.993,10.300,1.429
0x887655fe0,1743,124,1285,fused_gr_down_kernel,41,1,1,256,47.411,25.519,0.426
0x887655fe0,1743,124,1286,fused_gr_up_kernel,160,1,1,256,54.518,28.139,0.434
0x887655fe0,1743,124,1287,bf16_f32_mmvf_kernel,512,1,1,256,22.143,12.069,0.533
0x887655fe0,1743,124,1288,route,1,1,1,256,28.714,11.053,0.705
0x887655fe0,1743,124,1289,to_bf16_kernel,10,1,1,256,4.860,1.939,0.641
0x887655fe0,1743,124,1290,native_quantize_q8_1_kernel,10,1,1,256,7.100,2.740,0.612
0x887655fe0,1743,124,1291,native_iq4_xs_direct_r4,160,1,1,128,18.843,7.730,0.927
0x887655fe0,1743,124,1292,native_iq4_xs_direct_r4,160,1,1,128,17.057,7.011,5.637
0x887655fe0,1743,124,1293,shexp_native_swiglu_kernel,5,1,1,128,6.694,2.623,0.530
0x887655fe0,1743,124,1294,native_quantize_q8_1_kernel,3,1,1,256,6.277,2.597,4.666
0x887655fe0,1743,124,1295,native_iq4_nl_direct_r4,640,1,1,128,22.708,8.970,1.373
0x887655fe0,1743,124,1296,bf16_f32_mmvf_kernel,1,1,1,256,8.571,3.334,0.756
0x887655fe0,1743,124,1297,shexp_native_scalar_sigmoid_kernel,1,1,1,1,6.391,2.457,0.733
0x887655fe0,1743,124,1298,shexp_scale_rows_kernel,20,1,1,128,5.756,2.425,2.308
0x887655fe0,1743,124,1299,quantize_q8_1_kernel,10,1,1,256,7.450,2.940,3.094
0x887655fe0,1743,124,1300,native_resident_gu_22,160,10,1,256,211.203,88.826,4.921
0x887655fe0,1743,124,1301,swiglu_entries_kernel,25,1,1,256,6.830,2.859,0.489
0x887655fe0,1743,124,1302,quantize_q8_1_kernel,25,1,1,256,7.064,3.122,0.413
0x887655fe0,1743,124,1303,native_resident_down_direct_42_r4,80,10,1,256,120.178,49.213,0.456
0x887655fe0,1743,124,1304,nmoe_combine_kernel,10,1,1,256,9.467,3.515,0.428
0x887655fe0,1743,124,1305,fused_gr_norm1_kernel,1,1,1,256,25.443,8.982,0.401
0x887655fe0,1743,124,1306,fused_gr_down_kernel,41,1,1,256,38.337,12.025,0.417
0x887655fe0,1743,124,1307,fused_gr_up_kernel,160,1,1,256,45.535,18.030,0.434
0x887655fe0,1743,124,1308,native_quantize_q8_1_kernel,10,1,1,256,7.554,3.291,0.426
0x887655fe0,1743,124,1309,native_iq4_xs_direct_sg4,640,1,1,128,102.015,36.429,0.405
0x887655fe0,1743,124,1310,gdn_conv_l2_multi_kernel,80,1,1,128,8.714,3.229,0.432
0x887655fe0,1743,124,1311,gdn_ab_multi_kernel,12,1,1,256,20.115,6.885,0.424
0x887655fe0,1743,124,1312,native_iq4_xs_direct_sg4,384,1,1,128,67.640,24.831,0.411
0x887655fe0,1743,124,1313,gdn_step_norm_multi_tail_kernel,48,1,1,512,37.230,13.226,0.401
0x887655fe0,1743,124,1314,native_quantize_q8_1_kernel,24,1,1,256,7.243,2.761,3.786
0x887655fe0,1743,124,1315,native_iq4_xs_direct_sg4,160,1,1,128,62.146,23.175,0.398
0x887655fe0,1743,124,1316,fused_gr_norm1_kernel,1,1,1,256,25.490,8.660,0.401
0x887655fe0,1743,124,1317,fused_gr_down_kernel,41,1,1,256,37.447,14.222,0.409
0x887655fe0,1743,124,1318,fused_gr_up_kernel,160,1,1,256,44.204,15.278,0.397
0x887655fe0,1743,124,1319,bf16_f32_mmvf_kernel,512,1,1,256,16.665,4.796,0.416
0x887655fe0,1743,124,1320,route,1,1,1,256,27.071,9.176,0.407
0x887655fe0,1743,124,1321,to_bf16_kernel,10,1,1,256,5.373,2.117,0.391
0x887655fe0,1743,124,1322,native_quantize_q8_1_kernel,10,1,1,256,6.907,2.333,0.393
0x887655fe0,1743,124,1323,native_q6_k_mmvq_kernel_large,640,1,1,128,19.057,6.979,0.397
0x887655fe0,1743,124,1324,native_q6_k_mmvq_kernel_large,640,1,1,128,18.616,7.011,0.395
0x887655fe0,1743,124,1325,shexp_native_swiglu_kernel,5,1,1,128,6.474,2.063,0.373
0x887655fe0,1743,124,1326,native_quantize_q8_1_kernel,3,1,1,256,6.125,2.122,0.604
0x887655fe0,1743,124,1327,native_iq4_nl_direct_r4,640,1,1,128,21.855,7.350,0.388
0x887655fe0,1743,124,1328,bf16_f32_mmvf_kernel,1,1,1,256,8.233,3.024,0.407
0x887655fe0,1743,124,1329,shexp_native_scalar_sigmoid_kernel,1,1,1,1,6.195,2.204,0.391
0x887655fe0,1743,124,1330,shexp_scale_rows_kernel,20,1,1,128,5.366,2.080,0.715
0x887655fe0,1743,124,1331,quantize_q8_1_kernel,10,1,1,256,7.214,2.480,0.406
0x887655fe0,1743,124,1332,native_resident_gu_22,160,10,1,256,206.586,83.222,0.406
0x887655fe0,1743,124,1333,swiglu_entries_kernel,25,1,1,256,7.851,3.468,0.397
0x887655fe0,1743,124,1334,quantize_q8_1_kernel,25,1,1,256,6.785,2.551,0.393
0x887655fe0,1743,124,1335,native_resident_down_direct_42_r4,80,10,1,256,118.364,47.472,0.385
0x887655fe0,1743,124,1336,nmoe_combine_kernel,10,1,1,256,9.395,3.756,0.404
0x887655fe0,1743,124,1337,fused_gr_norm1_kernel,1,1,1,256,24.268,8.385,0.380
0x887655fe0,1743,124,1338,fused_gr_down_kernel,41,1,1,256,36.640,10.440,0.391
0x887655fe0,1743,124,1339,fused_gr_up_kernel,160,1,1,256,44.598,16.799,0.401
0x887655fe0,1743,124,1340,native_quantize_q8_1_kernel,10,1,1,256,8.318,10.129,0.394
0x887655fe0,1743,124,1341,native_iq4_xs_direct_sg4,640,1,1,128,101.943,46.305,0.374
0x887655fe0,1743,124,1342,gdn_conv_l2_multi_kernel,80,1,1,128,10.141,7.575,2.726
0x887655fe0,1743,124,1343,gdn_ab_multi_kernel,12,1,1,256,19.734,7.085,0.399
0x887655fe0,1743,124,1344,mmvq_direct_21_r2,768,1,1,128,99.060,40.914,0.391
0x887655fe0,1743,124,1345,gdn_step_norm_multi_tail_kernel,48,1,1,512,36.471,12.391,0.404
0x887655fe0,1743,124,1346,native_quantize_q8_1_kernel,24,1,1,256,8.286,2.681,0.382
0x887655fe0,1743,124,1347,native_iq4_xs_direct_sg4,160,1,1,128,60.515,22.960,0.393
0x887655fe0,1743,124,1348,fused_gr_norm1_kernel,1,1,1,256,24.768,8.486,0.390
0x887655fe0,1743,124,1349,fused_gr_down_kernel,41,1,1,256,36.415,10.353,0.370
0x887655fe0,1743,124,1350,fused_gr_up_kernel,160,1,1,256,44.155,15.537,0.379
0x887655fe0,1743,124,1351,bf16_f32_mmvf_kernel,512,1,1,256,17.150,5.153,0.400
0x887655fe0,1743,124,1352,route,1,1,1,256,26.814,9.810,0.392
0x887655fe0,1743,124,1353,to_bf16_kernel,10,1,1,256,5.915,1.813,0.372
0x887655fe0,1743,124,1354,native_quantize_q8_1_kernel,10,1,1,256,6.885,2.563,0.383
0x887655fe0,1743,124,1355,native_iq4_xs_direct_r4,160,1,1,128,17.448,6.467,0.408
0x887655fe0,1743,124,1356,mmvq_direct_21_r2,80,1,1,128,24.670,8.456,0.398
0x887655fe0,1743,124,1357,shexp_native_swiglu_kernel,5,1,1,128,7.052,2.295,0.393
0x887655fe0,1743,124,1358,native_quantize_q8_1_kernel,3,1,1,256,5.880,2.239,0.392
0x887655fe0,1743,124,1359,native_iq4_nl_direct_r4,640,1,1,128,21.244,8.040,0.397
0x887655fe0,1743,124,1360,bf16_f32_mmvf_kernel,1,1,1,256,9.037,3.215,364.387
0x887655fe0,1743,124,1361,shexp_native_scalar_sigmoid_kernel,1,1,1,1,6.196,2.292,13.967
0x887655fe0,1743,124,1362,shexp_scale_rows_kernel,20,1,1,128,4.916,1.889,7.534
0x887655fe0,1743,124,1363,quantize_q8_1_kernel,10,1,1,256,7.209,2.584,16.283
0x887655fe0,1743,124,1364,native_resident_gu_29,160,10,1,256,187.185,75.727,41.223
0x887655fe0,1743,124,1365,swiglu_entries_kernel,25,1,1,256,6.520,2.374,0.394
0x887655fe0,1743,124,1366,quantize_q8_1_kernel,25,1,1,256,6.363,2.779,0.390
0x887655fe0,1743,124,1367,native_resident_down_direct_42_r4,80,10,1,256,117.303,46.600,0.394
0x887655fe0,1743,124,1368,nmoe_combine_kernel,10,1,1,256,9.182,3.373,0.396
0x887655fe0,1743,124,1369,fused_gr_norm1_kernel,1,1,1,256,23.656,8.212,0.383
0x887655fe0,1743,124,1370,fused_gr_down_kernel,41,1,1,256,36.368,10.797,0.372
0x887655fe0,1743,124,1371,fused_gr_up_kernel,160,1,1,256,43.781,15.793,0.385
0x887655fe0,1743,124,1372,native_quantize_q8_1_kernel,10,1,1,256,6.845,2.524,0.374
0x887655fe0,1743,124,1373,native_iq4_xs_direct_sg4,640,1,1,128,99.339,37.091,0.372
0x887655fe0,1743,124,1374,gdn_conv_l2_multi_kernel,80,1,1,128,8.500,3.246,2.300
0x887655fe0,1743,124,1375,gdn_ab_multi_kernel,12,1,1,256,19.639,6.688,0.565
0x887655fe0,1743,124,1376,native_iq4_xs_direct_sg4,384,1,1,128,65.414,24.234,0.556
0x887655fe0,1743,124,1377,gdn_step_norm_multi_tail_kernel,48,1,1,512,35.492,12.527,0.399
0x887655fe0,1743,124,1378,native_quantize_q8_1_kernel,24,1,1,256,6.926,2.697,0.531
0x887655fe0,1743,124,1379,native_iq4_xs_direct_sg4,160,1,1,128,60.370,23.150,0.693
0x887655fe0,1743,124,1380,fused_gr_norm1_kernel,1,1,1,256,26.432,24.347,1.013
0x887655fe0,1743,124,1381,fused_gr_down_kernel,41,1,1,256,36.120,12.032,0.375
0x887655fe0,1743,124,1382,fused_gr_up_kernel,160,1,1,256,43.696,16.667,0.376
0x887655fe0,1743,124,1383,bf16_f32_mmvf_kernel,512,1,1,256,16.834,5.972,0.392
0x887655fe0,1743,124,1384,route,1,1,1,256,26.301,8.869,0.506
0x887655fe0,1743,124,1385,to_bf16_kernel,10,1,1,256,4.639,1.790,0.508
0x887655fe0,1743,124,1386,native_quantize_q8_1_kernel,10,1,1,256,6.740,2.424,0.610
0x887655fe0,1743,124,1387,native_iq4_xs_direct_r4,160,1,1,128,17.489,6.222,0.532
0x887655fe0,1743,124,1388,native_iq4_xs_direct_r4,160,1,1,128,16.508,6.575,0.628
0x887655fe0,1743,124,1389,shexp_native_swiglu_kernel,5,1,1,128,6.340,2.658,0.602
0x887655fe0,1743,124,1390,native_quantize_q8_1_kernel,3,1,1,256,6.017,2.212,0.514
0x887655fe0,1743,124,1391,native_iq4_nl_direct_r4,640,1,1,128,20.613,7.280,0.552
0x887655fe0,1743,124,1392,bf16_f32_mmvf_kernel,1,1,1,256,7.888,2.715,0.479
0x887655fe0,1743,124,1393,shexp_native_scalar_sigmoid_kernel,1,1,1,1,6.034,2.062,0.523
0x887655fe0,1743,124,1394,shexp_scale_rows_kernel,20,1,1,128,5.341,2.006,0.606
0x887655fe0,1743,124,1395,quantize_q8_1_kernel,10,1,1,256,7.085,2.421,0.711
0x887655fe0,1743,124,1396,native_resident_gu_22,160,10,1,256,208.338,84.711,2.409
0x887655fe0,1743,124,1397,swiglu_entries_kernel,25,1,1,256,7.496,2.718,0.396
0x887655fe0,1743,124,1398,quantize_q8_1_kernel,25,1,1,256,6.834,2.557,0.385
0x887655fe0,1743,124,1399,native_resident_down_direct_42_r4,80,10,1,256,119.189,48.036,0.401
0x887655fe0,1743,124,1400,nmoe_combine_kernel,10,1,1,256,9.301,3.314,0.398
0x887655fe0,1743,124,1401,fused_gr_norm1_kernel,1,1,1,256,23.646,8.079,0.383
0x887655fe0,1743,124,1402,fused_gr_down_kernel,41,1,1,256,35.636,10.259,0.376
0x887655fe0,1743,124,1403,fused_gr_up_kernel,160,1,1,256,43.675,15.478,0.390
0x887655fe0,1743,124,1404,native_quantize_q8_1_kernel,10,1,1,256,7.578,2.670,0.380
0x887655fe0,1743,124,1405,bf16_f32_mmvf_kernel,128,1,1,256,9.662,3.139,0.420
0x887655fe0,1743,124,1406,native_iq4_xs_direct_r4,128,1,1,128,17.109,5.987,0.816
0x887655fe0,1743,124,1407,native_q6_k_mmvq_kernel_large,512,1,1,128,16.989,6.579,0.407
0x887655fe0,1743,124,1408,nqs_norm_kernel,2,1,1,256,8.017,3.190,0.449
0x887655fe0,1743,124,1409,native_rope_apply_kernel,1,2,1,128,13.918,4.676,0.436
0x887655fe0,1743,124,1410,copy_from_mapped_kernel,1,1,1,256,6.364,2.270,0.392
0x887655fe0,1743,124,1411,kv_append_kernel,2,1,1,256,16.467,5.612,0.753
0x887655fe0,1743,124,1412,nqsi_append_kernel,1,1,1,256,12.185,5.305,0.381
0x887655fe0,1743,124,1413,native_iq4_xs_direct_sg4,768,1,1,128,116.910,43.485,0.376
0x887655fe0,1743,124,1414,runtime_copy2d16,1,24,1,128,6.605,2.384,0.413
0x887655fe0,1743,124,1415,nqs_norm_kernel,24,1,1,256,7.185,2.572,0.366
0x887655fe0,1743,124,1416,native_rope_apply_kernel,1,24,1,128,12.743,4.512,0.388
0x887655fe0,1743,124,1417,bf16_f32_mmvf_kernel,512,1,1,256,16.155,5.046,0.380
0x887655fe0,1743,124,1418,nqs_norm_kernel,4,1,1,256,6.998,2.288,0.396
0x887655fe0,1743,124,1419,native_rope_apply_kernel,1,4,1,128,9.796,3.831,0.397
0x887655fe0,1743,124,1420,block_scores_multi_kernel,256,1,1,256,19.024,6.799,0.403
0x887655fe0,1743,124,1421,block_topk_scan_kernel,1,1,1,256,57.462,22.223,1.400
0x887655fe0,1743,124,1422,attn_chunk_kernel_m0,33,2,1,256,151.774,58.095,0.387
0x887655fe0,1743,124,1423,attn_merge_kernel,24,1,1,256,44.556,17.083,0.414
0x887655fe0,1743,124,1424,nqs_gate_kernel,24,1,1,256,10.352,3.617,0.391
0x887655fe0,1743,124,1425,native_quantize_q8_1_kernel,24,1,1,256,7.421,2.979,0.371
0x887655fe0,1743,124,1426,native_iq4_xs_direct_sg4,160,1,1,128,62.404,23.087,0.382
0x887655fe0,1743,124,1427,fused_gr_norm1_kernel,1,1,1,256,25.097,9.105,0.403
0x887655fe0,1743,124,1428,fused_gr_down_kernel,41,1,1,256,36.922,10.471,0.397
0x887655fe0,1743,124,1429,fused_gr_up_kernel,160,1,1,256,44.764,15.890,0.390
0x887655fe0,1743,124,1430,bf16_f32_mmvf_kernel,512,1,1,256,17.588,5.417,0.397
0x887655fe0,1743,124,1431,route,1,1,1,256,27.034,9.549,0.391
0x887655fe0,1743,124,1432,to_bf16_kernel,10,1,1,256,6.003,1.820,0.408
0x887655fe0,1743,124,1433,native_quantize_q8_1_kernel,10,1,1,256,6.850,2.554,0.390
0x887655fe0,1743,124,1434,native_iq4_xs_direct_r4,160,1,1,128,17.753,6.506,0.396
0x887655fe0,1743,124,1435,native_iq4_xs_direct_r4,160,1,1,128,16.851,5.803,0.400
0x887655fe0,1743,124,1436,shexp_native_swiglu_kernel,5,1,1,128,6.616,2.348,0.391
0x887655fe0,1743,124,1437,native_quantize_q8_1_kernel,3,1,1,256,6.447,1.980,0.388
0x887655fe0,1743,124,1438,native_iq4_nl_direct_r4,640,1,1,128,21.883,7.867,0.388
0x887655fe0,1743,124,1439,bf16_f32_mmvf_kernel,1,1,1,256,8.298,2.881,0.407
0x887655fe0,1743,124,1440,shexp_native_scalar_sigmoid_kernel,1,1,1,1,7.213,2.658,367.409
0x887655fe0,1743,124,1441,shexp_scale_rows_kernel,20,1,1,128,5.143,1.951,17.230
0x887655fe0,1743,124,1442,quantize_q8_1_kernel,10,1,1,256,7.443,2.734,12.076
0x887655fe0,1743,124,1443,native_resident_gu_22,160,10,1,256,211.592,87.311,52.049
0x887655fe0,1743,124,1444,swiglu_entries_kernel,25,1,1,256,6.783,2.480,2.394
0x887655fe0,1743,124,1445,quantize_q8_1_kernel,25,1,1,256,6.891,2.533,0.389
0x887655fe0,1743,124,1446,native_resident_down_direct_42_r4,80,10,1,256,120.675,48.372,0.692
0x887655fe0,1743,124,1447,nmoe_combine_kernel,10,1,1,256,9.418,3.444,1.036
0x887655fe0,1743,124,1448,fused_gr_norm1_kernel,1,1,1,256,24.456,8.775,0.531
0x887655fe0,1743,124,1449,fused_gr_down_kernel,41,1,1,256,38.082,12.368,0.393
0x887655fe0,1743,124,1450,fused_gr_up_kernel,160,1,1,256,45.601,16.958,0.419
0x887655fe0,1743,124,1451,native_quantize_q8_1_kernel,10,1,1,256,7.372,2.645,0.421
0x887655fe0,1743,124,1452,mmvq_direct_21_r2,1280,1,1,128,154.244,61.937,0.424
0x887655fe0,1743,124,1453,gdn_conv_l2_multi_kernel,80,1,1,128,8.901,3.012,0.415
0x887655fe0,1743,124,1454,gdn_ab_multi_kernel,12,1,1,256,20.217,6.892,1.891
0x887655fe0,1743,124,1455,native_iq4_xs_direct_sg4,384,1,1,128,68.384,25.225,0.609
0x887655fe0,1743,124,1456,gdn_step_norm_multi_tail_kernel,48,1,1,512,36.569,12.599,0.407
0x887655fe0,1743,124,1457,native_quantize_q8_1_kernel,24,1,1,256,7.130,2.657,0.390
0x887655fe0,1743,124,1458,mmvq_direct_21_r2,320,1,1,128,87.993,34.245,0.396
0x887655fe0,1743,124,1459,fused_gr_norm1_kernel,1,1,1,256,25.697,8.533,0.397
0x887655fe0,1743,124,1460,fused_gr_down_kernel,41,1,1,256,37.751,11.228,0.415
0x887655fe0,1743,124,1461,fused_gr_up_kernel,160,1,1,256,44.782,15.995,0.402
0x887655fe0,1743,124,1462,bf16_f32_mmvf_kernel,512,1,1,256,17.576,5.600,1.026
0x887655fe0,1743,124,1463,route,1,1,1,256,27.321,9.326,0.407
0x887655fe0,1743,124,1464,to_bf16_kernel,10,1,1,256,4.866,1.872,0.397
0x887655fe0,1743,124,1465,native_quantize_q8_1_kernel,10,1,1,256,7.188,2.572,0.395
0x887655fe0,1743,124,1466,native_iq4_xs_direct_r4,160,1,1,128,17.686,6.313,0.391
0x887655fe0,1743,124,1467,mmvq_direct_21_r2,80,1,1,128,23.816,8.461,0.398
0x887655fe0,1743,124,1468,shexp_native_swiglu_kernel,5,1,1,128,6.595,2.322,0.400
0x887655fe0,1743,124,1469,native_quantize_q8_1_kernel,3,1,1,256,5.934,2.160,0.386
0x887655fe0,1743,124,1470,native_iq4_nl_direct_r4,640,1,1,128,21.808,7.416,0.392
0x887655fe0,1743,124,1471,bf16_f32_mmvf_kernel,1,1,1,256,8.120,2.746,0.416
0x887655fe0,1743,124,1472,shexp_native_scalar_sigmoid_kernel,1,1,1,1,6.418,2.197,0.400
0x887655fe0,1743,124,1473,shexp_scale_rows_kernel,20,1,1,128,5.396,2.058,0.599
0x887655fe0,1743,124,1474,quantize_q8_1_kernel,10,1,1,256,7.365,2.628,0.439
0x887655fe0,1743,124,1475,native_resident_gu_22,160,10,1,256,208.455,82.856,3.314
0x887655fe0,1743,124,1476,swiglu_entries_kernel,25,1,1,256,7.441,2.308,2.074
0x887655fe0,1743,124,1477,quantize_q8_1_kernel,25,1,1,256,6.931,2.471,0.588
0x887655fe0,1743,124,1478,native_resident_down_direct_42_r4,80,10,1,256,118.358,45.846,0.709
0x887655fe0,1743,124,1479,nmoe_combine_kernel,10,1,1,256,9.951,3.332,0.405
0x887655fe0,1743,124,1480,fused_gr_norm1_kernel,1,1,1,256,24.491,8.343,0.382
0x887655fe0,1743,124,1481,fused_gr_down_kernel,41,1,1,256,36.336,10.382,0.377
0x887655fe0,1743,124,1482,fused_gr_up_kernel,160,1,1,256,44.693,15.270,0.400
0x887655fe0,1743,124,1483,native_quantize_q8_1_kernel,10,1,1,256,7.718,3.161,0.423
0x887655fe0,1743,124,1484,native_iq4_xs_direct_sg4,640,1,1,128,99.709,35.432,0.406
0x887655fe0,1743,124,1485,gdn_conv_l2_multi_kernel,80,1,1,128,9.148,2.463,0.415
0x887655fe0,1743,124,1486,gdn_ab_multi_kernel,12,1,1,256,19.808,6.619,0.393
0x887655fe0,1743,124,1487,native_iq4_xs_direct_sg4,384,1,1,128,66.760,24.075,0.406
0x887655fe0,1743,124,1488,gdn_step_norm_multi_tail_kernel,48,1,1,512,36.395,12.389,0.408
0x887655fe0,1743,124,1489,native_quantize_q8_1_kernel,24,1,1,256,7.398,2.628,0.387
0x887655fe0,1743,124,1490,mmvq_direct_21_r2,320,1,1,128,88.866,35.072,0.399
0x887655fe0,1743,124,1491,fused_gr_norm1_kernel,1,1,1,256,25.635,8.410,0.409
0x887655fe0,1743,124,1492,fused_gr_down_kernel,41,1,1,256,36.197,9.797,0.407
0x887655fe0,1743,124,1493,fused_gr_up_kernel,160,1,1,256,44.130,14.978,0.395
0x887655fe0,1743,124,1494,bf16_f32_mmvf_kernel,512,1,1,256,17.275,4.624,0.388
0x887655fe0,1743,124,1495,route,1,1,1,256,26.678,8.974,0.397
0x887655fe0,1743,124,1496,to_bf16_kernel,10,1,1,256,5.580,1.851,0.399
0x887655fe0,1743,124,1497,native_quantize_q8_1_kernel,10,1,1,256,6.900,2.267,0.420
0x887655fe0,1743,124,1498,native_iq4_xs_direct_r4,160,1,1,128,17.425,6.050,0.449
0x887655fe0,1743,124,1499,native_q6_k_mmvq_kernel_large,640,1,1,128,19.124,7.043,0.648
0x887655fe0,1743,124,1500,shexp_native_swiglu_kernel,5,1,1,128,6.895,2.562,0.382
0x887655fe0,1743,124,1501,native_quantize_q8_1_kernel,3,1,1,256,6.032,2.179,0.373
0x887655fe0,1743,124,1502,native_iq4_nl_direct_r4,640,1,1,128,21.153,7.214,0.586
0x887655fe0,1743,124,1503,bf16_f32_mmvf_kernel,1,1,1,256,8.043,2.918,0.787
0x887655fe0,1743,124,1504,shexp_native_scalar_sigmoid_kernel,1,1,1,1,6.518,3.582,0.402
0x887655fe0,1743,124,1505,shexp_scale_rows_kernel,20,1,1,128,5.800,2.137,0.621
0x887655fe0,1743,124,1506,quantize_q8_1_kernel,10,1,1,256,7.274,2.539,0.390
0x887655fe0,1743,124,1507,native_resident_gu_22,160,10,1,256,208.977,84.090,0.643
0x887655fe0,1743,124,1508,swiglu_entries_kernel,25,1,1,256,8.048,3.535,0.408
0x887655fe0,1743,124,1509,quantize_q8_1_kernel,25,1,1,256,6.593,2.432,0.375
0x887655fe0,1743,124,1510,native_resident_down_direct_42_r4,80,10,1,256,118.322,47.066,0.369
0x887655fe0,1743,124,1511,nmoe_combine_kernel,10,1,1,256,9.158,3.247,0.382
0x887655fe0,1743,124,1512,fused_gr_norm1_kernel,1,1,1,256,24.079,8.359,0.379
0x887655fe0,1743,124,1513,fused_gr_down_kernel,41,1,1,256,37.769,10.166,0.394
0x887655fe0,1743,124,1514,fused_gr_up_kernel,160,1,1,256,44.524,15.490,0.393
0x887655fe0,1743,124,1515,native_quantize_q8_1_kernel,10,1,1,256,7.611,2.733,0.390
0x887655fe0,1743,124,1516,native_iq4_xs_direct_sg4,640,1,1,128,99.376,36.925,0.390
0x887655fe0,1743,124,1517,gdn_conv_l2_multi_kernel,80,1,1,128,9.422,3.267,0.426
0x887655fe0,1743,124,1518,gdn_ab_multi_kernel,12,1,1,256,19.757,6.900,0.386
0x887655fe0,1743,124,1519,native_iq4_xs_direct_sg4,384,1,1,128,65.979,24.041,0.375
0x887655fe0,1743,124,1520,gdn_step_norm_multi_tail_kernel,48,1,1,512,35.549,12.386,376.389
0x887655fe0,1743,124,1521,native_quantize_q8_1_kernel,24,1,1,256,7.335,2.644,15.119
0x887655fe0,1743,124,1522,native_iq4_xs_direct_sg4,160,1,1,128,60.392,22.608,3.279
0x887655fe0,1743,124,1523,fused_gr_norm1_kernel,1,1,1,256,25.176,8.492,0.379
0x887655fe0,1743,124,1524,fused_gr_down_kernel,41,1,1,256,35.296,10.418,3.325
0x887655fe0,1743,124,1525,fused_gr_up_kernel,160,1,1,256,43.266,15.678,1.307
0x887655fe0,1743,124,1526,bf16_f32_mmvf_kernel,512,1,1,256,16.568,5.008,0.400
0x887655fe0,1743,124,1527,route,1,1,1,256,26.570,9.076,2.413
0x887655fe0,1743,124,1528,to_bf16_kernel,10,1,1,256,4.594,1.767,0.405
0x887655fe0,1743,124,1529,native_quantize_q8_1_kernel,10,1,1,256,6.759,2.472,0.440
0x887655fe0,1743,124,1530,native_q6_k_mmvq_kernel_large,640,1,1,128,18.929,7.201,1.348
0x887655fe0,1743,124,1531,native_iq4_xs_direct_r4,160,1,1,128,17.214,6.035,0.736
0x887655fe0,1743,124,1532,shexp_native_swiglu_kernel,5,1,1,128,6.357,2.252,0.662
0x887655fe0,1743,124,1533,native_quantize_q8_1_kernel,3,1,1,256,5.894,2.191,0.708
0x887655fe0,1743,124,1534,native_iq4_nl_direct_r4,640,1,1,128,20.817,7.036,4.983
0x887655fe0,1743,124,1535,bf16_f32_mmvf_kernel,1,1,1,256,7.965,2.714,1.069
0x887655fe0,1743,124,1536,shexp_native_scalar_sigmoid_kernel,1,1,1,1,6.002,2.084,1.275
0x887655fe0,1743,124,1537,shexp_scale_rows_kernel,20,1,1,128,4.969,1.795,2.907
0x887655fe0,1743,124,1538,quantize_q8_1_kernel,10,1,1,256,7.017,2.447,6.014
0x887655fe0,1743,124,1539,native_resident_gu_22,160,10,1,256,204.743,80.761,11.689
0x887655fe0,1743,124,1540,swiglu_entries_kernel,25,1,1,256,6.434,2.252,4.544
0x887655fe0,1743,124,1541,quantize_q8_1_kernel,25,1,1,256,6.641,2.345,0.384
0x887655fe0,1743,124,1542,native_resident_down_direct_42_r4,80,10,1,256,117.892,46.226,0.374
0x887655fe0,1743,124,1543,nmoe_combine_kernel,10,1,1,256,9.232,3.295,0.377
0x887655fe0,1743,124,1544,fused_gr_norm1_kernel,1,1,1,256,23.759,7.899,0.383
0x887655fe0,1743,124,1545,fused_gr_down_kernel,41,1,1,256,36.542,10.370,0.390
0x887655fe0,1743,124,1546,fused_gr_up_kernel,160,1,1,256,43.419,15.406,0.381
0x887655fe0,1743,124,1547,native_quantize_q8_1_kernel,10,1,1,256,7.274,2.536,2.029
0x887655fe0,1743,124,1548,bf16_f32_mmvf_kernel,128,1,1,256,9.676,3.191,1.249
0x887655fe0,1743,124,1549,native_iq4_xs_direct_r4,128,1,1,128,17.032,6.025,0.534
0x887655fe0,1743,124,1550,native_iq4_xs_direct_r4,128,1,1,128,15.406,5.750,0.475
0x887655fe0,1743,124,1551,nqs_norm_kernel,2,1,1,256,7.766,2.650,0.551
0x887655fe0,1743,124,1552,native_rope_apply_kernel,1,2,1,128,13.901,4.493,0.390
0x887655fe0,1743,124,1553,copy_from_mapped_kernel,1,1,1,256,6.206,2.134,0.389
0x887655fe0,1743,124,1554,kv_append_kernel,2,1,1,256,16.020,5.371,0.430
0x887655fe0,1743,124,1555,nqsi_append_kernel,1,1,1,256,12.070,5.069,2.970
0x887655fe0,1743,124,1556,native_iq4_xs_direct_sg4,768,1,1,128,117.141,42.691,2.845
0x887655fe0,1743,124,1557,runtime_copy2d16,1,24,1,128,5.724,2.413,0.463
0x887655fe0,1743,124,1558,nqs_norm_kernel,24,1,1,256,7.366,2.637,0.388
0x887655fe0,1743,124,1559,native_rope_apply_kernel,1,24,1,128,12.968,4.569,0.400
0x887655fe0,1743,124,1560,bf16_f32_mmvf_kernel,512,1,1,256,16.814,5.704,2.766
0x887655fe0,1743,124,1561,nqs_norm_kernel,4,1,1,256,6.822,2.374,1.109
0x887655fe0,1743,124,1562,native_rope_apply_kernel,1,4,1,128,9.766,3.681,1.397
0x887655fe0,1743,124,1563,block_scores_multi_kernel,256,1,1,256,19.031,6.819,0.901
0x887655fe0,1743,124,1564,block_topk_scan_kernel,1,1,1,256,57.195,21.554,0.672
0x887655fe0,1743,124,1565,attn_chunk_kernel_m0,33,2,1,256,151.239,56.922,0.385
0x887655fe0,1743,124,1566,attn_merge_kernel,24,1,1,256,44.392,16.368,0.384
0x887655fe0,1743,124,1567,nqs_gate_kernel,24,1,1,256,9.943,3.504,0.412
0x887655fe0,1743,124,1568,native_quantize_q8_1_kernel,24,1,1,256,7.041,2.711,0.411
0x887655fe0,1743,124,1569,native_iq4_xs_direct_sg4,160,1,1,128,61.367,22.101,0.422
0x887655fe0,1743,124,1570,fused_gr_norm1_kernel,1,1,1,256,25.099,8.360,0.405
0x887655fe0,1743,124,1571,fused_gr_down_kernel,41,1,1,256,37.739,10.780,0.399
0x887655fe0,1743,124,1572,fused_gr_up_kernel,160,1,1,256,44.752,15.422,0.524
0x887655fe0,1743,124,1573,bf16_f32_mmvf_kernel,512,1,1,256,17.473,4.967,0.706
0x887655fe0,1743,124,1574,route,1,1,1,256,26.909,9.249,0.382
0x887655fe0,1743,124,1575,to_bf16_kernel,10,1,1,256,5.681,1.909,0.410
0x887655fe0,1743,124,1576,native_quantize_q8_1_kernel,10,1,1,256,7.313,2.504,0.662
0x887655fe0,1743,124,1577,mmvq_direct_21_r2,80,1,1,128,25.455,8.958,0.559
0x887655fe0,1743,124,1578,native_iq4_xs_direct_r4,160,1,1,128,18.230,6.404,0.480
0x887655fe0,1743,124,1579,shexp_native_swiglu_kernel,5,1,1,128,6.471,2.150,0.516
0x887655fe0,1743,124,1580,native_quantize_q8_1_kernel,3,1,1,256,6.177,2.226,0.564
0x887655fe0,1743,124,1581,native_iq4_nl_direct_r4,640,1,1,128,21.516,7.403,0.607
0x887655fe0,1743,124,1582,bf16_f32_mmvf_kernel,1,1,1,256,8.273,2.860,0.481
0x887655fe0,1743,124,1583,shexp_native_scalar_sigmoid_kernel,1,1,1,1,6.239,2.155,0.562
0x887655fe0,1743,124,1584,shexp_scale_rows_kernel,20,1,1,128,6.046,2.735,0.762
0x887655fe0,1743,124,1585,quantize_q8_1_kernel,10,1,1,256,7.328,2.591,0.668
0x887655fe0,1743,124,1586,native_resident_gu_22,160,10,1,256,209.147,83.511,0.526
0x887655fe0,1743,124,1587,swiglu_entries_kernel,25,1,1,256,7.922,2.309,2.057
0x887655fe0,1743,124,1588,quantize_q8_1_kernel,25,1,1,256,6.963,2.566,0.400
0x887655fe0,1743,124,1589,native_resident_down_direct_42_r4,80,10,1,256,119.687,48.149,0.400
0x887655fe0,1743,124,1590,nmoe_combine_kernel,10,1,1,256,9.711,3.465,0.400
0x887655fe0,1743,124,1591,fused_gr_norm1_kernel,1,1,1,256,25.193,8.555,0.394
0x887655fe0,1743,124,1592,fused_gr_down_kernel,41,1,1,256,38.530,10.511,0.393
0x887655fe0,1743,124,1593,fused_gr_up_kernel,160,1,1,256,44.515,15.148,0.398
0x887655fe0,1743,124,1594,native_quantize_q8_1_kernel,10,1,1,256,7.882,2.569,0.385
0x887655fe0,1743,124,1595,native_iq4_xs_direct_sg4,640,1,1,128,100.927,36.570,0.382
0x887655fe0,1743,124,1596,gdn_conv_l2_multi_kernel,80,1,1,128,9.390,2.766,0.405
0x887655fe0,1743,124,1597,gdn_ab_multi_kernel,12,1,1,256,20.017,6.860,0.399
0x887655fe0,1743,124,1598,native_iq4_xs_direct_sg4,384,1,1,128,67.169,25.062,0.390
0x887655fe0,1743,124,1599,gdn_step_norm_multi_tail_kernel,48,1,1,512,36.071,11.869,0.422
0x887655fe0,1743,124,1600,native_quantize_q8_1_kernel,24,1,1,256,7.372,2.586,357.931
0x887655fe0,1743,124,1601,native_iq4_xs_direct_sg4,160,1,1,128,61.264,22.839,17.877
0x887655fe0,1743,124,1602,fused_gr_norm1_kernel,1,1,1,256,24.664,8.122,1.000
0x887655fe0,1743,124,1603,fused_gr_down_kernel,41,1,1,256,37.054,11.391,0.390
0x887655fe0,1743,124,1604,fused_gr_up_kernel,160,1,1,256,43.233,15.694,3.863
0x887655fe0,1743,124,1605,bf16_f32_mmvf_kernel,512,1,1,256,16.855,5.217,0.403
0x887655fe0,1743,124,1606,route,1,1,1,256,26.686,8.961,0.362
0x887655fe0,1743,124,1607,to_bf16_kernel,10,1,1,256,4.764,1.807,3.385
0x887655fe0,1743,124,1608,native_quantize_q8_1_kernel,10,1,1,256,6.704,2.416,0.611
0x887655fe0,1743,124,1609,native_q6_k_mmvq_kernel_large,640,1,1,128,19.213,7.249,0.983
0x887655fe0,1743,124,1610,native_iq4_xs_direct_r4,160,1,1,128,17.330,6.098,11.305
0x887655fe0,1743,124,1611,shexp_native_swiglu_kernel,5,1,1,128,6.370,2.239,1.395
0x887655fe0,1743,124,1612,native_quantize_q8_1_kernel,3,1,1,256,5.768,2.085,0.397
0x887655fe0,1743,124,1613,native_iq4_nl_direct_r4,640,1,1,128,20.718,7.024,4.254
0x887655fe0,1743,124,1614,bf16_f32_mmvf_kernel,1,1,1,256,7.883,2.708,8.698
0x887655fe0,1743,124,1615,shexp_native_scalar_sigmoid_kernel,1,1,1,1,6.156,2.416,2.070
0x887655fe0,1743,124,1616,shexp_scale_rows_kernel,20,1,1,128,5.017,1.891,4.302
0x887655fe0,1743,124,1617,quantize_q8_1_kernel,10,1,1,256,7.049,2.401,9.838
0x887655fe0,1743,124,1618,native_resident_gu_22,160,10,1,256,204.549,81.700,8.647
0x887655fe0,1743,124,1619,swiglu_entries_kernel,25,1,1,256,6.505,2.304,0.376
0x887655fe0,1743,124,1620,quantize_q8_1_kernel,25,1,1,256,6.677,2.396,0.396
0x887655fe0,1743,124,1621,native_resident_down_direct_42_r4,80,10,1,256,117.742,46.780,0.398
0x887655fe0,1743,124,1622,nmoe_combine_kernel,10,1,1,256,9.247,3.294,0.393
0x887655fe0,1743,124,1623,fused_gr_norm1_kernel,1,1,1,256,24.978,8.288,0.389
0x887655fe0,1743,124,1624,fused_gr_down_kernel,41,1,1,256,36.378,10.592,0.400
0x887655fe0,1743,124,1625,fused_gr_up_kernel,160,1,1,256,43.457,15.797,0.401
0x887655fe0,1743,124,1626,native_quantize_q8_1_kernel,10,1,1,256,7.285,2.625,0.379
0x887655fe0,1743,124,1627,native_iq4_xs_direct_sg4,640,1,1,128,99.876,37.671,0.371
0x887655fe0,1743,124,1628,gdn_conv_l2_multi_kernel,80,1,1,128,8.720,3.637,2.477
0x887655fe0,1743,124,1629,gdn_ab_multi_kernel,12,1,1,256,19.848,6.963,0.388
0x887655fe0,1743,124,1630,native_q6_k_mmvq_kernel_large,6144,1,1,128,119.352,64.404,0.436
0x887655fe0,1743,124,1631,gdn_step_norm_multi_tail_kernel,48,1,1,512,35.948,13.060,0.419
0x887655fe0,1743,124,1632,native_quantize_q8_1_kernel,24,1,1,256,7.170,2.666,0.405
0x887655fe0,1743,124,1633,native_iq4_xs_direct_sg4,160,1,1,128,61.632,23.987,0.468
0x887655fe0,1743,124,1634,fused_gr_norm1_kernel,1,1,1,256,25.323,8.888,3.949
0x887655fe0,1743,124,1635,fused_gr_down_kernel,41,1,1,256,36.103,10.718,3.200
0x887655fe0,1743,124,1636,fused_gr_up_kernel,160,1,1,256,44.407,16.220,3.198
0x887655fe0,1743,124,1637,bf16_f32_mmvf_kernel,512,1,1,256,17.202,5.009,0.407
0x887655fe0,1743,124,1638,route,1,1,1,256,26.709,9.473,0.393
0x887655fe0,1743,124,1639,to_bf16_kernel,10,1,1,256,5.578,2.046,0.383
0x887655fe0,1743,124,1640,native_quantize_q8_1_kernel,10,1,1,256,7.054,3.127,0.510
0x887655fe0,1743,124,1641,native_iq4_xs_direct_r4,160,1,1,128,17.577,6.408,0.606
0x887655fe0,1743,124,1642,mmvq_direct_21_r2,80,1,1,128,24.749,8.831,2.338
0x887655fe0,1743,124,1643,shexp_native_swiglu_kernel,5,1,1,128,6.758,2.044,4.697
0x887655fe0,1743,124,1644,native_quantize_q8_1_kernel,3,1,1,256,6.018,2.345,0.618
0x887655fe0,1743,124,1645,native_iq4_nl_direct_r4,640,1,1,128,21.322,7.419,0.406
0x887655fe0,1743,124,1646,bf16_f32_mmvf_kernel,1,1,1,256,8.160,2.782,0.541
0x887655fe0,1743,124,1647,shexp_native_scalar_sigmoid_kernel,1,1,1,1,6.225,2.168,0.387
0x887655fe0,1743,124,1648,shexp_scale_rows_kernel,20,1,1,128,5.532,2.249,0.642
0x887655fe0,1743,124,1649,quantize_q8_1_kernel,10,1,1,256,7.145,2.552,0.385
0x887655fe0,1743,124,1650,native_resident_gu_22,160,10,1,256,208.076,85.257,0.809
0x887655fe0,1743,124,1651,swiglu_entries_kernel,25,1,1,256,7.688,2.404,0.387
0x887655fe0,1743,124,1652,quantize_q8_1_kernel,25,1,1,256,6.847,2.602,0.406
0x887655fe0,1743,124,1653,native_resident_down_direct_42_r4,80,10,1,256,119.005,48.233,0.405
0x887655fe0,1743,124,1654,nmoe_combine_kernel,10,1,1,256,9.511,3.291,0.406
0x887655fe0,1743,124,1655,fused_gr_norm1_kernel,1,1,1,256,24.398,8.621,1.263
0x887655fe0,1743,124,1656,fused_gr_down_kernel,41,1,1,256,35.595,10.771,0.512
0x887655fe0,1743,124,1657,fused_gr_up_kernel,160,1,1,256,44.453,16.087,0.523
0x887655fe0,1743,124,1658,native_quantize_q8_1_kernel,10,1,1,256,7.578,2.503,0.420
0x887655fe0,1743,124,1659,native_iq4_xs_direct_sg4,640,1,1,128,99.513,37.099,0.631
0x887655fe0,1743,124,1660,gdn_conv_l2_multi_kernel,80,1,1,128,9.461,3.645,0.421
0x887655fe0,1743,124,1661,gdn_ab_multi_kernel,12,1,1,256,19.833,7.228,0.471
0x887655fe0,1743,124,1662,native_iq4_xs_direct_sg4,384,1,1,128,66.593,25.209,0.478
0x887655fe0,1743,124,1663,gdn_step_norm_multi_tail_kernel,48,1,1,512,35.531,12.345,0.401
0x887655fe0,1743,124,1664,native_quantize_q8_1_kernel,24,1,1,256,7.924,2.391,0.428
0x887655fe0,1743,124,1665,native_iq4_xs_direct_sg4,160,1,1,128,60.527,23.282,0.635
0x887655fe0,1743,124,1666,fused_gr_norm1_kernel,1,1,1,256,24.990,8.816,0.412
0x887655fe0,1743,124,1667,fused_gr_down_kernel,41,1,1,256,36.353,10.261,0.381
0x887655fe0,1743,124,1668,fused_gr_up_kernel,160,1,1,256,44.581,15.525,0.409
0x887655fe0,1743,124,1669,bf16_f32_mmvf_kernel,512,1,1,256,17.164,5.000,0.421
0x887655fe0,1743,124,1670,route,1,1,1,256,26.524,9.356,0.519
0x887655fe0,1743,124,1671,to_bf16_kernel,10,1,1,256,5.904,2.083,0.430
0x887655fe0,1743,124,1672,native_quantize_q8_1_kernel,10,1,1,256,6.763,2.421,0.462
0x887655fe0,1743,124,1673,native_iq4_xs_direct_r4,160,1,1,128,17.920,6.364,0.575
0x887655fe0,1743,124,1674,native_iq4_xs_direct_r4,160,1,1,128,16.881,5.761,0.620
0x887655fe0,1743,124,1675,shexp_native_swiglu_kernel,5,1,1,128,6.512,2.405,0.520
0x887655fe0,1743,124,1676,native_quantize_q8_1_kernel,3,1,1,256,6.376,1.946,0.380
0x887655fe0,1743,124,1677,native_iq4_nl_direct_r4,640,1,1,128,21.006,7.450,0.608
0x887655fe0,1743,124,1678,bf16_f32_mmvf_kernel,1,1,1,256,8.124,2.849,0.407
0x887655fe0,1743,124,1679,shexp_native_scalar_sigmoid_kernel,1,1,1,1,6.188,2.253,0.606
0x887655fe0,1743,124,1680,shexp_scale_rows_kernel,20,1,1,128,5.506,2.056,349.344
0x887655fe0,1743,124,1681,quantize_q8_1_kernel,10,1,1,256,7.212,2.572,15.457
0x887655fe0,1743,124,1682,native_resident_gu_22,160,10,1,256,207.165,83.592,51.417
0x887655fe0,1743,124,1683,swiglu_entries_kernel,25,1,1,256,6.540,2.352,0.393
0x887655fe0,1743,124,1684,quantize_q8_1_kernel,25,1,1,256,7.192,6.545,11.197
0x887655fe0,1743,124,1685,native_resident_down_direct_42_r4,80,10,1,256,118.644,47.916,0.379
0x887655fe0,1743,124,1686,nmoe_combine_kernel,10,1,1,256,9.483,3.273,2.627
0x887655fe0,1743,124,1687,fused_gr_norm1_kernel,1,1,1,256,23.628,8.016,3.706
0x887655fe0,1743,124,1688,fused_gr_down_kernel,41,1,1,256,36.812,12.245,0.691
0x887655fe0,1743,124,1689,fused_gr_up_kernel,160,1,1,256,43.939,16.145,3.256
0x887655fe0,1743,124,1690,native_quantize_q8_1_kernel,10,1,1,256,7.103,2.441,3.942
0x887655fe0,1743,124,1691,bf16_f32_mmvf_kernel,128,1,1,256,9.932,3.245,1.717
0x887655fe0,1743,124,1692,native_q6_k_mmvq_kernel_large,512,1,1,128,17.278,6.177,0.867
0x887655fe0,1743,124,1693,native_q6_k_mmvq_kernel_large,512,1,1,128,16.433,6.309,1.108
0x887655fe0,1743,124,1694,nqs_norm_kernel,2,1,1,256,7.836,3.018,2.258
0x887655fe0,1743,124,1695,native_rope_apply_kernel,1,2,1,128,13.870,4.727,0.556
0x887655fe0,1743,124,1696,copy_from_mapped_kernel,1,1,1,256,5.951,2.750,4.104
0x887655fe0,1743,124,1697,kv_append_kernel,2,1,1,256,15.784,5.298,0.594
0x887655fe0,1743,124,1698,nqsi_append_kernel,1,1,1,256,12.024,5.054,0.885
0x887655fe0,1743,124,1699,native_iq4_xs_direct_sg4,768,1,1,128,115.547,42.975,0.568
0x887655fe0,1743,124,1700,runtime_copy2d16,1,24,1,128,5.348,2.116,0.407
0x887655fe0,1743,124,1701,nqs_norm_kernel,24,1,1,256,7.248,2.580,0.395
0x887655fe0,1743,124,1702,native_rope_apply_kernel,1,24,1,128,13.288,4.473,0.393
0x887655fe0,1743,124,1703,bf16_f32_mmvf_kernel,512,1,1,256,17.064,5.228,0.787
0x887655fe0,1743,124,1704,nqs_norm_kernel,4,1,1,256,6.829,2.380,4.123
0x887655fe0,1743,124,1705,native_rope_apply_kernel,1,4,1,128,9.614,3.712,0.721
0x887655fe0,1743,124,1706,block_scores_multi_kernel,256,1,1,256,18.831,6.628,0.503
0x887655fe0,1743,124,1707,block_topk_scan_kernel,1,1,1,256,57.041,21.567,0.896
0x887655fe0,1743,124,1708,attn_chunk_kernel_m0,33,2,1,256,150.672,56.826,4.147
0x887655fe0,1743,124,1709,attn_merge_kernel,24,1,1,256,44.100,16.182,0.390
0x887655fe0,1743,124,1710,nqs_gate_kernel,24,1,1,256,9.895,3.172,0.377
0x887655fe0,1743,124,1711,native_quantize_q8_1_kernel,24,1,1,256,7.275,2.561,0.661
0x887655fe0,1743,124,1712,native_iq4_xs_direct_sg4,160,1,1,128,62.631,22.458,0.668
0x887655fe0,1743,124,1713,fused_gr_norm1_kernel,1,1,1,256,25.286,8.355,0.407
0x887655fe0,1743,124,1714,fused_gr_down_kernel,41,1,1,256,38.310,13.518,0.399
0x887655fe0,1743,124,1715,fused_gr_up_kernel,160,1,1,256,44.715,16.670,0.387
0x887655fe0,1743,124,1716,bf16_f32_mmvf_kernel,512,1,1,256,17.945,6.271,5.327
0x887655fe0,1743,124,1717,route,1,1,1,256,27.211,9.379,0.890
0x887655fe0,1743,124,1718,to_bf16_kernel,10,1,1,256,5.425,1.876,0.494
0x887655fe0,1743,124,1719,native_quantize_q8_1_kernel,10,1,1,256,7.059,2.536,0.715
0x887655fe0,1743,124,1720,native_iq4_xs_direct_r4,160,1,1,128,18.178,6.591,0.634
0x887655fe0,1743,124,1721,native_iq4_xs_direct_r4,160,1,1,128,16.435,5.850,0.862
0x887655fe0,1743,124,1722,shexp_native_swiglu_kernel,5,1,1,128,6.605,2.239,5.109
0x887655fe0,1743,124,1723,native_quantize_q8_1_kernel,3,1,1,256,6.222,2.139,0.660
0x887655fe0,1743,124,1724,native_iq4_nl_direct_r4,640,1,1,128,21.397,7.644,1.480
0x887655fe0,1743,124,1725,bf16_f32_mmvf_kernel,1,1,1,256,8.240,2.983,0.624
0x887655fe0,1743,124,1726,shexp_native_scalar_sigmoid_kernel,1,1,1,1,6.284,2.290,2.524
0x887655fe0,1743,124,1727,shexp_scale_rows_kernel,20,1,1,128,5.884,2.315,0.551
0x887655fe0,1743,124,1728,quantize_q8_1_kernel,10,1,1,256,7.316,2.654,1.184
0x887655fe0,1743,124,1729,native_resident_gu_22,160,10,1,256,208.336,83.470,0.798
0x887655fe0,1743,124,1730,swiglu_entries_kernel,25,1,1,256,7.794,2.971,0.402
0x887655fe0,1743,124,1731,quantize_q8_1_kernel,25,1,1,256,6.790,2.499,0.358
0x887655fe0,1743,124,1732,native_resident_down_direct_42_r4,80,10,1,256,118.386,47.581,2.553
0x887655fe0,1743,124,1733,nmoe_combine_kernel,10,1,1,256,9.695,3.349,0.421
0x887655fe0,1743,124,1734,native_gr_post_kernel,40,1,1,256,9.389,3.277,0.395
0x887655fe0,1743,124,1735,weighted_rms_norm,4,1,1,1024,10.469,3.424,0.409
0x887655fe0,1743,124,1736,bf16_f32_mmvf_kernel,320,1,1,256,32.895,9.855,0.502
0x887655fe0,1743,124,1737,native_gr_down_silu_kernel,2,1,1,256,6.843,2.241,0.433
0x887655fe0,1743,124,1738,bf16_f32_mmvf_kernel,10240,1,1,160,84.687,32.925,0.784
0x887655fe0,1743,124,1739,native_gr_pre_gated_kernel,10,1,1,256,11.586,3.744,0.391
0x887655fe0,1743,124,1740,native_quantize_q8_1_kernel,10,1,1,256,6.918,2.491,0.387
0x887655fe0,1743,124,1741,native_iq4_xs_direct_sg4,15520,1,1,128,1926.430,728.955,0.409
0x887655fe0,1743,124,1742,sampler_greedy_kernel,1,1,1,1024,178.298,67.177,0.691
