tape,entries,launches,entry,kernel,grid_x,grid_y,grid_z,threads,mean_us,sd_us,gap_us
0x85b00b940,134,128,0,copy_i32_from_mapped_kernel,1,1,1,128,5.820,1.810,0.000
0x85b00b940,134,128,1,gdn_conv_commit_kernel,40,1,1,256,6.941,1.867,5.280
0x85b00b940,134,128,2,gdn_step_norm_multi_kernel,48,1,1,512,39.705,11.342,15.276
0x85b00b940,134,128,3,gdn_conv_commit_kernel,40,1,1,256,6.511,1.730,11.947
0x85b00b940,134,128,4,gdn_step_norm_multi_kernel,48,1,1,512,39.807,10.161,1.212
0x85b00b940,134,128,5,gdn_conv_commit_kernel,40,1,1,256,6.523,1.701,0.636
0x85b00b940,134,128,6,gdn_step_norm_multi_kernel,48,1,1,512,42.250,10.593,0.508
0x85b00b940,134,128,7,copy_from_mapped_kernel,1,1,1,256,4.809,1.315,0.356
0x85b00b940,134,128,8,nqsi_append_kernel,1,1,1,256,10.888,4.341,0.412
0x85b00b940,134,128,9,nqsi_append_kernel,1,1,1,256,5.506,1.727,0.369
0x85b00b940,134,128,10,nqsi_append_kernel,1,1,1,256,5.650,2.133,0.426
0x85b00b940,134,128,11,nqsi_append_kernel,1,1,1,256,5.488,1.655,0.376
0x85b00b940,134,128,12,gdn_conv_commit_kernel,40,1,1,256,6.593,1.716,3.222
0x85b00b940,134,128,13,gdn_step_norm_multi_kernel,48,1,1,512,41.620,11.016,0.907
0x85b00b940,134,128,14,gdn_conv_commit_kernel,40,1,1,256,7.131,6.803,1.328
0x85b00b940,134,128,15,gdn_step_norm_multi_kernel,48,1,1,512,41.478,11.650,0.465
0x85b00b940,134,128,16,gdn_conv_commit_kernel,40,1,1,256,6.568,1.768,0.465
0x85b00b940,134,128,17,gdn_step_norm_multi_kernel,48,1,1,512,41.041,11.344,0.350
0x85b00b940,134,128,18,copy_from_mapped_kernel,1,1,1,256,4.729,1.413,0.390
0x85b00b940,134,128,19,nqsi_append_kernel,1,1,1,256,9.501,3.986,1.449
0x85b00b940,134,128,20,nqsi_append_kernel,1,1,1,256,5.507,1.714,4.229
0x85b00b940,134,128,21,nqsi_append_kernel,1,1,1,256,5.572,1.762,0.455
0x85b00b940,134,128,22,nqsi_append_kernel,1,1,1,256,5.441,1.712,0.454
0x85b00b940,134,128,23,gdn_conv_commit_kernel,40,1,1,256,6.504,1.688,6.703
0x85b00b940,134,128,24,gdn_step_norm_multi_kernel,48,1,1,512,40.955,10.845,2.029
0x85b00b940,134,128,25,gdn_conv_commit_kernel,40,1,1,256,6.627,1.929,0.666
0x85b00b940,134,128,26,gdn_step_norm_multi_kernel,48,1,1,512,40.925,10.633,0.397
0x85b00b940,134,128,27,gdn_conv_commit_kernel,40,1,1,256,6.559,1.641,0.333
0x85b00b940,134,128,28,gdn_step_norm_multi_kernel,48,1,1,512,41.881,10.584,0.331
0x85b00b940,134,128,29,copy_from_mapped_kernel,1,1,1,256,4.790,1.438,0.370
0x85b00b940,134,128,30,nqsi_append_kernel,1,1,1,256,9.487,3.714,0.474
0x85b00b940,134,128,31,nqsi_append_kernel,1,1,1,256,5.489,1.666,0.326
0x85b00b940,134,128,32,nqsi_append_kernel,1,1,1,256,5.513,1.722,0.712
0x85b00b940,134,128,33,nqsi_append_kernel,1,1,1,256,5.492,1.711,0.408
0x85b00b940,134,128,34,gdn_conv_commit_kernel,40,1,1,256,6.544,1.711,0.796
0x85b00b940,134,128,35,gdn_step_norm_multi_kernel,48,1,1,512,42.974,12.531,0.813
0x85b00b940,134,128,36,gdn_conv_commit_kernel,40,1,1,256,6.946,4.759,0.336
0x85b00b940,134,128,37,gdn_step_norm_multi_kernel,48,1,1,512,43.298,10.996,0.410
0x85b00b940,134,128,38,gdn_conv_commit_kernel,40,1,1,256,6.669,1.585,0.343
0x85b00b940,134,128,39,gdn_step_norm_multi_kernel,48,1,1,512,43.400,10.594,0.484
0x85b00b940,134,128,40,copy_from_mapped_kernel,1,1,1,256,4.709,1.292,1.204
0x85b00b940,134,128,41,nqsi_append_kernel,1,1,1,256,9.519,3.838,1.092
0x85b00b940,134,128,42,nqsi_append_kernel,1,1,1,256,5.605,1.795,0.392
0x85b00b940,134,128,43,nqsi_append_kernel,1,1,1,256,5.487,1.671,8.132
0x85b00b940,134,128,44,nqsi_append_kernel,1,1,1,256,5.468,1.693,0.345
0x85b00b940,134,128,45,gdn_conv_commit_kernel,40,1,1,256,6.634,1.652,1.002
0x85b00b940,134,128,46,gdn_step_norm_multi_kernel,48,1,1,512,44.195,10.714,0.355
0x85b00b940,134,128,47,gdn_conv_commit_kernel,40,1,1,256,6.722,1.673,0.340
0x85b00b940,134,128,48,gdn_step_norm_multi_kernel,48,1,1,512,44.724,10.669,0.378
0x85b00b940,134,128,49,gdn_conv_commit_kernel,40,1,1,256,6.677,1.682,0.348
0x85b00b940,134,128,50,gdn_step_norm_multi_kernel,48,1,1,512,45.293,10.801,1.130
0x85b00b940,134,128,51,copy_from_mapped_kernel,1,1,1,256,4.701,1.433,0.334
0x85b00b940,134,128,52,nqsi_append_kernel,1,1,1,256,9.164,3.478,0.329
0x85b00b940,134,128,53,nqsi_append_kernel,1,1,1,256,5.532,1.645,0.398
0x85b00b940,134,128,54,nqsi_append_kernel,1,1,1,256,5.633,2.038,0.361
0x85b00b940,134,128,55,nqsi_append_kernel,1,1,1,256,5.499,1.677,0.362
0x85b00b940,134,128,56,gdn_conv_commit_kernel,40,1,1,256,6.595,1.659,0.744
0x85b00b940,134,128,57,gdn_step_norm_multi_kernel,48,1,1,512,45.342,10.653,0.356
0x85b00b940,134,128,58,gdn_conv_commit_kernel,40,1,1,256,6.686,1.655,0.893
0x85b00b940,134,128,59,gdn_step_norm_multi_kernel,48,1,1,512,45.316,10.661,0.510
0x85b00b940,134,128,60,gdn_conv_commit_kernel,40,1,1,256,6.788,1.664,0.317
0x85b00b940,134,128,61,gdn_step_norm_multi_kernel,48,1,1,512,50.955,61.701,0.840
0x85b00b940,134,128,62,copy_from_mapped_kernel,1,1,1,256,5.405,8.149,0.342
0x85b00b940,134,128,63,nqsi_append_kernel,1,1,1,256,9.517,5.039,0.423
0x85b00b940,134,128,64,nqsi_append_kernel,1,1,1,256,5.537,1.628,0.425
0x85b00b940,134,128,65,nqsi_append_kernel,1,1,1,256,5.431,1.652,0.356
0x85b00b940,134,128,66,nqsi_append_kernel,1,1,1,256,5.455,1.628,0.582
0x85b00b940,134,128,67,gdn_conv_commit_kernel,40,1,1,256,6.751,1.711,0.356
0x85b00b940,134,128,68,gdn_step_norm_multi_kernel,48,1,1,512,45.722,10.598,0.387
0x85b00b940,134,128,69,gdn_conv_commit_kernel,40,1,1,256,6.835,1.832,0.370
0x85b00b940,134,128,70,gdn_step_norm_multi_kernel,48,1,1,512,46.053,10.792,0.643
0x85b00b940,134,128,71,gdn_conv_commit_kernel,40,1,1,256,6.786,1.695,1.032
0x85b00b940,134,128,72,gdn_step_norm_multi_kernel,48,1,1,512,46.022,10.717,0.366
0x85b00b940,134,128,73,copy_from_mapped_kernel,1,1,1,256,4.640,1.297,0.335
0x85b00b940,134,128,74,nqsi_append_kernel,1,1,1,256,9.243,3.658,0.377
0x85b00b940,134,128,75,nqsi_append_kernel,1,1,1,256,5.465,1.619,0.338
0x85b00b940,134,128,76,nqsi_append_kernel,1,1,1,256,5.674,1.897,0.336
0x85b00b940,134,128,77,nqsi_append_kernel,1,1,1,256,5.520,1.736,0.703
0x85b00b940,134,128,78,gdn_conv_commit_kernel,40,1,1,256,6.747,1.740,0.448
0x85b00b940,134,128,79,gdn_step_norm_multi_kernel,48,1,1,512,45.705,10.656,0.828
0x85b00b940,134,128,80,gdn_conv_commit_kernel,40,1,1,256,7.719,5.773,370.216
0x85b00b940,134,128,81,gdn_step_norm_multi_kernel,48,1,1,512,45.341,10.631,3.094
0x85b00b940,134,128,82,gdn_conv_commit_kernel,40,1,1,256,6.669,1.598,6.085
0x85b00b940,134,128,83,gdn_step_norm_multi_kernel,48,1,1,512,45.293,10.595,6.892
0x85b00b940,134,128,84,copy_from_mapped_kernel,1,1,1,256,4.662,1.249,2.170
0x85b00b940,134,128,85,nqsi_append_kernel,1,1,1,256,9.252,3.663,1.002
0x85b00b940,134,128,86,nqsi_append_kernel,1,1,1,256,5.443,1.654,2.121
0x85b00b940,134,128,87,nqsi_append_kernel,1,1,1,256,5.480,1.702,0.380
0x85b00b940,134,128,88,nqsi_append_kernel,1,1,1,256,5.478,1.932,0.631
0x85b00b940,134,128,89,gdn_conv_commit_kernel,40,1,1,256,6.628,1.632,3.499
0x85b00b940,134,128,90,gdn_step_norm_multi_kernel,48,1,1,512,45.566,10.672,4.731
0x85b00b940,134,128,91,gdn_conv_commit_kernel,40,1,1,256,6.665,1.650,2.811
0x85b00b940,134,128,92,gdn_step_norm_multi_kernel,48,1,1,512,45.343,10.598,2.076
0x85b00b940,134,128,93,gdn_conv_commit_kernel,40,1,1,256,6.916,3.603,1.692
0x85b00b940,134,128,94,gdn_step_norm_multi_kernel,48,1,1,512,45.469,10.800,1.169
0x85b00b940,134,128,95,copy_from_mapped_kernel,1,1,1,256,4.830,2.169,0.329
0x85b00b940,134,128,96,nqsi_append_kernel,1,1,1,256,9.148,3.577,0.615
0x85b00b940,134,128,97,nqsi_append_kernel,1,1,1,256,5.442,1.602,0.394
0x85b00b940,134,128,98,nqsi_append_kernel,1,1,1,256,5.406,1.607,0.750
0x85b00b940,134,128,99,nqsi_append_kernel,1,1,1,256,5.348,1.629,0.394
0x85b00b940,134,128,100,gdn_conv_commit_kernel,40,1,1,256,6.692,2.026,0.699
0x85b00b940,134,128,101,gdn_step_norm_multi_kernel,48,1,1,512,45.288,10.005,2.001
0x85b00b940,134,128,102,gdn_conv_commit_kernel,40,1,1,256,6.624,1.549,1.704
0x85b00b940,134,128,103,gdn_step_norm_multi_kernel,48,1,1,512,45.237,9.908,0.360
0x85b00b940,134,128,104,gdn_conv_commit_kernel,40,1,1,256,6.657,1.534,1.539
0x85b00b940,134,128,105,gdn_step_norm_multi_kernel,48,1,1,512,45.475,10.077,0.323
0x85b00b940,134,128,106,copy_from_mapped_kernel,1,1,1,256,4.697,1.288,0.917
0x85b00b940,134,128,107,nqsi_append_kernel,1,1,1,256,9.251,3.696,0.343
0x85b00b940,134,128,108,nqsi_append_kernel,1,1,1,256,5.365,1.610,0.383
0x85b00b940,134,128,109,nqsi_append_kernel,1,1,1,256,5.400,1.647,1.155
0x85b00b940,134,128,110,nqsi_append_kernel,1,1,1,256,5.303,1.640,1.467
0x85b00b940,134,128,111,gdn_conv_commit_kernel,40,1,1,256,6.715,1.619,0.626
0x85b00b940,134,128,112,gdn_step_norm_multi_kernel,48,1,1,512,45.403,10.033,1.556
0x85b00b940,134,128,113,gdn_conv_commit_kernel,40,1,1,256,6.560,1.534,0.321
0x85b00b940,134,128,114,gdn_step_norm_multi_kernel,48,1,1,512,45.286,10.125,0.599
0x85b00b940,134,128,115,gdn_conv_commit_kernel,40,1,1,256,6.785,1.673,2.625
0x85b00b940,134,128,116,gdn_step_norm_multi_kernel,48,1,1,512,45.519,10.257,0.539
0x85b00b940,134,128,117,copy_from_mapped_kernel,1,1,1,256,4.769,1.404,0.373
0x85b00b940,134,128,118,nqsi_append_kernel,1,1,1,256,9.217,3.624,0.627
0x85b00b940,134,128,119,nqsi_append_kernel,1,1,1,256,6.197,8.943,0.606
0x85b00b940,134,128,120,nqsi_append_kernel,1,1,1,256,5.391,1.680,0.520
0x85b00b940,134,128,121,nqsi_append_kernel,1,1,1,256,5.410,1.683,0.530
0x85b00b940,134,128,122,gdn_conv_commit_kernel,40,1,1,256,6.676,1.595,0.871
0x85b00b940,134,128,123,gdn_step_norm_multi_kernel,48,1,1,512,45.777,10.461,11.487
0x85b00b940,134,128,124,gdn_conv_commit_kernel,40,1,1,256,6.686,1.640,0.609
0x85b00b940,134,128,125,gdn_step_norm_multi_kernel,48,1,1,512,45.601,10.512,0.659
0x85b00b940,134,128,126,gdn_conv_commit_kernel,40,1,1,256,6.673,1.676,0.500
0x85b00b940,134,128,127,gdn_step_norm_multi_kernel,48,1,1,512,45.768,10.234,0.650
0x85b00b940,134,128,128,copy_from_mapped_kernel,1,1,1,256,5.060,4.377,0.380
0x85b00b940,134,128,129,nqsi_append_kernel,1,1,1,256,9.436,3.643,0.563
0x85b00b940,134,128,130,nqsi_append_kernel,1,1,1,256,5.447,1.790,0.627
0x85b00b940,134,128,131,nqsi_append_kernel,1,1,1,256,5.412,1.725,0.630
0x85b00b940,134,128,132,nqsi_append_kernel,1,1,1,256,5.454,1.646,3.126
0x85b00b940,134,128,133,copy_indexed_kernel,64,1,1,256,9.482,2.055,0.829
0x85b1c4060,1743,124,0,copy_i32_from_mapped_kernel,1,1,1,128,8.273,12.811,0.000
0x85b1c4060,1743,124,1,copy_i32_from_mapped_kernel,1,1,1,128,5.494,2.336,2.307
0x85b1c4060,1743,124,2,copy_i32_from_mapped_kernel,1,1,1,128,4.810,1.247,0.712
0x85b1c4060,1743,124,3,copy_from_mapped_kernel,3,1,1,256,6.201,1.636,1.060
0x85b1c4060,1743,124,4,embed_rows_kernel,10,1,1,32,9.593,2.152,2.500
0x85b1c4060,1743,124,5,broadcast_streams_kernel,40,1,1,256,6.951,1.917,14.936
0x85b1c4060,1743,124,6,fused_gr_norm1_kernel,1,1,1,256,20.572,4.575,0.543
0x85b1c4060,1743,124,7,fused_gr_down_kernel,41,1,1,256,45.583,6.414,1.811
0x85b1c4060,1743,124,8,fused_gr_up_kernel,160,1,1,256,43.743,6.537,1.970
0x85b1c4060,1743,124,9,native_quantize_q8_1_kernel,10,1,1,256,6.668,1.800,0.402
0x85b1c4060,1743,124,10,native_iq4_xs_direct_r4,2560,1,1,128,106.444,25.540,1.677
0x85b1c4060,1743,124,11,gdn_conv_l2_multi_kernel,80,1,1,128,7.981,2.405,0.458
0x85b1c4060,1743,124,12,gdn_ab_multi_kernel,12,1,1,256,18.784,4.701,0.409
0x85b1c4060,1743,124,13,mmvq_direct_21_r2,768,1,1,128,83.703,26.789,2.047
0x85b1c4060,1743,124,14,gdn_step_norm_multi_kernel,48,1,1,512,29.966,7.069,0.396
0x85b1c4060,1743,124,15,native_quantize_q8_1_kernel,24,1,1,256,6.628,5.842,0.390
0x85b1c4060,1743,124,16,native_iq4_xs_direct_r4,640,1,1,128,58.971,15.502,0.371
0x85b1c4060,1743,124,17,fused_gr_norm1_kernel,1,1,1,256,23.448,5.682,0.365
0x85b1c4060,1743,124,18,fused_gr_down_kernel,41,1,1,256,32.248,5.482,0.358
0x85b1c4060,1743,124,19,fused_gr_up_kernel,160,1,1,256,38.090,10.018,0.353
0x85b1c4060,1743,124,20,bf16_f32_mmvf_kernel,512,1,1,256,16.205,12.279,0.350
0x85b1c4060,1743,124,21,route,1,1,1,256,24.037,5.914,0.392
0x85b1c4060,1743,124,22,to_bf16_kernel,10,1,1,256,4.275,1.365,0.385
0x85b1c4060,1743,124,23,native_quantize_q8_1_kernel,10,1,1,256,6.112,1.787,0.376
0x85b1c4060,1743,124,24,mmvq_direct_21_r2,80,1,1,128,21.784,5.662,0.390
0x85b1c4060,1743,124,25,native_iq4_xs_direct_r4,160,1,1,128,15.184,4.044,1.950
0x85b1c4060,1743,124,26,shexp_native_swiglu_kernel,5,1,1,128,6.184,1.519,0.374
0x85b1c4060,1743,124,27,native_quantize_q8_1_kernel,3,1,1,256,6.441,13.966,0.344
0x85b1c4060,1743,124,28,native_iq4_nl_direct_r4,640,1,1,128,18.562,4.619,0.347
0x85b1c4060,1743,124,29,bf16_f32_mmvf_kernel,1,1,1,256,7.046,1.731,0.751
0x85b1c4060,1743,124,30,shexp_native_scalar_sigmoid_kernel,1,1,1,1,5.558,1.363,0.487
0x85b1c4060,1743,124,31,shexp_scale_rows_kernel,20,1,1,128,4.865,1.422,0.543
0x85b1c4060,1743,124,32,quantize_q8_1_kernel,10,1,1,256,6.344,1.568,0.374
0x85b1c4060,1743,124,33,native_resident_gu_22,160,10,1,256,177.078,59.233,0.612
0x85b1c4060,1743,124,34,swiglu_entries_kernel,25,1,1,256,6.525,2.047,0.361
0x85b1c4060,1743,124,35,quantize_q8_1_kernel,25,1,1,256,5.941,1.630,0.346
0x85b1c4060,1743,124,36,native_resident_down_direct_42_r4,80,10,1,256,100.786,32.715,0.350
0x85b1c4060,1743,124,37,nmoe_combine_kernel,10,1,1,256,8.381,2.265,0.358
0x85b1c4060,1743,124,38,native_gr_post_kernel,40,1,1,256,8.459,2.234,0.342
0x85b1c4060,1743,124,39,bf16_f32_mmvf_kernel,10240,1,1,256,153.865,15.816,0.345
0x85b1c4060,1743,124,40,bf16_f32_mmvf_kernel,2560,1,1,256,44.983,7.663,0.453
0x85b1c4060,1743,124,41,weighted_rms_norm,4,1,1,1024,9.058,2.193,0.372
0x85b1c4060,1743,124,42,weighted_rms_norm,4,1,1,1024,8.124,2.149,0.383
0x85b1c4060,1743,124,43,nple_gate_kernel,4,1,1,512,6.682,1.839,0.366
0x85b1c4060,1743,124,44,nple_broadcast_kernel,40,1,1,256,5.041,1.605,0.372
0x85b1c4060,1743,124,45,weighted_rms_norm,4,1,1,1024,7.666,2.208,0.384
0x85b1c4060,1743,124,46,nple_conv_residual_kernel,40,1,1,256,9.449,2.201,1.366
0x85b1c4060,1743,124,47,copy(compute),40960,1,1,0,4.825,1.853,0.353
0x85b1c4060,1743,124,48,history_advance_kernel,40,1,1,256,5.730,1.594,0.373
0x85b1c4060,1743,124,49,copy_from_mapped_kernel,64,1,1,256,6.141,1.929,0.349
0x85b1c4060,1743,124,50,fused_gr_norm1_kernel,1,1,1,256,18.789,4.163,0.354
0x85b1c4060,1743,124,51,fused_gr_down_kernel,41,1,1,256,32.301,4.982,4.011
0x85b1c4060,1743,124,52,fused_gr_up_kernel,160,1,1,256,33.076,6.785,0.344
0x85b1c4060,1743,124,53,native_quantize_q8_1_kernel,10,1,1,256,6.907,2.162,0.373
0x85b1c4060,1743,124,54,native_iq4_xs_direct_r4,2560,1,1,128,95.327,29.273,0.405
0x85b1c4060,1743,124,55,gdn_conv_l2_multi_kernel,80,1,1,128,7.814,1.849,0.350
0x85b1c4060,1743,124,56,gdn_ab_multi_kernel,12,1,1,256,17.611,4.077,0.344
0x85b1c4060,1743,124,57,mmvq_direct_21_r2,768,1,1,128,83.890,31.245,0.347
0x85b1c4060,1743,124,58,gdn_step_norm_multi_kernel,48,1,1,512,29.322,6.159,0.342
0x85b1c4060,1743,124,59,native_quantize_q8_1_kernel,24,1,1,256,6.743,2.064,0.306
0x85b1c4060,1743,124,60,native_iq4_xs_direct_r4,640,1,1,128,55.772,13.319,0.313
0x85b1c4060,1743,124,61,fused_gr_norm1_kernel,1,1,1,256,21.942,5.095,0.328
0x85b1c4060,1743,124,62,fused_gr_down_kernel,41,1,1,256,31.099,3.998,0.325
0x85b1c4060,1743,124,63,fused_gr_up_kernel,160,1,1,256,39.181,19.674,0.325
0x85b1c4060,1743,124,64,bf16_f32_mmvf_kernel,512,1,1,256,14.744,2.367,0.351
0x85b1c4060,1743,124,65,route,1,1,1,256,23.209,5.501,0.346
0x85b1c4060,1743,124,66,to_bf16_kernel,10,1,1,256,5.401,7.483,0.342
0x85b1c4060,1743,124,67,native_quantize_q8_1_kernel,10,1,1,256,6.314,1.749,0.341
0x85b1c4060,1743,124,68,native_q6_k_mmvq_kernel_large,640,1,1,128,15.806,4.691,1.972
0x85b1c4060,1743,124,69,native_iq4_xs_direct_r4,160,1,1,128,15.163,3.626,0.735
0x85b1c4060,1743,124,70,shexp_native_swiglu_kernel,5,1,1,128,5.902,1.605,0.323
0x85b1c4060,1743,124,71,native_quantize_q8_1_kernel,3,1,1,256,5.386,1.487,0.663
0x85b1c4060,1743,124,72,native_iq4_nl_direct_r4,640,1,1,128,18.092,4.605,0.323
0x85b1c4060,1743,124,73,bf16_f32_mmvf_kernel,1,1,1,256,7.162,1.819,0.320
0x85b1c4060,1743,124,74,shexp_native_scalar_sigmoid_kernel,1,1,1,1,5.258,1.371,0.341
0x85b1c4060,1743,124,75,shexp_scale_rows_kernel,20,1,1,128,4.937,2.086,0.335
0x85b1c4060,1743,124,76,quantize_q8_1_kernel,10,1,1,256,6.192,1.512,0.525
0x85b1c4060,1743,124,77,native_resident_gu_16,160,10,1,256,164.256,53.826,0.347
0x85b1c4060,1743,124,78,swiglu_entries_kernel,25,1,1,256,6.583,1.891,0.341
0x85b1c4060,1743,124,79,quantize_q8_1_kernel,25,1,1,256,5.666,1.750,0.322
0x85b1c4060,1743,124,80,native_resident_down_direct_42_r4,80,10,1,256,99.970,31.462,354.043
0x85b1c4060,1743,124,81,nmoe_combine_kernel,10,1,1,256,7.800,2.205,0.324
0x85b1c4060,1743,124,82,fused_gr_norm1_kernel,1,1,1,256,21.114,5.097,0.469
0x85b1c4060,1743,124,83,fused_gr_down_kernel,41,1,1,256,31.184,4.381,0.324
0x85b1c4060,1743,124,84,fused_gr_up_kernel,160,1,1,256,36.431,9.788,0.986
0x85b1c4060,1743,124,85,native_quantize_q8_1_kernel,10,1,1,256,8.006,22.279,0.345
0x85b1c4060,1743,124,86,native_iq4_xs_direct_r4,2560,1,1,128,94.172,30.465,1.455
0x85b1c4060,1743,124,87,gdn_conv_l2_multi_kernel,80,1,1,128,7.157,1.743,1.709
0x85b1c4060,1743,124,88,gdn_ab_multi_kernel,12,1,1,256,17.478,4.053,0.340
0x85b1c4060,1743,124,89,native_iq4_xs_direct_r4,1536,1,1,128,59.005,16.494,0.340
0x85b1c4060,1743,124,90,gdn_step_norm_multi_kernel,48,1,1,512,28.915,6.025,1.362
0x85b1c4060,1743,124,91,native_quantize_q8_1_kernel,24,1,1,256,5.825,1.692,0.350
0x85b1c4060,1743,124,92,native_iq4_xs_direct_r4,640,1,1,128,53.951,13.161,0.517
0x85b1c4060,1743,124,93,fused_gr_norm1_kernel,1,1,1,256,21.497,4.982,0.334
0x85b1c4060,1743,124,94,fused_gr_down_kernel,41,1,1,256,30.597,4.582,1.157
0x85b1c4060,1743,124,95,fused_gr_up_kernel,160,1,1,256,36.298,8.863,0.327
0x85b1c4060,1743,124,96,bf16_f32_mmvf_kernel,512,1,1,256,14.791,8.409,0.349
0x85b1c4060,1743,124,97,route,1,1,1,256,22.602,5.386,0.593
0x85b1c4060,1743,124,98,to_bf16_kernel,10,1,1,256,3.898,1.179,0.456
0x85b1c4060,1743,124,99,native_quantize_q8_1_kernel,10,1,1,256,5.683,1.551,0.351
0x85b1c4060,1743,124,100,native_iq4_xs_direct_r4,160,1,1,128,14.484,3.648,0.422
0x85b1c4060,1743,124,101,native_iq4_xs_direct_r4,160,1,1,128,13.474,3.776,1.115
0x85b1c4060,1743,124,102,shexp_native_swiglu_kernel,5,1,1,128,5.530,1.482,0.322
0x85b1c4060,1743,124,103,native_quantize_q8_1_kernel,3,1,1,256,4.968,1.363,1.130
0x85b1c4060,1743,124,104,native_iq4_nl_direct_r4,640,1,1,128,17.939,4.281,0.317
0x85b1c4060,1743,124,105,bf16_f32_mmvf_kernel,1,1,1,256,6.731,1.659,0.496
0x85b1c4060,1743,124,106,shexp_native_scalar_sigmoid_kernel,1,1,1,1,5.279,1.303,2.006
0x85b1c4060,1743,124,107,shexp_scale_rows_kernel,20,1,1,128,4.320,1.351,2.873
0x85b1c4060,1743,124,108,quantize_q8_1_kernel,10,1,1,256,6.205,1.607,0.381
0x85b1c4060,1743,124,109,native_resident_gu_22,160,10,1,256,172.698,55.269,0.837
0x85b1c4060,1743,124,110,swiglu_entries_kernel,25,1,1,256,5.876,1.895,0.347
0x85b1c4060,1743,124,111,quantize_q8_1_kernel,25,1,1,256,5.770,1.678,0.330
0x85b1c4060,1743,124,112,native_resident_down_direct_42_r4,80,10,1,256,98.247,30.526,0.310
0x85b1c4060,1743,124,113,nmoe_combine_kernel,10,1,1,256,8.005,2.042,0.319
0x85b1c4060,1743,124,114,fused_gr_norm1_kernel,1,1,1,256,19.778,4.821,0.332
0x85b1c4060,1743,124,115,fused_gr_down_kernel,41,1,1,256,30.178,4.448,0.314
0x85b1c4060,1743,124,116,fused_gr_up_kernel,160,1,1,256,36.212,8.986,0.341
0x85b1c4060,1743,124,117,native_quantize_q8_1_kernel,10,1,1,256,6.183,1.668,0.335
0x85b1c4060,1743,124,118,bf16_f32_mmvf_kernel,128,1,1,256,8.678,1.879,0.329
0x85b1c4060,1743,124,119,native_q6_k_mmvq_kernel_large,512,1,1,128,14.074,3.958,0.329
0x85b1c4060,1743,124,120,native_iq4_xs_direct_r4,128,1,1,128,14.644,3.903,0.341
0x85b1c4060,1743,124,121,nqs_norm_kernel,2,1,1,256,6.875,1.686,1.420
0x85b1c4060,1743,124,122,native_rope_apply_kernel,1,2,1,128,11.494,2.580,0.355
0x85b1c4060,1743,124,123,copy_from_mapped_kernel,1,1,1,256,5.422,1.646,0.816
0x85b1c4060,1743,124,124,kv_append_kernel,2,1,1,256,13.617,3.102,0.332
0x85b1c4060,1743,124,125,nqsi_append_kernel,1,1,1,256,10.593,3.745,0.330
0x85b1c4060,1743,124,126,native_iq4_xs_direct_r4,3072,1,1,128,108.155,32.521,0.461
0x85b1c4060,1743,124,127,runtime_copy2d16,1,24,1,128,5.155,1.789,0.342
0x85b1c4060,1743,124,128,nqs_norm_kernel,24,1,1,256,6.149,1.696,0.339
0x85b1c4060,1743,124,129,native_rope_apply_kernel,1,24,1,128,11.653,2.939,1.915
0x85b1c4060,1743,124,130,bf16_f32_mmvf_kernel,512,1,1,256,13.990,2.280,0.335
0x85b1c4060,1743,124,131,nqs_norm_kernel,4,1,1,256,6.082,1.866,2.969
0x85b1c4060,1743,124,132,native_rope_apply_kernel,1,4,1,128,8.062,2.402,0.739
0x85b1c4060,1743,124,133,block_scores_multi_kernel,256,1,1,256,15.833,4.089,0.343
0x85b1c4060,1743,124,134,block_topk_kernel,1,1,1,256,100.283,33.232,0.405
0x85b1c4060,1743,124,135,attn_chunk_kernel_m0,33,2,1,256,126.515,36.951,0.373
0x85b1c4060,1743,124,136,attn_merge_kernel,24,1,1,256,39.902,10.379,0.340
0x85b1c4060,1743,124,137,nqs_gate_kernel,24,1,1,256,8.624,2.452,0.332
0x85b1c4060,1743,124,138,native_quantize_q8_1_kernel,24,1,1,256,5.850,1.809,0.351
0x85b1c4060,1743,124,139,mmvq_direct_21_r2,320,1,1,128,72.626,22.366,0.334
0x85b1c4060,1743,124,140,fused_gr_norm1_kernel,1,1,1,256,21.814,5.124,0.343
0x85b1c4060,1743,124,141,fused_gr_down_kernel,41,1,1,256,32.586,4.984,0.350
0x85b1c4060,1743,124,142,fused_gr_up_kernel,160,1,1,256,37.976,14.059,0.336
0x85b1c4060,1743,124,143,bf16_f32_mmvf_kernel,512,1,1,256,14.934,3.395,0.341
0x85b1c4060,1743,124,144,route,1,1,1,256,22.527,5.592,0.331
0x85b1c4060,1743,124,145,to_bf16_kernel,10,1,1,256,4.755,1.861,0.337
0x85b1c4060,1743,124,146,native_quantize_q8_1_kernel,10,1,1,256,5.722,1.579,0.335
0x85b1c4060,1743,124,147,native_iq4_xs_direct_r4,160,1,1,128,15.079,4.173,0.316
0x85b1c4060,1743,124,148,native_iq4_xs_direct_r4,160,1,1,128,13.649,3.493,2.724
0x85b1c4060,1743,124,149,shexp_native_swiglu_kernel,5,1,1,128,5.948,1.931,3.270
0x85b1c4060,1743,124,150,native_quantize_q8_1_kernel,3,1,1,256,5.286,1.364,0.389
0x85b1c4060,1743,124,151,native_small_mmvq_kernel_q8_0_small,640,1,1,128,18.085,3.962,1.281
0x85b1c4060,1743,124,152,bf16_f32_mmvf_kernel,1,1,1,256,6.997,1.762,0.352
0x85b1c4060,1743,124,153,shexp_native_scalar_sigmoid_kernel,1,1,1,1,5.421,1.711,0.407
0x85b1c4060,1743,124,154,shexp_scale_rows_kernel,20,1,1,128,4.699,1.924,0.839
0x85b1c4060,1743,124,155,quantize_q8_1_kernel,10,1,1,256,6.404,1.843,0.756
0x85b1c4060,1743,124,156,native_resident_gu_22,160,10,1,256,172.103,55.171,0.780
0x85b1c4060,1743,124,157,swiglu_entries_kernel,25,1,1,256,6.652,2.239,3.688
0x85b1c4060,1743,124,158,quantize_q8_1_kernel,25,1,1,256,5.785,1.753,0.947
0x85b1c4060,1743,124,159,native_resident_down_direct_42_r4,80,10,1,256,99.077,31.397,1.240
0x85b1c4060,1743,124,160,nmoe_combine_kernel,10,1,1,256,9.121,2.531,349.428
0x85b1c4060,1743,124,161,fused_gr_norm1_kernel,1,1,1,256,21.144,5.630,3.793
0x85b1c4060,1743,124,162,fused_gr_down_kernel,41,1,1,256,31.483,4.962,4.121
0x85b1c4060,1743,124,163,fused_gr_up_kernel,160,1,1,256,36.442,9.829,5.605
0x85b1c4060,1743,124,164,native_quantize_q8_1_kernel,10,1,1,256,6.092,1.758,1.437
0x85b1c4060,1743,124,165,native_iq4_xs_direct_r4,2560,1,1,128,94.550,29.994,1.063
0x85b1c4060,1743,124,166,gdn_conv_l2_multi_kernel,80,1,1,128,7.423,1.988,0.361
0x85b1c4060,1743,124,167,gdn_ab_multi_kernel,12,1,1,256,17.533,4.413,0.344
0x85b1c4060,1743,124,168,mmvq_direct_21_r2,768,1,1,128,81.628,26.578,1.629
0x85b1c4060,1743,124,169,gdn_step_norm_multi_kernel,48,1,1,512,28.817,6.729,0.821
0x85b1c4060,1743,124,170,native_quantize_q8_1_kernel,24,1,1,256,5.797,1.623,1.268
0x85b1c4060,1743,124,171,native_iq4_xs_direct_r4,640,1,1,128,56.852,14.272,0.342
0x85b1c4060,1743,124,172,fused_gr_norm1_kernel,1,1,1,256,22.131,6.064,0.336
0x85b1c4060,1743,124,173,fused_gr_down_kernel,41,1,1,256,30.737,4.966,0.660
0x85b1c4060,1743,124,174,fused_gr_up_kernel,160,1,1,256,36.497,9.379,1.662
0x85b1c4060,1743,124,175,bf16_f32_mmvf_kernel,512,1,1,256,14.282,2.337,0.331
0x85b1c4060,1743,124,176,route,1,1,1,256,22.817,5.710,0.403
0x85b1c4060,1743,124,177,to_bf16_kernel,10,1,1,256,4.025,1.232,0.465
0x85b1c4060,1743,124,178,native_quantize_q8_1_kernel,10,1,1,256,5.790,1.680,0.614
0x85b1c4060,1743,124,179,native_iq4_xs_direct_r4,160,1,1,128,14.148,3.871,0.341
0x85b1c4060,1743,124,180,mmvq_direct_21_r2,80,1,1,128,19.301,5.459,0.562
0x85b1c4060,1743,124,181,shexp_native_swiglu_kernel,5,1,1,128,5.598,1.501,0.520
0x85b1c4060,1743,124,182,native_quantize_q8_1_kernel,3,1,1,256,4.925,1.467,0.332
0x85b1c4060,1743,124,183,native_iq4_nl_direct_r4,640,1,1,128,17.441,4.560,0.914
0x85b1c4060,1743,124,184,bf16_f32_mmvf_kernel,1,1,1,256,6.745,1.740,0.377
0x85b1c4060,1743,124,185,shexp_native_scalar_sigmoid_kernel,1,1,1,1,5.194,1.370,0.379
0x85b1c4060,1743,124,186,shexp_scale_rows_kernel,20,1,1,128,4.351,1.371,0.608
0x85b1c4060,1743,124,187,quantize_q8_1_kernel,10,1,1,256,6.094,1.630,0.451
0x85b1c4060,1743,124,188,native_resident_gu_16,160,10,1,256,162.454,54.668,3.978
0x85b1c4060,1743,124,189,swiglu_entries_kernel,25,1,1,256,5.780,2.036,0.358
0x85b1c4060,1743,124,190,quantize_q8_1_kernel,25,1,1,256,5.665,1.631,0.696
0x85b1c4060,1743,124,191,native_resident_down_direct_42_r4,80,10,1,256,99.785,33.757,0.345
0x85b1c4060,1743,124,192,nmoe_combine_kernel,10,1,1,256,8.060,2.233,0.331
0x85b1c4060,1743,124,193,fused_gr_norm1_kernel,1,1,1,256,20.269,5.049,0.330
0x85b1c4060,1743,124,194,fused_gr_down_kernel,41,1,1,256,30.395,5.362,0.321
0x85b1c4060,1743,124,195,fused_gr_up_kernel,160,1,1,256,35.974,9.431,6.477
0x85b1c4060,1743,124,196,native_quantize_q8_1_kernel,10,1,1,256,6.042,1.775,0.409
0x85b1c4060,1743,124,197,native_iq4_xs_direct_r4,2560,1,1,128,93.332,27.688,0.334
0x85b1c4060,1743,124,198,gdn_conv_l2_multi_kernel,80,1,1,128,7.689,2.273,0.357
0x85b1c4060,1743,124,199,gdn_ab_multi_kernel,12,1,1,256,17.262,4.358,0.342
0x85b1c4060,1743,124,200,mmvq_direct_21_r2,768,1,1,128,81.087,26.000,0.358
0x85b1c4060,1743,124,201,gdn_step_norm_multi_kernel,48,1,1,512,28.956,6.472,0.363
0x85b1c4060,1743,124,202,native_quantize_q8_1_kernel,24,1,1,256,6.864,7.018,0.359
0x85b1c4060,1743,124,203,native_iq4_xs_direct_r4,640,1,1,128,53.846,13.418,0.322
0x85b1c4060,1743,124,204,fused_gr_norm1_kernel,1,1,1,256,20.504,5.140,0.325
0x85b1c4060,1743,124,205,fused_gr_down_kernel,41,1,1,256,30.728,4.799,0.333
0x85b1c4060,1743,124,206,fused_gr_up_kernel,160,1,1,256,36.409,9.360,0.322
0x85b1c4060,1743,124,207,bf16_f32_mmvf_kernel,512,1,1,256,14.650,3.251,0.518
0x85b1c4060,1743,124,208,route,1,1,1,256,22.860,5.445,0.348
0x85b1c4060,1743,124,209,to_bf16_kernel,10,1,1,256,4.333,1.434,0.346
0x85b1c4060,1743,124,210,native_quantize_q8_1_kernel,10,1,1,256,6.135,2.502,0.591
0x85b1c4060,1743,124,211,native_iq4_xs_direct_r4,160,1,1,128,14.590,3.812,2.030
0x85b1c4060,1743,124,212,native_q6_k_mmvq_kernel_large,640,1,1,128,15.499,4.503,1.523
0x85b1c4060,1743,124,213,shexp_native_swiglu_kernel,5,1,1,128,5.207,1.310,0.742
0x85b1c4060,1743,124,214,native_quantize_q8_1_kernel,3,1,1,256,5.056,1.768,0.630
0x85b1c4060,1743,124,215,native_iq4_nl_direct_r4,640,1,1,128,17.386,4.339,0.883
0x85b1c4060,1743,124,216,bf16_f32_mmvf_kernel,1,1,1,256,6.671,1.630,0.397
0x85b1c4060,1743,124,217,shexp_native_scalar_sigmoid_kernel,1,1,1,1,5.291,1.406,0.630
0x85b1c4060,1743,124,218,shexp_scale_rows_kernel,20,1,1,128,4.571,1.581,0.395
0x85b1c4060,1743,124,219,quantize_q8_1_kernel,10,1,1,256,6.163,1.596,0.628
0x85b1c4060,1743,124,220,native_resident_gu_22,160,10,1,256,172.203,56.117,1.398
0x85b1c4060,1743,124,221,swiglu_entries_kernel,25,1,1,256,6.128,2.012,0.346
0x85b1c4060,1743,124,222,quantize_q8_1_kernel,25,1,1,256,5.954,1.774,0.336
0x85b1c4060,1743,124,223,native_resident_down_direct_42_r4,80,10,1,256,98.052,30.796,0.330
0x85b1c4060,1743,124,224,nmoe_combine_kernel,10,1,1,256,7.896,2.164,0.324
0x85b1c4060,1743,124,225,fused_gr_norm1_kernel,1,1,1,256,21.373,5.126,0.319
0x85b1c4060,1743,124,226,fused_gr_down_kernel,41,1,1,256,31.213,4.519,2.804
0x85b1c4060,1743,124,227,fused_gr_up_kernel,160,1,1,256,36.385,9.277,0.486
0x85b1c4060,1743,124,228,native_quantize_q8_1_kernel,10,1,1,256,6.359,1.954,0.323
0x85b1c4060,1743,124,229,native_iq4_xs_direct_r4,2560,1,1,128,92.791,27.374,0.363
0x85b1c4060,1743,124,230,gdn_conv_l2_multi_kernel,80,1,1,128,7.858,2.222,0.378
0x85b1c4060,1743,124,231,gdn_ab_multi_kernel,12,1,1,256,17.178,4.381,1.937
0x85b1c4060,1743,124,232,native_iq4_xs_direct_r4,1536,1,1,128,59.445,17.286,0.353
0x85b1c4060,1743,124,233,gdn_step_norm_multi_kernel,48,1,1,512,28.792,6.653,0.366
0x85b1c4060,1743,124,234,native_quantize_q8_1_kernel,24,1,1,256,6.882,2.060,0.349
0x85b1c4060,1743,124,235,native_iq4_xs_direct_r4,640,1,1,128,54.113,14.553,0.320
0x85b1c4060,1743,124,236,fused_gr_norm1_kernel,1,1,1,256,21.630,5.471,0.328
0x85b1c4060,1743,124,237,fused_gr_down_kernel,41,1,1,256,32.064,4.559,1.756
0x85b1c4060,1743,124,238,fused_gr_up_kernel,160,1,1,256,37.513,16.052,0.328
0x85b1c4060,1743,124,239,bf16_f32_mmvf_kernel,512,1,1,256,15.451,9.981,2.955
0x85b1c4060,1743,124,240,route,1,1,1,256,23.194,6.125,335.468
0x85b1c4060,1743,124,241,to_bf16_kernel,10,1,1,256,5.178,12.038,2.778
0x85b1c4060,1743,124,242,native_quantize_q8_1_kernel,10,1,1,256,5.837,1.703,1.796
0x85b1c4060,1743,124,243,native_iq4_xs_direct_r4,160,1,1,128,14.741,4.433,11.822
0x85b1c4060,1743,124,244,native_iq4_xs_direct_r4,160,1,1,128,13.786,3.976,6.185
0x85b1c4060,1743,124,245,shexp_native_swiglu_kernel,5,1,1,128,5.538,1.621,3.547
0x85b1c4060,1743,124,246,native_quantize_q8_1_kernel,3,1,1,256,5.088,1.489,0.985
0x85b1c4060,1743,124,247,native_q2_0_mmvq_kernel_small,640,1,1,128,28.280,7.029,6.690
0x85b1c4060,1743,124,248,bf16_f32_mmvf_kernel,1,1,1,256,7.197,1.904,3.946
0x85b1c4060,1743,124,249,shexp_native_scalar_sigmoid_kernel,1,1,1,1,5.333,1.531,2.302
0x85b1c4060,1743,124,250,shexp_scale_rows_kernel,20,1,1,128,4.285,1.376,5.581
0x85b1c4060,1743,124,251,quantize_q8_1_kernel,10,1,1,256,6.194,1.731,8.804
0x85b1c4060,1743,124,252,native_resident_gu_22,160,10,1,256,175.454,63.837,15.176
0x85b1c4060,1743,124,253,swiglu_entries_kernel,25,1,1,256,5.740,1.790,0.350
0x85b1c4060,1743,124,254,quantize_q8_1_kernel,25,1,1,256,5.826,1.778,0.349
0x85b1c4060,1743,124,255,native_resident_down_direct_42_r4,80,10,1,256,101.268,38.196,0.335
0x85b1c4060,1743,124,256,nmoe_combine_kernel,10,1,1,256,8.006,2.316,0.324
0x85b1c4060,1743,124,257,fused_gr_norm1_kernel,1,1,1,256,21.205,5.491,0.336
0x85b1c4060,1743,124,258,fused_gr_down_kernel,41,1,1,256,30.861,4.978,0.329
0x85b1c4060,1743,124,259,fused_gr_up_kernel,160,1,1,256,36.919,9.718,0.327
0x85b1c4060,1743,124,260,native_quantize_q8_1_kernel,10,1,1,256,6.066,1.768,0.370
0x85b1c4060,1743,124,261,bf16_f32_mmvf_kernel,128,1,1,256,8.243,1.975,0.335
0x85b1c4060,1743,124,262,native_q6_k_mmvq_kernel_large,512,1,1,128,13.898,4.225,0.567
0x85b1c4060,1743,124,263,native_q6_k_mmvq_kernel_large,512,1,1,128,13.496,4.296,0.560
0x85b1c4060,1743,124,264,nqs_norm_kernel,2,1,1,256,6.601,1.754,0.472
0x85b1c4060,1743,124,265,native_rope_apply_kernel,1,2,1,128,11.705,2.898,0.343
0x85b1c4060,1743,124,266,copy_from_mapped_kernel,1,1,1,256,5.401,1.534,0.581
0x85b1c4060,1743,124,267,kv_append_kernel,2,1,1,256,13.685,3.572,0.316
0x85b1c4060,1743,124,268,nqsi_append_kernel,1,1,1,256,10.472,3.733,0.365
0x85b1c4060,1743,124,269,native_iq4_xs_direct_r4,3072,1,1,128,109.580,33.100,0.769
0x85b1c4060,1743,124,270,runtime_copy2d16,1,24,1,128,4.761,1.690,0.338
0x85b1c4060,1743,124,271,nqs_norm_kernel,24,1,1,256,6.498,1.857,0.308
0x85b1c4060,1743,124,272,native_rope_apply_kernel,1,24,1,128,10.882,3.156,0.346
0x85b1c4060,1743,124,273,bf16_f32_mmvf_kernel,512,1,1,256,14.262,2.670,0.501
0x85b1c4060,1743,124,274,nqs_norm_kernel,4,1,1,256,5.950,1.752,0.608
0x85b1c4060,1743,124,275,native_rope_apply_kernel,1,4,1,128,8.318,2.817,0.347
0x85b1c4060,1743,124,276,block_scores_multi_kernel,256,1,1,256,16.030,4.460,0.348
0x85b1c4060,1743,124,277,block_topk_kernel,1,1,1,256,100.332,35.254,0.530
0x85b1c4060,1743,124,278,attn_chunk_kernel_m0,33,2,1,256,129.052,41.165,0.365
0x85b1c4060,1743,124,279,attn_merge_kernel,24,1,1,256,39.800,11.926,0.327
0x85b1c4060,1743,124,280,nqs_gate_kernel,24,1,1,256,8.714,2.563,0.332
0x85b1c4060,1743,124,281,native_quantize_q8_1_kernel,24,1,1,256,6.033,1.789,0.338
0x85b1c4060,1743,124,282,native_iq4_xs_direct_r4,640,1,1,128,54.859,14.508,0.351
0x85b1c4060,1743,124,283,fused_gr_norm1_kernel,1,1,1,256,22.114,5.969,0.363
0x85b1c4060,1743,124,284,fused_gr_down_kernel,41,1,1,256,31.335,5.708,0.357
0x85b1c4060,1743,124,285,fused_gr_up_kernel,160,1,1,256,37.324,10.255,0.360
0x85b1c4060,1743,124,286,bf16_f32_mmvf_kernel,512,1,1,256,14.634,2.779,0.368
0x85b1c4060,1743,124,287,route,1,1,1,256,23.441,6.499,0.357
0x85b1c4060,1743,124,288,to_bf16_kernel,10,1,1,256,4.532,1.506,0.348
0x85b1c4060,1743,124,289,native_quantize_q8_1_kernel,10,1,1,256,6.152,1.990,0.351
0x85b1c4060,1743,124,290,native_q6_k_mmvq_kernel_large,640,1,1,128,16.250,5.158,0.351
0x85b1c4060,1743,124,291,native_iq4_xs_direct_r4,160,1,1,128,15.712,4.411,1.924
0x85b1c4060,1743,124,292,shexp_native_swiglu_kernel,5,1,1,128,5.864,1.686,0.340
0x85b1c4060,1743,124,293,native_quantize_q8_1_kernel,3,1,1,256,5.375,1.821,1.040
0x85b1c4060,1743,124,294,native_q2_0_mmvq_kernel_small,640,1,1,128,28.865,7.684,0.362
0x85b1c4060,1743,124,295,bf16_f32_mmvf_kernel,1,1,1,256,7.104,1.978,0.680
0x85b1c4060,1743,124,296,shexp_native_scalar_sigmoid_kernel,1,1,1,1,5.397,1.547,0.348
0x85b1c4060,1743,124,297,shexp_scale_rows_kernel,20,1,1,128,4.626,1.640,0.370
0x85b1c4060,1743,124,298,quantize_q8_1_kernel,10,1,1,256,6.327,1.802,0.438
0x85b1c4060,1743,124,299,native_resident_gu_22,160,10,1,256,176.022,59.895,0.814
0x85b1c4060,1743,124,300,swiglu_entries_kernel,25,1,1,256,6.562,2.194,0.347
0x85b1c4060,1743,124,301,quantize_q8_1_kernel,25,1,1,256,6.029,1.806,0.335
0x85b1c4060,1743,124,302,native_resident_down_direct_42_r4,80,10,1,256,100.673,32.886,0.344
0x85b1c4060,1743,124,303,nmoe_combine_kernel,10,1,1,256,8.498,2.410,0.341
0x85b1c4060,1743,124,304,fused_gr_norm1_kernel,1,1,1,256,20.856,5.441,0.344
0x85b1c4060,1743,124,305,fused_gr_down_kernel,41,1,1,256,31.754,5.000,0.357
0x85b1c4060,1743,124,306,fused_gr_up_kernel,160,1,1,256,37.527,9.541,0.345
0x85b1c4060,1743,124,307,native_quantize_q8_1_kernel,10,1,1,256,6.638,1.900,0.349
0x85b1c4060,1743,124,308,native_iq4_xs_direct_r4,2560,1,1,128,100.024,69.752,0.339
0x85b1c4060,1743,124,309,gdn_conv_l2_multi_kernel,80,1,1,128,8.604,7.278,0.361
0x85b1c4060,1743,124,310,gdn_ab_multi_kernel,12,1,1,256,17.137,4.525,0.340
0x85b1c4060,1743,124,311,native_iq4_xs_direct_r4,1536,1,1,128,59.837,17.088,0.333
0x85b1c4060,1743,124,312,gdn_step_norm_multi_kernel,48,1,1,512,29.552,6.344,0.338
0x85b1c4060,1743,124,313,native_quantize_q8_1_kernel,24,1,1,256,6.925,2.029,0.323
0x85b1c4060,1743,124,314,mmvq_direct_21_r2,320,1,1,128,74.713,24.514,0.347
0x85b1c4060,1743,124,315,fused_gr_norm1_kernel,1,1,1,256,22.056,5.531,0.355
0x85b1c4060,1743,124,316,fused_gr_down_kernel,41,1,1,256,31.789,4.625,0.348
0x85b1c4060,1743,124,317,fused_gr_up_kernel,160,1,1,256,37.480,9.606,2.036
0x85b1c4060,1743,124,318,bf16_f32_mmvf_kernel,512,1,1,256,15.076,2.866,0.464
0x85b1c4060,1743,124,319,route,1,1,1,256,23.441,5.730,3.272
0x85b1c4060,1743,124,320,to_bf16_kernel,10,1,1,256,4.888,1.274,332.321
0x85b1c4060,1743,124,321,native_quantize_q8_1_kernel,10,1,1,256,6.127,1.674,3.328
0x85b1c4060,1743,124,322,native_iq4_xs_direct_r4,160,1,1,128,14.842,3.871,13.799
0x85b1c4060,1743,124,323,native_iq4_xs_direct_r4,160,1,1,128,13.715,3.826,41.785
0x85b1c4060,1743,124,324,shexp_native_swiglu_kernel,5,1,1,128,5.628,1.694,6.513
0x85b1c4060,1743,124,325,native_quantize_q8_1_kernel,3,1,1,256,5.140,1.434,0.754
0x85b1c4060,1743,124,326,native_iq4_nl_direct_r4,640,1,1,128,18.236,4.668,0.945
0x85b1c4060,1743,124,327,bf16_f32_mmvf_kernel,1,1,1,256,7.679,1.772,0.843
0x85b1c4060,1743,124,328,shexp_native_scalar_sigmoid_kernel,1,1,1,1,5.459,1.535,0.356
0x85b1c4060,1743,124,329,shexp_scale_rows_kernel,20,1,1,128,5.348,10.707,0.597
0x85b1c4060,1743,124,330,quantize_q8_1_kernel,10,1,1,256,6.238,1.771,1.766
0x85b1c4060,1743,124,331,native_resident_gu_29,160,10,1,256,160.731,53.702,5.965
0x85b1c4060,1743,124,332,swiglu_entries_kernel,25,1,1,256,5.777,1.527,0.337
0x85b1c4060,1743,124,333,quantize_q8_1_kernel,25,1,1,256,5.370,1.628,0.336
0x85b1c4060,1743,124,334,native_resident_down_direct_42_r4,80,10,1,256,100.669,32.549,0.336
0x85b1c4060,1743,124,335,nmoe_combine_kernel,10,1,1,256,7.874,2.171,0.329
0x85b1c4060,1743,124,336,fused_gr_norm1_kernel,1,1,1,256,22.800,10.326,0.348
0x85b1c4060,1743,124,337,fused_gr_down_kernel,41,1,1,256,31.175,8.501,0.350
0x85b1c4060,1743,124,338,fused_gr_up_kernel,160,1,1,256,36.969,9.569,0.344
0x85b1c4060,1743,124,339,native_quantize_q8_1_kernel,10,1,1,256,6.170,1.651,0.340
0x85b1c4060,1743,124,340,native_iq4_xs_direct_r4,2560,1,1,128,95.456,29.634,2.383
0x85b1c4060,1743,124,341,gdn_conv_l2_multi_kernel,80,1,1,128,7.363,1.884,0.362
0x85b1c4060,1743,124,342,gdn_ab_multi_kernel,12,1,1,256,16.983,4.321,0.356
0x85b1c4060,1743,124,343,native_iq4_xs_direct_r4,1536,1,1,128,60.001,17.296,0.346
0x85b1c4060,1743,124,344,gdn_step_norm_multi_kernel,48,1,1,512,28.951,6.558,0.360
0x85b1c4060,1743,124,345,native_quantize_q8_1_kernel,24,1,1,256,6.145,1.892,0.352
0x85b1c4060,1743,124,346,native_iq4_xs_direct_r4,640,1,1,128,55.913,13.813,0.337
0x85b1c4060,1743,124,347,fused_gr_norm1_kernel,1,1,1,256,21.981,5.201,0.333
0x85b1c4060,1743,124,348,fused_gr_down_kernel,41,1,1,256,31.470,4.777,0.320
0x85b1c4060,1743,124,349,fused_gr_up_kernel,160,1,1,256,37.540,9.476,0.325
0x85b1c4060,1743,124,350,bf16_f32_mmvf_kernel,512,1,1,256,14.182,2.707,0.329
0x85b1c4060,1743,124,351,route,1,1,1,256,23.170,5.763,0.320
0x85b1c4060,1743,124,352,to_bf16_kernel,10,1,1,256,4.233,1.348,0.340
0x85b1c4060,1743,124,353,native_quantize_q8_1_kernel,10,1,1,256,6.257,1.733,0.348
0x85b1c4060,1743,124,354,mmvq_direct_21_r2,80,1,1,128,21.002,5.651,0.354
0x85b1c4060,1743,124,355,mmvq_direct_21_r2,80,1,1,128,19.418,5.826,0.341
0x85b1c4060,1743,124,356,shexp_native_swiglu_kernel,5,1,1,128,5.968,1.604,0.335
0x85b1c4060,1743,124,357,native_quantize_q8_1_kernel,3,1,1,256,5.065,1.395,0.340
0x85b1c4060,1743,124,358,native_small_mmvq_kernel_q8_0_small,640,1,1,128,17.477,3.739,0.334
0x85b1c4060,1743,124,359,bf16_f32_mmvf_kernel,1,1,1,256,6.913,1.744,0.320
0x85b1c4060,1743,124,360,shexp_native_scalar_sigmoid_kernel,1,1,1,1,5.349,1.318,0.329
0x85b1c4060,1743,124,361,shexp_scale_rows_kernel,20,1,1,128,4.675,1.666,0.325
0x85b1c4060,1743,124,362,quantize_q8_1_kernel,10,1,1,256,6.298,1.686,0.344
0x85b1c4060,1743,124,363,native_resident_gu_16,160,10,1,256,167.489,56.527,3.783
0x85b1c4060,1743,124,364,swiglu_entries_kernel,25,1,1,256,6.487,2.079,0.342
0x85b1c4060,1743,124,365,quantize_q8_1_kernel,25,1,1,256,5.906,1.730,22.137
0x85b1c4060,1743,124,366,native_resident_down_direct_42_r4,80,10,1,256,102.081,33.361,0.740
0x85b1c4060,1743,124,367,nmoe_combine_kernel,10,1,1,256,9.276,9.353,0.342
0x85b1c4060,1743,124,368,fused_gr_norm1_kernel,1,1,1,256,20.828,5.635,0.326
0x85b1c4060,1743,124,369,fused_gr_down_kernel,41,1,1,256,31.375,5.232,0.330
0x85b1c4060,1743,124,370,fused_gr_up_kernel,160,1,1,256,37.161,9.484,0.332
0x85b1c4060,1743,124,371,native_quantize_q8_1_kernel,10,1,1,256,6.439,1.925,13.256
0x85b1c4060,1743,124,372,native_iq4_xs_direct_r4,2560,1,1,128,95.217,27.945,0.645
0x85b1c4060,1743,124,373,gdn_conv_l2_multi_kernel,80,1,1,128,8.127,2.197,0.361
0x85b1c4060,1743,124,374,gdn_ab_multi_kernel,12,1,1,256,17.016,4.358,0.343
0x85b1c4060,1743,124,375,native_iq4_xs_direct_r4,1536,1,1,128,60.619,17.666,0.342
0x85b1c4060,1743,124,376,gdn_step_norm_multi_kernel,48,1,1,512,29.740,6.942,0.360
0x85b1c4060,1743,124,377,native_quantize_q8_1_kernel,24,1,1,256,7.474,10.641,0.353
0x85b1c4060,1743,124,378,native_iq4_xs_direct_r4,640,1,1,128,54.945,15.767,0.343
0x85b1c4060,1743,124,379,fused_gr_norm1_kernel,1,1,1,256,21.850,5.322,0.326
0x85b1c4060,1743,124,380,fused_gr_down_kernel,41,1,1,256,32.505,9.477,0.330
0x85b1c4060,1743,124,381,fused_gr_up_kernel,160,1,1,256,38.455,11.417,0.326
0x85b1c4060,1743,124,382,bf16_f32_mmvf_kernel,512,1,1,256,14.998,2.574,0.328
0x85b1c4060,1743,124,383,route,1,1,1,256,23.116,5.944,0.323
0x85b1c4060,1743,124,384,to_bf16_kernel,10,1,1,256,4.882,1.802,0.352
0x85b1c4060,1743,124,385,native_quantize_q8_1_kernel,10,1,1,256,6.031,1.669,0.359
0x85b1c4060,1743,124,386,native_iq4_xs_direct_r4,160,1,1,128,15.409,4.322,0.358
0x85b1c4060,1743,124,387,mmvq_direct_21_r2,80,1,1,128,21.466,5.618,0.340
0x85b1c4060,1743,124,388,shexp_native_swiglu_kernel,5,1,1,128,6.251,1.742,0.343
0x85b1c4060,1743,124,389,native_quantize_q8_1_kernel,3,1,1,256,5.274,1.573,0.350
0x85b1c4060,1743,124,390,native_iq4_nl_direct_r4,640,1,1,128,18.484,5.280,0.332
0x85b1c4060,1743,124,391,bf16_f32_mmvf_kernel,1,1,1,256,7.301,1.942,0.318
0x85b1c4060,1743,124,392,shexp_native_scalar_sigmoid_kernel,1,1,1,1,5.413,1.653,0.342
0x85b1c4060,1743,124,393,shexp_scale_rows_kernel,20,1,1,128,4.910,1.842,0.342
0x85b1c4060,1743,124,394,quantize_q8_1_kernel,10,1,1,256,6.533,1.618,0.349
0x85b1c4060,1743,124,395,native_resident_gu_16,160,10,1,256,172.421,67.037,0.343
0x85b1c4060,1743,124,396,swiglu_entries_kernel,25,1,1,256,9.530,31.204,0.346
0x85b1c4060,1743,124,397,quantize_q8_1_kernel,25,1,1,256,5.875,1.832,0.339
0x85b1c4060,1743,124,398,native_resident_down_direct_42_r4,80,10,1,256,103.211,37.227,0.351
0x85b1c4060,1743,124,399,nmoe_combine_kernel,10,1,1,256,8.166,2.431,2.931
0x85b1c4060,1743,124,400,fused_gr_norm1_kernel,1,1,1,256,22.215,5.380,336.451
0x85b1c4060,1743,124,401,fused_gr_down_kernel,41,1,1,256,31.624,5.155,8.219
0x85b1c4060,1743,124,402,fused_gr_up_kernel,160,1,1,256,36.951,9.510,3.280
0x85b1c4060,1743,124,403,native_quantize_q8_1_kernel,10,1,1,256,6.667,4.756,1.144
0x85b1c4060,1743,124,404,bf16_f32_mmvf_kernel,128,1,1,256,8.792,4.681,1.172
0x85b1c4060,1743,124,405,native_iq4_xs_direct_r4,128,1,1,128,14.228,3.941,3.428
0x85b1c4060,1743,124,406,native_iq4_xs_direct_r4,128,1,1,128,13.352,3.710,3.186
0x85b1c4060,1743,124,407,nqs_norm_kernel,2,1,1,256,6.712,1.885,2.172
0x85b1c4060,1743,124,408,native_rope_apply_kernel,1,2,1,128,11.777,2.722,2.004
0x85b1c4060,1743,124,409,copy_from_mapped_kernel,1,1,1,256,5.111,1.371,2.145
0x85b1c4060,1743,124,410,kv_append_kernel,2,1,1,256,13.842,3.352,2.341
0x85b1c4060,1743,124,411,nqsi_append_kernel,1,1,1,256,10.497,3.723,3.399
0x85b1c4060,1743,124,412,native_iq4_xs_direct_r4,3072,1,1,128,109.987,34.127,5.155
0x85b1c4060,1743,124,413,runtime_copy2d16,1,24,1,128,4.882,1.640,1.356
0x85b1c4060,1743,124,414,nqs_norm_kernel,24,1,1,256,6.157,1.674,0.341
0x85b1c4060,1743,124,415,native_rope_apply_kernel,1,24,1,128,11.236,2.990,0.950
0x85b1c4060,1743,124,416,bf16_f32_mmvf_kernel,512,1,1,256,14.128,2.481,1.456
0x85b1c4060,1743,124,417,nqs_norm_kernel,4,1,1,256,5.744,1.540,2.710
0x85b1c4060,1743,124,418,native_rope_apply_kernel,1,4,1,128,8.369,2.659,0.761
0x85b1c4060,1743,124,419,block_scores_multi_kernel,256,1,1,256,15.963,4.287,1.044
0x85b1c4060,1743,124,420,block_topk_kernel,1,1,1,256,101.122,34.139,0.381
0x85b1c4060,1743,124,421,attn_chunk_kernel_m0,33,2,1,256,129.555,39.316,0.344
0x85b1c4060,1743,124,422,attn_merge_kernel,24,1,1,256,39.896,11.995,0.339
0x85b1c4060,1743,124,423,nqs_gate_kernel,24,1,1,256,8.400,2.608,0.333
0x85b1c4060,1743,124,424,native_quantize_q8_1_kernel,24,1,1,256,6.073,1.770,0.339
0x85b1c4060,1743,124,425,native_iq4_xs_direct_r4,640,1,1,128,55.744,14.325,0.345
0x85b1c4060,1743,124,426,fused_gr_norm1_kernel,1,1,1,256,22.444,5.662,0.368
0x85b1c4060,1743,124,427,fused_gr_down_kernel,41,1,1,256,31.507,5.279,0.350
0x85b1c4060,1743,124,428,fused_gr_up_kernel,160,1,1,256,37.311,10.025,0.353
0x85b1c4060,1743,124,429,bf16_f32_mmvf_kernel,512,1,1,256,14.610,2.665,0.370
0x85b1c4060,1743,124,430,route,1,1,1,256,23.123,6.222,0.374
0x85b1c4060,1743,124,431,to_bf16_kernel,10,1,1,256,4.429,1.832,0.354
0x85b1c4060,1743,124,432,native_quantize_q8_1_kernel,10,1,1,256,6.371,1.859,0.343
0x85b1c4060,1743,124,433,native_iq4_xs_direct_r4,160,1,1,128,14.668,4.477,0.344
0x85b1c4060,1743,124,434,native_q6_k_mmvq_kernel_large,640,1,1,128,16.024,4.892,0.353
0x85b1c4060,1743,124,435,shexp_native_swiglu_kernel,5,1,1,128,6.470,6.096,0.340
0x85b1c4060,1743,124,436,native_quantize_q8_1_kernel,3,1,1,256,5.167,1.532,1.008
0x85b1c4060,1743,124,437,native_q2_0_mmvq_kernel_small,640,1,1,128,29.286,8.411,0.370
0x85b1c4060,1743,124,438,bf16_f32_mmvf_kernel,1,1,1,256,7.013,1.925,0.371
0x85b1c4060,1743,124,439,shexp_native_scalar_sigmoid_kernel,1,1,1,1,5.549,1.646,0.360
0x85b1c4060,1743,124,440,shexp_scale_rows_kernel,20,1,1,128,4.491,1.474,0.361
0x85b1c4060,1743,124,441,quantize_q8_1_kernel,10,1,1,256,6.406,1.855,0.363
0x85b1c4060,1743,124,442,native_resident_gu_16,160,10,1,256,165.852,55.297,0.356
0x85b1c4060,1743,124,443,swiglu_entries_kernel,25,1,1,256,6.544,3.567,0.337
0x85b1c4060,1743,124,444,quantize_q8_1_kernel,25,1,1,256,6.173,3.230,0.315
0x85b1c4060,1743,124,445,native_resident_down_direct_42_r4,80,10,1,256,100.545,32.514,2.783
0x85b1c4060,1743,124,446,nmoe_combine_kernel,10,1,1,256,8.175,2.376,0.351
0x85b1c4060,1743,124,447,fused_gr_norm1_kernel,1,1,1,256,21.634,5.636,0.329
0x85b1c4060,1743,124,448,fused_gr_down_kernel,41,1,1,256,31.383,4.971,0.356
0x85b1c4060,1743,124,449,fused_gr_up_kernel,160,1,1,256,37.661,9.455,0.363
0x85b1c4060,1743,124,450,native_quantize_q8_1_kernel,10,1,1,256,6.989,6.529,0.364
0x85b1c4060,1743,124,451,native_iq4_xs_direct_r4,2560,1,1,128,94.086,27.429,16.142
0x85b1c4060,1743,124,452,gdn_conv_l2_multi_kernel,80,1,1,128,7.688,1.912,0.352
0x85b1c4060,1743,124,453,gdn_ab_multi_kernel,12,1,1,256,17.191,4.589,0.351
0x85b1c4060,1743,124,454,native_iq4_xs_direct_r4,1536,1,1,128,61.080,20.234,0.344
0x85b1c4060,1743,124,455,gdn_step_norm_multi_kernel,48,1,1,512,29.642,6.449,0.338
0x85b1c4060,1743,124,456,native_quantize_q8_1_kernel,24,1,1,256,6.534,1.910,0.343
0x85b1c4060,1743,124,457,native_iq4_xs_direct_r4,640,1,1,128,56.723,13.867,0.345
0x85b1c4060,1743,124,458,fused_gr_norm1_kernel,1,1,1,256,22.162,5.334,0.362
0x85b1c4060,1743,124,459,fused_gr_down_kernel,41,1,1,256,31.110,4.616,0.350
0x85b1c4060,1743,124,460,fused_gr_up_kernel,160,1,1,256,38.450,14.006,0.342
0x85b1c4060,1743,124,461,bf16_f32_mmvf_kernel,512,1,1,256,14.668,2.887,0.361
0x85b1c4060,1743,124,462,route,1,1,1,256,23.143,5.871,0.364
0x85b1c4060,1743,124,463,to_bf16_kernel,10,1,1,256,4.494,1.471,0.344
0x85b1c4060,1743,124,464,native_quantize_q8_1_kernel,10,1,1,256,5.958,1.646,0.334
0x85b1c4060,1743,124,465,native_q6_k_mmvq_kernel_large,640,1,1,128,16.014,4.631,0.337
0x85b1c4060,1743,124,466,mmvq_direct_21_r2,80,1,1,128,21.414,5.421,0.341
0x85b1c4060,1743,124,467,shexp_native_swiglu_kernel,5,1,1,128,5.988,1.560,0.325
0x85b1c4060,1743,124,468,native_quantize_q8_1_kernel,3,1,1,256,5.492,5.206,0.325
0x85b1c4060,1743,124,469,native_iq4_nl_direct_r4,640,1,1,128,18.289,4.590,0.673
0x85b1c4060,1743,124,470,bf16_f32_mmvf_kernel,1,1,1,256,6.963,1.738,0.353
0x85b1c4060,1743,124,471,shexp_native_scalar_sigmoid_kernel,1,1,1,1,5.796,3.582,0.340
0x85b1c4060,1743,124,472,shexp_scale_rows_kernel,20,1,1,128,4.602,1.574,0.353
0x85b1c4060,1743,124,473,quantize_q8_1_kernel,10,1,1,256,6.267,1.709,0.773
0x85b1c4060,1743,124,474,native_resident_gu_22,160,10,1,256,175.938,58.428,0.348
0x85b1c4060,1743,124,475,swiglu_entries_kernel,25,1,1,256,6.672,1.920,0.331
0x85b1c4060,1743,124,476,quantize_q8_1_kernel,25,1,1,256,5.899,1.745,0.323
0x85b1c4060,1743,124,477,native_resident_down_direct_42_r4,80,10,1,256,100.481,32.375,0.328
0x85b1c4060,1743,124,478,nmoe_combine_kernel,10,1,1,256,8.404,2.292,0.329
0x85b1c4060,1743,124,479,fused_gr_norm1_kernel,1,1,1,256,20.056,5.146,2.725
0x85b1c4060,1743,124,480,fused_gr_down_kernel,41,1,1,256,31.514,4.667,319.268
0x85b1c4060,1743,124,481,fused_gr_up_kernel,160,1,1,256,36.791,9.309,1.857
0x85b1c4060,1743,124,482,native_quantize_q8_1_kernel,10,1,1,256,6.209,1.592,0.465
0x85b1c4060,1743,124,483,native_iq4_xs_direct_r4,2560,1,1,128,94.311,27.207,2.203
0x85b1c4060,1743,124,484,gdn_conv_l2_multi_kernel,80,1,1,128,7.296,1.810,0.339
0x85b1c4060,1743,124,485,gdn_ab_multi_kernel,12,1,1,256,17.089,4.341,0.343
0x85b1c4060,1743,124,486,native_iq4_xs_direct_r4,1536,1,1,128,59.717,17.488,0.333
0x85b1c4060,1743,124,487,gdn_step_norm_multi_kernel,48,1,1,512,29.160,6.642,0.323
0x85b1c4060,1743,124,488,native_quantize_q8_1_kernel,24,1,1,256,6.056,1.684,0.329
0x85b1c4060,1743,124,489,native_iq4_xs_direct_r4,640,1,1,128,55.565,15.137,0.471
0x85b1c4060,1743,124,490,fused_gr_norm1_kernel,1,1,1,256,21.938,5.420,0.367
0x85b1c4060,1743,124,491,fused_gr_down_kernel,41,1,1,256,30.561,4.983,0.337
0x85b1c4060,1743,124,492,fused_gr_up_kernel,160,1,1,256,36.657,9.673,3.021
0x85b1c4060,1743,124,493,bf16_f32_mmvf_kernel,512,1,1,256,14.249,2.413,1.973
0x85b1c4060,1743,124,494,route,1,1,1,256,23.118,5.684,0.773
0x85b1c4060,1743,124,495,to_bf16_kernel,10,1,1,256,3.970,1.263,0.342
0x85b1c4060,1743,124,496,native_quantize_q8_1_kernel,10,1,1,256,5.777,1.620,0.333
0x85b1c4060,1743,124,497,mmvq_direct_21_r2,80,1,1,128,20.781,5.701,0.336
0x85b1c4060,1743,124,498,mmvq_direct_21_r2,80,1,1,128,18.932,5.819,0.336
0x85b1c4060,1743,124,499,shexp_native_swiglu_kernel,5,1,1,128,5.673,1.559,0.340
0x85b1c4060,1743,124,500,native_quantize_q8_1_kernel,3,1,1,256,5.113,1.509,1.114
0x85b1c4060,1743,124,501,native_small_mmvq_kernel_q8_0_small,640,1,1,128,17.719,3.947,1.050
0x85b1c4060,1743,124,502,bf16_f32_mmvf_kernel,1,1,1,256,7.014,1.933,0.345
0x85b1c4060,1743,124,503,shexp_native_scalar_sigmoid_kernel,1,1,1,1,5.241,1.373,0.385
0x85b1c4060,1743,124,504,shexp_scale_rows_kernel,20,1,1,128,4.424,1.309,0.605
0x85b1c4060,1743,124,505,quantize_q8_1_kernel,10,1,1,256,6.161,1.710,1.088
0x85b1c4060,1743,124,506,native_resident_gu_29,160,10,1,256,161.583,57.630,0.801
0x85b1c4060,1743,124,507,swiglu_entries_kernel,25,1,1,256,5.792,1.836,0.340
0x85b1c4060,1743,124,508,quantize_q8_1_kernel,25,1,1,256,5.569,1.738,1.365
0x85b1c4060,1743,124,509,native_resident_down_direct_42_r4,80,10,1,256,100.083,33.674,0.323
0x85b1c4060,1743,124,510,nmoe_combine_kernel,10,1,1,256,8.079,2.371,0.333
0x85b1c4060,1743,124,511,fused_gr_norm1_kernel,1,1,1,256,19.696,5.337,0.355
0x85b1c4060,1743,124,512,fused_gr_down_kernel,41,1,1,256,30.822,5.223,0.346
0x85b1c4060,1743,124,513,fused_gr_up_kernel,160,1,1,256,36.562,10.043,0.349
0x85b1c4060,1743,124,514,native_quantize_q8_1_kernel,10,1,1,256,6.040,1.822,0.351
0x85b1c4060,1743,124,515,native_iq4_xs_direct_r4,2560,1,1,128,94.377,28.584,0.350
0x85b1c4060,1743,124,516,gdn_conv_l2_multi_kernel,80,1,1,128,7.999,2.594,0.351
0x85b1c4060,1743,124,517,gdn_ab_multi_kernel,12,1,1,256,16.902,4.671,0.315
0x85b1c4060,1743,124,518,mmvq_direct_21_r2,768,1,1,128,82.804,27.364,0.323
0x85b1c4060,1743,124,519,gdn_step_norm_multi_kernel,48,1,1,512,29.364,6.740,0.328
0x85b1c4060,1743,124,520,native_quantize_q8_1_kernel,24,1,1,256,6.924,2.021,0.317
0x85b1c4060,1743,124,521,native_iq4_xs_direct_r4,640,1,1,128,55.303,15.164,0.320
0x85b1c4060,1743,124,522,fused_gr_norm1_kernel,1,1,1,256,21.893,5.572,0.354
0x85b1c4060,1743,124,523,fused_gr_down_kernel,41,1,1,256,30.408,5.399,0.356
0x85b1c4060,1743,124,524,fused_gr_up_kernel,160,1,1,256,37.136,10.159,0.338
0x85b1c4060,1743,124,525,bf16_f32_mmvf_kernel,512,1,1,256,14.451,2.541,2.609
0x85b1c4060,1743,124,526,route,1,1,1,256,23.374,6.043,0.364
0x85b1c4060,1743,124,527,to_bf16_kernel,10,1,1,256,4.616,1.600,0.340
0x85b1c4060,1743,124,528,native_quantize_q8_1_kernel,10,1,1,256,6.041,1.758,0.316
0x85b1c4060,1743,124,529,native_iq4_xs_direct_r4,160,1,1,128,14.595,4.189,0.646
0x85b1c4060,1743,124,530,native_iq4_xs_direct_r4,160,1,1,128,14.031,4.189,0.326
0x85b1c4060,1743,124,531,shexp_native_swiglu_kernel,5,1,1,128,5.786,1.629,2.953
0x85b1c4060,1743,124,532,native_quantize_q8_1_kernel,3,1,1,256,5.380,1.616,0.542
0x85b1c4060,1743,124,533,native_small_mmvq_kernel_q8_0_small,640,1,1,128,17.696,4.201,0.620
0x85b1c4060,1743,124,534,bf16_f32_mmvf_kernel,1,1,1,256,7.105,1.809,0.355
0x85b1c4060,1743,124,535,shexp_native_scalar_sigmoid_kernel,1,1,1,1,5.339,1.408,0.343
0x85b1c4060,1743,124,536,shexp_scale_rows_kernel,20,1,1,128,4.756,1.762,0.330
0x85b1c4060,1743,124,537,quantize_q8_1_kernel,10,1,1,256,6.287,1.677,0.400
0x85b1c4060,1743,124,538,native_resident_gu_16,160,10,1,256,166.783,60.628,1.067
0x85b1c4060,1743,124,539,swiglu_entries_kernel,25,1,1,256,6.153,1.798,0.332
0x85b1c4060,1743,124,540,quantize_q8_1_kernel,25,1,1,256,5.475,1.817,0.308
0x85b1c4060,1743,124,541,native_resident_down_direct_42_r4,80,10,1,256,100.803,33.979,0.327
0x85b1c4060,1743,124,542,nmoe_combine_kernel,10,1,1,256,11.049,34.342,0.340
0x85b1c4060,1743,124,543,fused_gr_norm1_kernel,1,1,1,256,20.373,5.652,0.344
0x85b1c4060,1743,124,544,fused_gr_down_kernel,41,1,1,256,31.559,6.554,0.331
0x85b1c4060,1743,124,545,fused_gr_up_kernel,160,1,1,256,37.061,9.894,0.331
0x85b1c4060,1743,124,546,native_quantize_q8_1_kernel,10,1,1,256,6.373,1.750,0.350
0x85b1c4060,1743,124,547,bf16_f32_mmvf_kernel,128,1,1,256,8.586,2.075,0.339
0x85b1c4060,1743,124,548,mmvq_direct_21_r2,64,1,1,128,19.118,5.195,0.341
0x85b1c4060,1743,124,549,native_iq4_xs_direct_r4,128,1,1,128,14.820,4.187,0.338
0x85b1c4060,1743,124,550,nqs_norm_kernel,2,1,1,256,6.769,1.880,0.342
0x85b1c4060,1743,124,551,native_rope_apply_kernel,1,2,1,128,11.958,2.904,0.341
0x85b1c4060,1743,124,552,copy_from_mapped_kernel,1,1,1,256,5.750,1.595,0.336
0x85b1c4060,1743,124,553,kv_append_kernel,2,1,1,256,13.950,3.593,0.335
0x85b1c4060,1743,124,554,nqsi_append_kernel,1,1,1,256,10.746,4.018,0.367
0x85b1c4060,1743,124,555,native_iq4_xs_direct_r4,3072,1,1,128,109.466,33.961,0.365
0x85b1c4060,1743,124,556,runtime_copy2d16,1,24,1,128,6.364,8.724,0.371
0x85b1c4060,1743,124,557,nqs_norm_kernel,24,1,1,256,6.306,1.839,0.344
0x85b1c4060,1743,124,558,native_rope_apply_kernel,1,24,1,128,10.876,3.394,0.349
0x85b1c4060,1743,124,559,bf16_f32_mmvf_kernel,512,1,1,256,14.874,2.570,0.340
0x85b1c4060,1743,124,560,nqs_norm_kernel,4,1,1,256,6.445,1.757,333.803
0x85b1c4060,1743,124,561,native_rope_apply_kernel,1,4,1,128,10.318,2.865,4.304
0x85b1c4060,1743,124,562,block_scores_multi_kernel,256,1,1,256,15.781,4.148,4.276
0x85b1c4060,1743,124,563,block_topk_kernel,1,1,1,256,93.028,31.570,3.208
0x85b1c4060,1743,124,564,attn_chunk_kernel_m0,33,2,1,256,130.507,40.638,0.345
0x85b1c4060,1743,124,565,attn_merge_kernel,24,1,1,256,39.393,11.903,0.357
0x85b1c4060,1743,124,566,nqs_gate_kernel,24,1,1,256,8.213,2.421,0.362
0x85b1c4060,1743,124,567,native_quantize_q8_1_kernel,24,1,1,256,5.900,1.774,0.355
0x85b1c4060,1743,124,568,native_q6_k_mmvq_kernel_large,2560,1,1,128,94.981,32.898,0.353
0x85b1c4060,1743,124,569,fused_gr_norm1_kernel,1,1,1,256,22.211,5.874,1.340
0x85b1c4060,1743,124,570,fused_gr_down_kernel,41,1,1,256,31.202,5.522,0.403
0x85b1c4060,1743,124,571,fused_gr_up_kernel,160,1,1,256,37.118,10.303,0.343
0x85b1c4060,1743,124,572,bf16_f32_mmvf_kernel,512,1,1,256,14.292,2.915,3.230
0x85b1c4060,1743,124,573,route,1,1,1,256,23.109,6.250,0.336
0x85b1c4060,1743,124,574,to_bf16_kernel,10,1,1,256,4.053,1.380,0.341
0x85b1c4060,1743,124,575,native_quantize_q8_1_kernel,10,1,1,256,6.167,1.832,0.362
0x85b1c4060,1743,124,576,mmvq_direct_21_r2,80,1,1,128,21.347,6.142,0.508
0x85b1c4060,1743,124,577,native_q6_k_mmvq_kernel_large,640,1,1,128,16.328,5.229,0.861
0x85b1c4060,1743,124,578,shexp_native_swiglu_kernel,5,1,1,128,5.823,1.746,0.679
0x85b1c4060,1743,124,579,native_quantize_q8_1_kernel,3,1,1,256,5.070,1.547,0.356
0x85b1c4060,1743,124,580,native_iq4_nl_direct_r4,640,1,1,128,18.098,4.841,0.516
0x85b1c4060,1743,124,581,bf16_f32_mmvf_kernel,1,1,1,256,7.183,3.642,0.339
0x85b1c4060,1743,124,582,shexp_native_scalar_sigmoid_kernel,1,1,1,1,5.490,1.669,0.489
0x85b1c4060,1743,124,583,shexp_scale_rows_kernel,20,1,1,128,4.411,1.372,0.782
0x85b1c4060,1743,124,584,quantize_q8_1_kernel,10,1,1,256,6.375,1.945,4.087
0x85b1c4060,1743,124,585,native_resident_gu_22,160,10,1,256,176.063,62.393,3.013
0x85b1c4060,1743,124,586,swiglu_entries_kernel,25,1,1,256,5.732,1.788,0.364
0x85b1c4060,1743,124,587,quantize_q8_1_kernel,25,1,1,256,5.934,1.782,0.351
0x85b1c4060,1743,124,588,native_resident_down_direct_42_r4,80,10,1,256,100.088,33.438,1.804
0x85b1c4060,1743,124,589,nmoe_combine_kernel,10,1,1,256,8.259,2.379,0.347
0x85b1c4060,1743,124,590,fused_gr_norm1_kernel,1,1,1,256,21.458,5.557,0.349
0x85b1c4060,1743,124,591,fused_gr_down_kernel,41,1,1,256,30.800,5.190,0.348
0x85b1c4060,1743,124,592,fused_gr_up_kernel,160,1,1,256,37.295,9.774,0.332
0x85b1c4060,1743,124,593,native_quantize_q8_1_kernel,10,1,1,256,6.184,1.721,0.334
0x85b1c4060,1743,124,594,native_iq4_xs_direct_r4,2560,1,1,128,95.870,31.684,0.336
0x85b1c4060,1743,124,595,gdn_conv_l2_multi_kernel,80,1,1,128,7.755,1.978,0.356
0x85b1c4060,1743,124,596,gdn_ab_multi_kernel,12,1,1,256,17.102,4.482,0.329
0x85b1c4060,1743,124,597,native_iq4_xs_direct_r4,1536,1,1,128,58.931,17.127,1.431
0x85b1c4060,1743,124,598,gdn_step_norm_multi_kernel,48,1,1,512,28.884,6.407,0.366
0x85b1c4060,1743,124,599,native_quantize_q8_1_kernel,24,1,1,256,6.224,2.146,0.350
0x85b1c4060,1743,124,600,native_iq4_xs_direct_r4,640,1,1,128,55.838,14.359,0.357
0x85b1c4060,1743,124,601,fused_gr_norm1_kernel,1,1,1,256,21.686,6.133,0.352
0x85b1c4060,1743,124,602,fused_gr_down_kernel,41,1,1,256,30.639,5.035,0.356
0x85b1c4060,1743,124,603,fused_gr_up_kernel,160,1,1,256,37.666,15.666,0.329
0x85b1c4060,1743,124,604,bf16_f32_mmvf_kernel,512,1,1,256,14.258,2.561,0.324
0x85b1c4060,1743,124,605,route,1,1,1,256,23.066,5.594,2.909
0x85b1c4060,1743,124,606,to_bf16_kernel,10,1,1,256,4.296,1.349,0.320
0x85b1c4060,1743,124,607,native_quantize_q8_1_kernel,10,1,1,256,6.103,1.676,0.355
0x85b1c4060,1743,124,608,native_q6_k_mmvq_kernel_large,640,1,1,128,15.479,4.584,0.590
0x85b1c4060,1743,124,609,native_q6_k_mmvq_kernel_large,640,1,1,128,15.501,4.714,0.347
0x85b1c4060,1743,124,610,shexp_native_swiglu_kernel,5,1,1,128,5.642,1.552,0.362
0x85b1c4060,1743,124,611,native_quantize_q8_1_kernel,3,1,1,256,5.286,1.696,2.024
0x85b1c4060,1743,124,612,native_small_mmvq_kernel_q8_0_small,640,1,1,128,18.307,3.893,0.577
0x85b1c4060,1743,124,613,bf16_f32_mmvf_kernel,1,1,1,256,7.061,1.922,0.630
0x85b1c4060,1743,124,614,shexp_native_scalar_sigmoid_kernel,1,1,1,1,5.190,1.339,0.433
0x85b1c4060,1743,124,615,shexp_scale_rows_kernel,20,1,1,128,4.627,1.674,0.318
0x85b1c4060,1743,124,616,quantize_q8_1_kernel,10,1,1,256,6.237,1.727,0.485
0x85b1c4060,1743,124,617,native_resident_gu_22,160,10,1,256,173.629,58.613,1.070
0x85b1c4060,1743,124,618,swiglu_entries_kernel,25,1,1,256,6.246,2.047,0.353
0x85b1c4060,1743,124,619,quantize_q8_1_kernel,25,1,1,256,5.758,1.586,0.332
0x85b1c4060,1743,124,620,native_resident_down_direct_42_r4,80,10,1,256,98.896,31.820,0.329
0x85b1c4060,1743,124,621,nmoe_combine_kernel,10,1,1,256,7.916,2.182,0.348
0x85b1c4060,1743,124,622,fused_gr_norm1_kernel,1,1,1,256,20.985,5.252,0.339
0x85b1c4060,1743,124,623,fused_gr_down_kernel,41,1,1,256,31.403,4.882,0.337
0x85b1c4060,1743,124,624,fused_gr_up_kernel,160,1,1,256,36.201,9.606,0.319
0x85b1c4060,1743,124,625,native_quantize_q8_1_kernel,10,1,1,256,6.475,1.869,0.324
0x85b1c4060,1743,124,626,native_iq4_xs_direct_r4,2560,1,1,128,93.610,27.963,0.317
0x85b1c4060,1743,124,627,gdn_conv_l2_multi_kernel,80,1,1,128,7.758,2.079,0.334
0x85b1c4060,1743,124,628,gdn_ab_multi_kernel,12,1,1,256,17.006,4.387,0.318
0x85b1c4060,1743,124,629,mmvq_direct_21_r2,768,1,1,128,81.954,26.159,0.340
0x85b1c4060,1743,124,630,gdn_step_norm_multi_kernel,48,1,1,512,29.554,8.668,0.353
0x85b1c4060,1743,124,631,native_quantize_q8_1_kernel,24,1,1,256,6.509,2.102,0.338
0x85b1c4060,1743,124,632,native_iq4_xs_direct_r4,640,1,1,128,54.484,14.109,0.330
0x85b1c4060,1743,124,633,fused_gr_norm1_kernel,1,1,1,256,21.787,8.912,0.335
0x85b1c4060,1743,124,634,fused_gr_down_kernel,41,1,1,256,30.964,4.810,0.338
0x85b1c4060,1743,124,635,fused_gr_up_kernel,160,1,1,256,36.596,9.567,0.333
0x85b1c4060,1743,124,636,bf16_f32_mmvf_kernel,512,1,1,256,15.304,12.615,0.328
0x85b1c4060,1743,124,637,route,1,1,1,256,23.465,8.074,0.336
0x85b1c4060,1743,124,638,to_bf16_kernel,10,1,1,256,5.265,6.936,0.334
0x85b1c4060,1743,124,639,native_quantize_q8_1_kernel,10,1,1,256,6.186,5.302,0.349
0x85b1c4060,1743,124,640,native_iq4_xs_direct_r4,160,1,1,128,16.491,11.332,329.125
0x85b1c4060,1743,124,641,native_iq4_xs_direct_r4,160,1,1,128,13.563,3.581,5.981
0x85b1c4060,1743,124,642,shexp_native_swiglu_kernel,5,1,1,128,5.846,5.552,4.299
0x85b1c4060,1743,124,643,native_quantize_q8_1_kernel,3,1,1,256,5.960,4.519,6.543
0x85b1c4060,1743,124,644,native_iq4_nl_direct_r4,640,1,1,128,17.838,4.366,16.934
0x85b1c4060,1743,124,645,bf16_f32_mmvf_kernel,1,1,1,256,7.162,1.714,3.398
0x85b1c4060,1743,124,646,shexp_native_scalar_sigmoid_kernel,1,1,1,1,5.146,1.252,1.280
0x85b1c4060,1743,124,647,shexp_scale_rows_kernel,20,1,1,128,4.262,1.123,1.139
0x85b1c4060,1743,124,648,quantize_q8_1_kernel,10,1,1,256,6.126,1.581,4.419
0x85b1c4060,1743,124,649,native_resident_gu_22,160,10,1,256,171.823,54.566,18.917
0x85b1c4060,1743,124,650,swiglu_entries_kernel,25,1,1,256,5.942,1.700,0.448
0x85b1c4060,1743,124,651,quantize_q8_1_kernel,25,1,1,256,5.773,1.682,0.409
0x85b1c4060,1743,124,652,native_resident_down_direct_42_r4,80,10,1,256,98.424,30.444,3.532
0x85b1c4060,1743,124,653,nmoe_combine_kernel,10,1,1,256,8.169,2.148,0.347
0x85b1c4060,1743,124,654,fused_gr_norm1_kernel,1,1,1,256,21.035,5.012,0.356
0x85b1c4060,1743,124,655,fused_gr_down_kernel,41,1,1,256,30.404,4.606,0.338
0x85b1c4060,1743,124,656,fused_gr_up_kernel,160,1,1,256,36.438,8.966,0.317
0x85b1c4060,1743,124,657,native_quantize_q8_1_kernel,10,1,1,256,5.843,1.612,0.320
0x85b1c4060,1743,124,658,native_iq4_xs_direct_r4,2560,1,1,128,93.194,25.838,0.322
0x85b1c4060,1743,124,659,gdn_conv_l2_multi_kernel,80,1,1,128,7.172,1.859,0.342
0x85b1c4060,1743,124,660,gdn_ab_multi_kernel,12,1,1,256,16.668,4.138,0.317
0x85b1c4060,1743,124,661,native_iq4_xs_direct_r4,1536,1,1,128,58.572,16.328,0.337
0x85b1c4060,1743,124,662,gdn_step_norm_multi_kernel,48,1,1,512,28.547,6.207,0.345
0x85b1c4060,1743,124,663,native_quantize_q8_1_kernel,24,1,1,256,6.174,2.238,0.336
0x85b1c4060,1743,124,664,native_iq4_xs_direct_r4,640,1,1,128,55.174,13.342,0.337
0x85b1c4060,1743,124,665,fused_gr_norm1_kernel,1,1,1,256,20.498,5.002,2.885
0x85b1c4060,1743,124,666,fused_gr_down_kernel,41,1,1,256,30.046,4.644,0.346
0x85b1c4060,1743,124,667,fused_gr_up_kernel,160,1,1,256,35.929,8.899,0.343
0x85b1c4060,1743,124,668,bf16_f32_mmvf_kernel,512,1,1,256,14.009,2.450,0.331
0x85b1c4060,1743,124,669,route,1,1,1,256,22.771,5.402,0.325
0x85b1c4060,1743,124,670,to_bf16_kernel,10,1,1,256,4.268,1.293,0.323
0x85b1c4060,1743,124,671,native_quantize_q8_1_kernel,10,1,1,256,5.830,1.598,0.457
0x85b1c4060,1743,124,672,mmvq_direct_21_r2,80,1,1,128,20.503,5.231,0.319
0x85b1c4060,1743,124,673,mmvq_direct_21_r2,80,1,1,128,19.110,5.555,0.566
0x85b1c4060,1743,124,674,shexp_native_swiglu_kernel,5,1,1,128,5.702,1.405,0.332
0x85b1c4060,1743,124,675,native_quantize_q8_1_kernel,3,1,1,256,5.091,1.485,0.328
0x85b1c4060,1743,124,676,native_iq4_nl_direct_r4,640,1,1,128,17.449,4.289,0.320
0x85b1c4060,1743,124,677,bf16_f32_mmvf_kernel,1,1,1,256,6.869,1.557,0.379
0x85b1c4060,1743,124,678,shexp_native_scalar_sigmoid_kernel,1,1,1,1,5.205,1.264,0.383
0x85b1c4060,1743,124,679,shexp_scale_rows_kernel,20,1,1,128,4.412,1.346,0.387
0x85b1c4060,1743,124,680,quantize_q8_1_kernel,10,1,1,256,6.211,1.541,0.396
0x85b1c4060,1743,124,681,native_resident_gu_16,160,10,1,256,161.929,51.762,0.630
0x85b1c4060,1743,124,682,swiglu_entries_kernel,25,1,1,256,6.226,1.829,0.344
0x85b1c4060,1743,124,683,quantize_q8_1_kernel,25,1,1,256,5.645,1.637,0.310
0x85b1c4060,1743,124,684,native_resident_down_direct_42_r4,80,10,1,256,98.917,30.822,0.305
0x85b1c4060,1743,124,685,nmoe_combine_kernel,10,1,1,256,7.752,1.922,2.479
0x85b1c4060,1743,124,686,fused_gr_norm1_kernel,1,1,1,256,20.020,4.832,0.324
0x85b1c4060,1743,124,687,fused_gr_down_kernel,41,1,1,256,30.654,4.844,0.341
0x85b1c4060,1743,124,688,fused_gr_up_kernel,160,1,1,256,36.420,8.939,0.385
0x85b1c4060,1743,124,689,native_quantize_q8_1_kernel,10,1,1,256,6.221,1.694,0.341
0x85b1c4060,1743,124,690,bf16_f32_mmvf_kernel,128,1,1,256,8.435,1.853,0.342
0x85b1c4060,1743,124,691,native_iq4_xs_direct_r4,128,1,1,128,14.596,3.749,2.403
0x85b1c4060,1743,124,692,native_iq4_xs_direct_r4,128,1,1,128,13.508,3.656,0.341
0x85b1c4060,1743,124,693,nqs_norm_kernel,2,1,1,256,6.620,1.740,0.323
0x85b1c4060,1743,124,694,native_rope_apply_kernel,1,2,1,128,11.665,2.611,0.326
0x85b1c4060,1743,124,695,copy_from_mapped_kernel,1,1,1,256,5.343,1.551,0.679
0x85b1c4060,1743,124,696,kv_append_kernel,2,1,1,256,13.746,3.272,0.876
0x85b1c4060,1743,124,697,nqsi_append_kernel,1,1,1,256,10.380,3.716,0.314
0x85b1c4060,1743,124,698,native_iq4_xs_direct_r4,3072,1,1,128,107.322,30.896,0.344
0x85b1c4060,1743,124,699,runtime_copy2d16,1,24,1,128,5.317,1.965,0.353
0x85b1c4060,1743,124,700,nqs_norm_kernel,24,1,1,256,6.320,1.842,0.329
0x85b1c4060,1743,124,701,native_rope_apply_kernel,1,24,1,128,10.850,3.025,0.348
0x85b1c4060,1743,124,702,bf16_f32_mmvf_kernel,512,1,1,256,14.238,2.552,0.597
0x85b1c4060,1743,124,703,nqs_norm_kernel,4,1,1,256,5.896,1.580,0.728
0x85b1c4060,1743,124,704,native_rope_apply_kernel,1,4,1,128,8.259,2.537,0.556
0x85b1c4060,1743,124,705,block_scores_multi_kernel,256,1,1,256,16.127,4.298,0.314
0x85b1c4060,1743,124,706,block_topk_kernel,1,1,1,256,97.808,31.554,0.579
0x85b1c4060,1743,124,707,attn_chunk_kernel_m0,33,2,1,256,129.707,40.889,0.338
0x85b1c4060,1743,124,708,attn_merge_kernel,24,1,1,256,39.301,11.115,0.333
0x85b1c4060,1743,124,709,nqs_gate_kernel,24,1,1,256,8.709,2.473,0.338
0x85b1c4060,1743,124,710,native_quantize_q8_1_kernel,24,1,1,256,5.889,1.767,0.344
0x85b1c4060,1743,124,711,native_iq4_xs_direct_r4,640,1,1,128,55.663,13.449,0.346
0x85b1c4060,1743,124,712,fused_gr_norm1_kernel,1,1,1,256,20.599,5.166,0.334
0x85b1c4060,1743,124,713,fused_gr_down_kernel,41,1,1,256,32.263,12.644,0.334
0x85b1c4060,1743,124,714,fused_gr_up_kernel,160,1,1,256,37.240,9.502,0.348
0x85b1c4060,1743,124,715,bf16_f32_mmvf_kernel,512,1,1,256,14.244,2.481,0.347
0x85b1c4060,1743,124,716,route,1,1,1,256,22.744,5.811,0.329
0x85b1c4060,1743,124,717,to_bf16_kernel,10,1,1,256,4.844,1.734,0.341
0x85b1c4060,1743,124,718,native_quantize_q8_1_kernel,10,1,1,256,5.873,1.637,0.338
0x85b1c4060,1743,124,719,native_iq4_xs_direct_r4,160,1,1,128,15.293,4.206,0.337
0x85b1c4060,1743,124,720,mmvq_direct_21_r2,80,1,1,128,21.317,5.597,329.245
0x85b1c4060,1743,124,721,shexp_native_swiglu_kernel,5,1,1,128,5.557,1.454,0.906
0x85b1c4060,1743,124,722,native_quantize_q8_1_kernel,3,1,1,256,5.612,1.612,3.168
0x85b1c4060,1743,124,723,native_iq4_nl_direct_r4,640,1,1,128,18.454,4.622,7.625
0x85b1c4060,1743,124,724,bf16_f32_mmvf_kernel,1,1,1,256,7.307,1.843,5.340
0x85b1c4060,1743,124,725,shexp_native_scalar_sigmoid_kernel,1,1,1,1,5.290,1.410,3.677
0x85b1c4060,1743,124,726,shexp_scale_rows_kernel,20,1,1,128,4.553,1.411,5.114
0x85b1c4060,1743,124,727,quantize_q8_1_kernel,10,1,1,256,6.108,1.601,2.443
0x85b1c4060,1743,124,728,native_resident_gu_16,160,10,1,256,166.113,55.603,12.761
0x85b1c4060,1743,124,729,swiglu_entries_kernel,25,1,1,256,5.855,1.735,0.792
0x85b1c4060,1743,124,730,quantize_q8_1_kernel,25,1,1,256,5.799,1.670,0.357
0x85b1c4060,1743,124,731,native_resident_down_direct_42_r4,80,10,1,256,101.403,33.697,0.880
0x85b1c4060,1743,124,732,nmoe_combine_kernel,10,1,1,256,8.139,2.301,2.786
0x85b1c4060,1743,124,733,fused_gr_norm1_kernel,1,1,1,256,21.804,5.536,0.370
0x85b1c4060,1743,124,734,fused_gr_down_kernel,41,1,1,256,30.906,5.400,0.396
0x85b1c4060,1743,124,735,fused_gr_up_kernel,160,1,1,256,37.566,10.567,0.370
0x85b1c4060,1743,124,736,native_quantize_q8_1_kernel,10,1,1,256,6.583,5.713,0.335
0x85b1c4060,1743,124,737,native_iq4_xs_direct_r4,2560,1,1,128,95.783,28.610,0.330
0x85b1c4060,1743,124,738,gdn_conv_l2_multi_kernel,80,1,1,128,7.727,2.016,0.353
0x85b1c4060,1743,124,739,gdn_ab_multi_kernel,12,1,1,256,17.171,4.569,0.351
0x85b1c4060,1743,124,740,native_iq4_xs_direct_r4,1536,1,1,128,60.695,17.281,0.340
0x85b1c4060,1743,124,741,gdn_step_norm_multi_kernel,48,1,1,512,29.299,6.620,0.368
0x85b1c4060,1743,124,742,native_quantize_q8_1_kernel,24,1,1,256,6.294,2.050,0.371
0x85b1c4060,1743,124,743,native_iq4_xs_direct_r4,640,1,1,128,57.260,14.807,0.367
0x85b1c4060,1743,124,744,fused_gr_norm1_kernel,1,1,1,256,21.556,5.441,0.367
0x85b1c4060,1743,124,745,fused_gr_down_kernel,41,1,1,256,31.140,4.809,2.840
0x85b1c4060,1743,124,746,fused_gr_up_kernel,160,1,1,256,37.115,9.653,0.367
0x85b1c4060,1743,124,747,bf16_f32_mmvf_kernel,512,1,1,256,14.496,2.911,0.341
0x85b1c4060,1743,124,748,route,1,1,1,256,23.115,5.753,0.329
0x85b1c4060,1743,124,749,to_bf16_kernel,10,1,1,256,4.423,1.580,0.349
0x85b1c4060,1743,124,750,native_quantize_q8_1_kernel,10,1,1,256,5.918,1.641,0.358
0x85b1c4060,1743,124,751,native_iq4_xs_direct_r4,160,1,1,128,15.011,3.961,0.679
0x85b1c4060,1743,124,752,native_iq4_xs_direct_r4,160,1,1,128,13.727,3.762,0.343
0x85b1c4060,1743,124,753,shexp_native_swiglu_kernel,5,1,1,128,5.815,1.577,0.347
0x85b1c4060,1743,124,754,native_quantize_q8_1_kernel,3,1,1,256,5.197,1.525,0.354
0x85b1c4060,1743,124,755,native_small_mmvq_kernel_q8_0_small,640,1,1,128,18.025,3.837,0.520
0x85b1c4060,1743,124,756,bf16_f32_mmvf_kernel,1,1,1,256,7.010,1.760,0.340
0x85b1c4060,1743,124,757,shexp_native_scalar_sigmoid_kernel,1,1,1,1,5.404,1.432,0.331
0x85b1c4060,1743,124,758,shexp_scale_rows_kernel,20,1,1,128,5.405,10.093,1.247
0x85b1c4060,1743,124,759,quantize_q8_1_kernel,10,1,1,256,6.349,1.669,0.365
0x85b1c4060,1743,124,760,native_resident_gu_22,160,10,1,256,177.536,62.066,0.333
0x85b1c4060,1743,124,761,swiglu_entries_kernel,25,1,1,256,7.070,8.329,0.336
0x85b1c4060,1743,124,762,quantize_q8_1_kernel,25,1,1,256,5.998,2.228,0.340
0x85b1c4060,1743,124,763,native_resident_down_direct_42_r4,80,10,1,256,102.037,33.421,0.346
0x85b1c4060,1743,124,764,nmoe_combine_kernel,10,1,1,256,8.068,2.337,0.343
0x85b1c4060,1743,124,765,fused_gr_norm1_kernel,1,1,1,256,20.388,5.278,2.581
0x85b1c4060,1743,124,766,fused_gr_down_kernel,41,1,1,256,31.143,5.182,0.350
0x85b1c4060,1743,124,767,fused_gr_up_kernel,160,1,1,256,37.270,9.573,0.389
0x85b1c4060,1743,124,768,native_quantize_q8_1_kernel,10,1,1,256,6.553,2.021,0.318
0x85b1c4060,1743,124,769,native_iq4_xs_direct_r4,2560,1,1,128,94.318,27.855,0.319
0x85b1c4060,1743,124,770,gdn_conv_l2_multi_kernel,80,1,1,128,7.660,2.041,0.341
0x85b1c4060,1743,124,771,gdn_ab_multi_kernel,12,1,1,256,16.950,4.387,3.047
0x85b1c4060,1743,124,772,mmvq_direct_21_r2,768,1,1,128,83.632,27.224,0.308
0x85b1c4060,1743,124,773,gdn_step_norm_multi_kernel,48,1,1,512,29.368,6.524,0.352
0x85b1c4060,1743,124,774,native_quantize_q8_1_kernel,24,1,1,256,6.379,2.236,0.355
0x85b1c4060,1743,124,775,mmvq_direct_21_r2,320,1,1,128,72.729,23.392,0.352
0x85b1c4060,1743,124,776,fused_gr_norm1_kernel,1,1,1,256,22.889,13.208,0.354
0x85b1c4060,1743,124,777,fused_gr_down_kernel,41,1,1,256,30.930,4.762,0.342
0x85b1c4060,1743,124,778,fused_gr_up_kernel,160,1,1,256,37.473,9.515,0.354
0x85b1c4060,1743,124,779,bf16_f32_mmvf_kernel,512,1,1,256,15.653,10.304,0.330
0x85b1c4060,1743,124,780,route,1,1,1,256,23.310,6.281,0.315
0x85b1c4060,1743,124,781,to_bf16_kernel,10,1,1,256,4.562,1.693,0.315
0x85b1c4060,1743,124,782,native_quantize_q8_1_kernel,10,1,1,256,6.128,1.813,0.330
0x85b1c4060,1743,124,783,native_iq4_xs_direct_r4,160,1,1,128,15.174,4.052,0.336
0x85b1c4060,1743,124,784,mmvq_direct_21_r2,80,1,1,128,20.233,5.683,0.347
0x85b1c4060,1743,124,785,shexp_native_swiglu_kernel,5,1,1,128,5.960,1.571,0.342
0x85b1c4060,1743,124,786,native_quantize_q8_1_kernel,3,1,1,256,5.091,1.398,0.358
0x85b1c4060,1743,124,787,native_small_mmvq_kernel_q8_0_small,640,1,1,128,18.894,6.703,0.358
0x85b1c4060,1743,124,788,bf16_f32_mmvf_kernel,1,1,1,256,7.526,6.178,0.342
0x85b1c4060,1743,124,789,shexp_native_scalar_sigmoid_kernel,1,1,1,1,5.449,1.783,0.334
0x85b1c4060,1743,124,790,shexp_scale_rows_kernel,20,1,1,128,4.744,1.819,0.340
0x85b1c4060,1743,124,791,quantize_q8_1_kernel,10,1,1,256,6.305,1.688,0.335
0x85b1c4060,1743,124,792,native_resident_gu_22,160,10,1,256,176.758,58.898,0.321
0x85b1c4060,1743,124,793,swiglu_entries_kernel,25,1,1,256,6.451,2.093,0.329
0x85b1c4060,1743,124,794,quantize_q8_1_kernel,25,1,1,256,5.986,1.700,0.324
0x85b1c4060,1743,124,795,native_resident_down_direct_42_r4,80,10,1,256,101.444,33.701,0.342
0x85b1c4060,1743,124,796,nmoe_combine_kernel,10,1,1,256,8.060,2.250,0.343
0x85b1c4060,1743,124,797,fused_gr_norm1_kernel,1,1,1,256,20.439,5.597,0.350
0x85b1c4060,1743,124,798,fused_gr_down_kernel,41,1,1,256,31.925,4.544,0.349
0x85b1c4060,1743,124,799,fused_gr_up_kernel,160,1,1,256,37.209,9.576,0.351
0x85b1c4060,1743,124,800,native_quantize_q8_1_kernel,10,1,1,256,6.594,1.804,330.320
0x85b1c4060,1743,124,801,native_iq4_xs_direct_r4,2560,1,1,128,94.504,27.624,5.637
0x85b1c4060,1743,124,802,gdn_conv_l2_multi_kernel,80,1,1,128,7.246,1.866,1.212
0x85b1c4060,1743,124,803,gdn_ab_multi_kernel,12,1,1,256,16.989,4.438,2.737
0x85b1c4060,1743,124,804,mmvq_direct_21_r2,768,1,1,128,84.343,28.849,1.959
0x85b1c4060,1743,124,805,gdn_step_norm_multi_kernel,48,1,1,512,29.510,6.895,0.355
0x85b1c4060,1743,124,806,native_quantize_q8_1_kernel,24,1,1,256,6.272,3.147,0.442
0x85b1c4060,1743,124,807,native_iq4_xs_direct_r4,640,1,1,128,56.327,14.786,0.892
0x85b1c4060,1743,124,808,fused_gr_norm1_kernel,1,1,1,256,22.141,5.686,0.348
0x85b1c4060,1743,124,809,fused_gr_down_kernel,41,1,1,256,31.644,4.720,0.340
0x85b1c4060,1743,124,810,fused_gr_up_kernel,160,1,1,256,37.644,11.408,0.354
0x85b1c4060,1743,124,811,bf16_f32_mmvf_kernel,512,1,1,256,14.441,2.541,0.345
0x85b1c4060,1743,124,812,route,1,1,1,256,27.708,51.270,8.328
0x85b1c4060,1743,124,813,to_bf16_kernel,10,1,1,256,4.307,1.634,0.329
0x85b1c4060,1743,124,814,native_quantize_q8_1_kernel,10,1,1,256,6.858,10.643,0.817
0x85b1c4060,1743,124,815,native_iq4_xs_direct_r4,160,1,1,128,14.896,5.995,0.343
0x85b1c4060,1743,124,816,native_iq4_xs_direct_r4,160,1,1,128,14.449,7.669,0.347
0x85b1c4060,1743,124,817,shexp_native_swiglu_kernel,5,1,1,128,6.895,13.464,0.344
0x85b1c4060,1743,124,818,native_quantize_q8_1_kernel,3,1,1,256,5.240,1.631,0.363
0x85b1c4060,1743,124,819,native_q2_0_mmvq_kernel_small,640,1,1,128,28.595,7.392,0.368
0x85b1c4060,1743,124,820,bf16_f32_mmvf_kernel,1,1,1,256,7.019,2.069,0.359
0x85b1c4060,1743,124,821,shexp_native_scalar_sigmoid_kernel,1,1,1,1,5.472,1.617,0.336
0x85b1c4060,1743,124,822,shexp_scale_rows_kernel,20,1,1,128,4.575,1.813,1.292
0x85b1c4060,1743,124,823,quantize_q8_1_kernel,10,1,1,256,6.534,2.272,0.332
0x85b1c4060,1743,124,824,native_resident_gu_22,160,10,1,256,177.546,61.119,0.325
0x85b1c4060,1743,124,825,swiglu_entries_kernel,25,1,1,256,6.592,7.541,3.356
0x85b1c4060,1743,124,826,quantize_q8_1_kernel,25,1,1,256,6.016,1.948,0.339
0x85b1c4060,1743,124,827,native_resident_down_direct_42_r4,80,10,1,256,101.881,34.287,0.798
0x85b1c4060,1743,124,828,nmoe_combine_kernel,10,1,1,256,9.198,12.157,0.351
0x85b1c4060,1743,124,829,fused_gr_norm1_kernel,1,1,1,256,21.055,5.721,0.359
0x85b1c4060,1743,124,830,fused_gr_down_kernel,41,1,1,256,31.096,5.287,0.360
0x85b1c4060,1743,124,831,fused_gr_up_kernel,160,1,1,256,37.446,10.183,0.372
0x85b1c4060,1743,124,832,native_quantize_q8_1_kernel,10,1,1,256,6.353,1.833,0.340
0x85b1c4060,1743,124,833,bf16_f32_mmvf_kernel,128,1,1,256,8.896,2.340,0.370
0x85b1c4060,1743,124,834,native_iq4_xs_direct_r4,128,1,1,128,14.390,4.034,0.388
0x85b1c4060,1743,124,835,native_q6_k_mmvq_kernel_large,512,1,1,128,14.213,4.430,0.388
0x85b1c4060,1743,124,836,nqs_norm_kernel,2,1,1,256,6.764,1.802,0.333
0x85b1c4060,1743,124,837,native_rope_apply_kernel,1,2,1,128,11.969,3.062,0.346
0x85b1c4060,1743,124,838,copy_from_mapped_kernel,1,1,1,256,5.799,1.829,0.352
0x85b1c4060,1743,124,839,kv_append_kernel,2,1,1,256,14.146,3.534,0.390
0x85b1c4060,1743,124,840,nqsi_append_kernel,1,1,1,256,10.815,3.879,0.430
0x85b1c4060,1743,124,841,native_iq4_xs_direct_r4,3072,1,1,128,110.322,33.666,0.717
0x85b1c4060,1743,124,842,runtime_copy2d16,1,24,1,128,5.235,1.780,0.382
0x85b1c4060,1743,124,843,nqs_norm_kernel,24,1,1,256,6.697,2.011,0.352
0x85b1c4060,1743,124,844,native_rope_apply_kernel,1,24,1,128,11.082,3.110,0.341
0x85b1c4060,1743,124,845,bf16_f32_mmvf_kernel,512,1,1,256,14.550,2.572,2.721
0x85b1c4060,1743,124,846,nqs_norm_kernel,4,1,1,256,6.178,1.743,0.356
0x85b1c4060,1743,124,847,native_rope_apply_kernel,1,4,1,128,8.277,2.638,0.343
0x85b1c4060,1743,124,848,block_scores_multi_kernel,256,1,1,256,16.302,4.513,0.325
0x85b1c4060,1743,124,849,block_topk_kernel,1,1,1,256,100.645,33.913,0.329
0x85b1c4060,1743,124,850,attn_chunk_kernel_m0,33,2,1,256,129.386,39.695,0.337
0x85b1c4060,1743,124,851,attn_merge_kernel,24,1,1,256,39.527,11.625,2.748
0x85b1c4060,1743,124,852,nqs_gate_kernel,24,1,1,256,8.892,3.323,0.329
0x85b1c4060,1743,124,853,native_quantize_q8_1_kernel,24,1,1,256,6.196,2.096,0.346
0x85b1c4060,1743,124,854,native_iq4_xs_direct_r4,640,1,1,128,54.815,14.379,0.352
0x85b1c4060,1743,124,855,fused_gr_norm1_kernel,1,1,1,256,23.162,14.868,0.354
0x85b1c4060,1743,124,856,fused_gr_down_kernel,41,1,1,256,31.214,4.867,0.345
0x85b1c4060,1743,124,857,fused_gr_up_kernel,160,1,1,256,38.074,12.115,0.362
0x85b1c4060,1743,124,858,bf16_f32_mmvf_kernel,512,1,1,256,14.173,2.586,0.344
0x85b1c4060,1743,124,859,route,1,1,1,256,22.859,6.192,0.330
0x85b1c4060,1743,124,860,to_bf16_kernel,10,1,1,256,4.150,1.412,0.327
0x85b1c4060,1743,124,861,native_quantize_q8_1_kernel,10,1,1,256,5.674,1.706,0.335
0x85b1c4060,1743,124,862,mmvq_direct_21_r2,80,1,1,128,21.241,6.092,0.342
0x85b1c4060,1743,124,863,native_iq4_xs_direct_r4,160,1,1,128,15.102,4.193,0.358
0x85b1c4060,1743,124,864,shexp_native_swiglu_kernel,5,1,1,128,5.898,1.580,0.352
0x85b1c4060,1743,124,865,native_quantize_q8_1_kernel,3,1,1,256,5.212,1.572,0.487
0x85b1c4060,1743,124,866,native_iq4_nl_direct_r4,640,1,1,128,18.618,5.129,0.362
0x85b1c4060,1743,124,867,bf16_f32_mmvf_kernel,1,1,1,256,7.110,1.964,0.533
0x85b1c4060,1743,124,868,shexp_native_scalar_sigmoid_kernel,1,1,1,1,5.366,1.473,0.353
0x85b1c4060,1743,124,869,shexp_scale_rows_kernel,20,1,1,128,4.850,1.842,0.671
0x85b1c4060,1743,124,870,quantize_q8_1_kernel,10,1,1,256,6.381,1.779,0.927
0x85b1c4060,1743,124,871,native_resident_gu_22,160,10,1,256,178.284,62.434,0.648
0x85b1c4060,1743,124,872,swiglu_entries_kernel,25,1,1,256,6.612,2.516,0.341
0x85b1c4060,1743,124,873,quantize_q8_1_kernel,25,1,1,256,6.067,1.830,0.322
0x85b1c4060,1743,124,874,native_resident_down_direct_42_r4,80,10,1,256,101.328,34.348,0.787
0x85b1c4060,1743,124,875,nmoe_combine_kernel,10,1,1,256,8.212,2.399,0.619
0x85b1c4060,1743,124,876,fused_gr_norm1_kernel,1,1,1,256,20.488,5.871,0.544
0x85b1c4060,1743,124,877,fused_gr_down_kernel,41,1,1,256,31.300,5.270,0.844
0x85b1c4060,1743,124,878,fused_gr_up_kernel,160,1,1,256,37.404,10.023,0.358
0x85b1c4060,1743,124,879,native_quantize_q8_1_kernel,10,1,1,256,6.531,1.812,0.349
0x85b1c4060,1743,124,880,native_iq4_xs_direct_r4,2560,1,1,128,95.171,28.721,330.156
0x85b1c4060,1743,124,881,gdn_conv_l2_multi_kernel,80,1,1,128,7.316,1.897,0.930
0x85b1c4060,1743,124,882,gdn_ab_multi_kernel,12,1,1,256,17.274,4.652,1.576
0x85b1c4060,1743,124,883,native_q6_k_mmvq_kernel_large,6144,1,1,128,98.151,33.643,1.658
0x85b1c4060,1743,124,884,gdn_step_norm_multi_kernel,48,1,1,512,29.160,6.602,1.091
0x85b1c4060,1743,124,885,native_quantize_q8_1_kernel,24,1,1,256,6.185,1.896,1.010
0x85b1c4060,1743,124,886,mmvq_direct_21_r2,320,1,1,128,74.148,23.515,0.367
0x85b1c4060,1743,124,887,fused_gr_norm1_kernel,1,1,1,256,23.114,12.627,0.369
0x85b1c4060,1743,124,888,fused_gr_down_kernel,41,1,1,256,31.701,5.021,0.358
0x85b1c4060,1743,124,889,fused_gr_up_kernel,160,1,1,256,37.197,9.745,0.454
0x85b1c4060,1743,124,890,bf16_f32_mmvf_kernel,512,1,1,256,14.441,2.451,0.408
0x85b1c4060,1743,124,891,route,1,1,1,256,23.442,5.939,1.432
0x85b1c4060,1743,124,892,to_bf16_kernel,10,1,1,256,4.157,1.315,2.817
0x85b1c4060,1743,124,893,native_quantize_q8_1_kernel,10,1,1,256,5.868,1.715,0.350
0x85b1c4060,1743,124,894,native_iq4_xs_direct_r4,160,1,1,128,14.979,3.941,1.190
0x85b1c4060,1743,124,895,native_iq4_xs_direct_r4,160,1,1,128,13.776,3.956,0.420
0x85b1c4060,1743,124,896,shexp_native_swiglu_kernel,5,1,1,128,5.760,1.617,0.358
0x85b1c4060,1743,124,897,native_quantize_q8_1_kernel,3,1,1,256,5.132,1.461,0.368
0x85b1c4060,1743,124,898,native_iq4_nl_direct_r4,640,1,1,128,18.436,4.727,0.364
0x85b1c4060,1743,124,899,bf16_f32_mmvf_kernel,1,1,1,256,7.095,1.799,0.369
0x85b1c4060,1743,124,900,shexp_native_scalar_sigmoid_kernel,1,1,1,1,5.669,2.646,0.807
0x85b1c4060,1743,124,901,shexp_scale_rows_kernel,20,1,1,128,4.397,1.274,0.835
0x85b1c4060,1743,124,902,quantize_q8_1_kernel,10,1,1,256,6.397,1.737,0.995
0x85b1c4060,1743,124,903,native_resident_gu_22,160,10,1,256,176.713,60.658,0.441
0x85b1c4060,1743,124,904,swiglu_entries_kernel,25,1,1,256,5.808,1.688,0.333
0x85b1c4060,1743,124,905,quantize_q8_1_kernel,25,1,1,256,5.952,1.817,0.333
0x85b1c4060,1743,124,906,native_resident_down_direct_42_r4,80,10,1,256,101.261,34.135,0.365
0x85b1c4060,1743,124,907,nmoe_combine_kernel,10,1,1,256,8.035,2.312,0.363
0x85b1c4060,1743,124,908,fused_gr_norm1_kernel,1,1,1,256,20.550,5.544,0.352
0x85b1c4060,1743,124,909,fused_gr_down_kernel,41,1,1,256,30.653,5.446,0.365
0x85b1c4060,1743,124,910,fused_gr_up_kernel,160,1,1,256,37.157,10.180,0.362
0x85b1c4060,1743,124,911,native_quantize_q8_1_kernel,10,1,1,256,7.191,8.487,0.350
0x85b1c4060,1743,124,912,native_iq4_xs_direct_r4,2560,1,1,128,95.734,31.108,0.330
0x85b1c4060,1743,124,913,gdn_conv_l2_multi_kernel,80,1,1,128,7.524,2.072,0.349
0x85b1c4060,1743,124,914,gdn_ab_multi_kernel,12,1,1,256,17.254,4.749,0.341
0x85b1c4060,1743,124,915,native_q6_k_mmvq_kernel_large,6144,1,1,128,99.202,36.131,0.350
0x85b1c4060,1743,124,916,gdn_step_norm_multi_kernel,48,1,1,512,29.489,6.743,0.343
0x85b1c4060,1743,124,917,native_quantize_q8_1_kernel,24,1,1,256,6.548,2.021,0.357
0x85b1c4060,1743,124,918,native_iq4_xs_direct_r4,640,1,1,128,56.879,18.491,0.364
0x85b1c4060,1743,124,919,fused_gr_norm1_kernel,1,1,1,256,21.839,5.487,0.356
0x85b1c4060,1743,124,920,fused_gr_down_kernel,41,1,1,256,30.865,5.174,0.342
0x85b1c4060,1743,124,921,fused_gr_up_kernel,160,1,1,256,37.267,10.764,0.343
0x85b1c4060,1743,124,922,bf16_f32_mmvf_kernel,512,1,1,256,15.492,14.895,0.342
0x85b1c4060,1743,124,923,route,1,1,1,256,23.082,6.078,0.334
0x85b1c4060,1743,124,924,to_bf16_kernel,10,1,1,256,4.602,1.640,0.323
0x85b1c4060,1743,124,925,native_quantize_q8_1_kernel,10,1,1,256,5.998,1.830,2.897
0x85b1c4060,1743,124,926,mmvq_direct_21_r2,80,1,1,128,20.974,6.046,0.337
0x85b1c4060,1743,124,927,native_iq4_xs_direct_r4,160,1,1,128,15.082,4.259,0.359
0x85b1c4060,1743,124,928,shexp_native_swiglu_kernel,5,1,1,128,5.905,1.751,0.751
0x85b1c4060,1743,124,929,native_quantize_q8_1_kernel,3,1,1,256,5.125,1.468,0.340
0x85b1c4060,1743,124,930,native_iq4_nl_direct_r4,640,1,1,128,18.190,4.924,0.355
0x85b1c4060,1743,124,931,bf16_f32_mmvf_kernel,1,1,1,256,6.939,1.766,2.865
0x85b1c4060,1743,124,932,shexp_native_scalar_sigmoid_kernel,1,1,1,1,5.562,1.611,0.343
0x85b1c4060,1743,124,933,shexp_scale_rows_kernel,20,1,1,128,4.547,1.384,0.339
0x85b1c4060,1743,124,934,quantize_q8_1_kernel,10,1,1,256,6.380,1.848,0.754
0x85b1c4060,1743,124,935,native_resident_gu_22,160,10,1,256,175.439,58.360,0.332
0x85b1c4060,1743,124,936,swiglu_entries_kernel,25,1,1,256,6.327,1.967,0.322
0x85b1c4060,1743,124,937,quantize_q8_1_kernel,25,1,1,256,6.004,1.879,0.312
0x85b1c4060,1743,124,938,native_resident_down_direct_42_r4,80,10,1,256,101.464,34.519,0.349
0x85b1c4060,1743,124,939,nmoe_combine_kernel,10,1,1,256,8.371,2.319,0.353
0x85b1c4060,1743,124,940,fused_gr_norm1_kernel,1,1,1,256,20.842,5.169,0.323
0x85b1c4060,1743,124,941,fused_gr_down_kernel,41,1,1,256,31.385,4.951,0.353
0x85b1c4060,1743,124,942,fused_gr_up_kernel,160,1,1,256,37.740,11.561,0.345
0x85b1c4060,1743,124,943,native_quantize_q8_1_kernel,10,1,1,256,6.276,1.698,0.339
0x85b1c4060,1743,124,944,native_iq4_xs_direct_r4,2560,1,1,128,94.281,27.655,0.364
0x85b1c4060,1743,124,945,gdn_conv_l2_multi_kernel,80,1,1,128,7.855,1.867,0.329
0x85b1c4060,1743,124,946,gdn_ab_multi_kernel,12,1,1,256,16.935,4.394,1.826
0x85b1c4060,1743,124,947,mmvq_direct_21_r2,768,1,1,128,86.570,44.908,0.333
0x85b1c4060,1743,124,948,gdn_step_norm_multi_kernel,48,1,1,512,29.372,6.413,0.326
0x85b1c4060,1743,124,949,native_quantize_q8_1_kernel,24,1,1,256,6.635,2.136,0.345
0x85b1c4060,1743,124,950,native_iq4_xs_direct_r4,640,1,1,128,55.832,13.960,0.351
0x85b1c4060,1743,124,951,fused_gr_norm1_kernel,1,1,1,256,20.776,5.342,3.625
0x85b1c4060,1743,124,952,fused_gr_down_kernel,41,1,1,256,31.634,4.853,0.335
0x85b1c4060,1743,124,953,fused_gr_up_kernel,160,1,1,256,36.463,9.481,0.339
0x85b1c4060,1743,124,954,bf16_f32_mmvf_kernel,512,1,1,256,14.557,2.374,0.343
0x85b1c4060,1743,124,955,route,1,1,1,256,22.840,5.678,0.667
0x85b1c4060,1743,124,956,to_bf16_kernel,10,1,1,256,4.965,1.616,0.315
0x85b1c4060,1743,124,957,native_quantize_q8_1_kernel,10,1,1,256,5.819,1.715,1.708
0x85b1c4060,1743,124,958,native_iq4_xs_direct_r4,160,1,1,128,14.578,3.990,0.350
0x85b1c4060,1743,124,959,mmvq_direct_21_r2,80,1,1,128,21.170,5.435,0.353
0x85b1c4060,1743,124,960,shexp_native_swiglu_kernel,5,1,1,128,5.959,1.623,346.500
0x85b1c4060,1743,124,961,native_quantize_q8_1_kernel,3,1,1,256,5.681,1.689,3.752
0x85b1c4060,1743,124,962,native_iq4_nl_direct_r4,640,1,1,128,18.125,4.577,12.167
0x85b1c4060,1743,124,963,bf16_f32_mmvf_kernel,1,1,1,256,7.190,1.829,10.958
0x85b1c4060,1743,124,964,shexp_native_scalar_sigmoid_kernel,1,1,1,1,5.270,1.531,15.572
0x85b1c4060,1743,124,965,shexp_scale_rows_kernel,20,1,1,128,4.620,2.455,15.078
0x85b1c4060,1743,124,966,quantize_q8_1_kernel,10,1,1,256,6.132,1.624,3.409
0x85b1c4060,1743,124,967,native_resident_gu_22,160,10,1,256,173.493,55.322,2.490
0x85b1c4060,1743,124,968,swiglu_entries_kernel,25,1,1,256,5.633,1.536,0.328
0x85b1c4060,1743,124,969,quantize_q8_1_kernel,25,1,1,256,5.740,1.612,0.668
0x85b1c4060,1743,124,970,native_resident_down_direct_42_r4,80,10,1,256,99.585,31.019,0.353
0x85b1c4060,1743,124,971,nmoe_combine_kernel,10,1,1,256,8.133,2.153,0.349
0x85b1c4060,1743,124,972,fused_gr_norm1_kernel,1,1,1,256,20.532,4.894,2.786
0x85b1c4060,1743,124,973,fused_gr_down_kernel,41,1,1,256,31.176,5.085,2.598
0x85b1c4060,1743,124,974,fused_gr_up_kernel,160,1,1,256,36.553,9.233,0.353
0x85b1c4060,1743,124,975,native_quantize_q8_1_kernel,10,1,1,256,6.320,3.058,0.356
0x85b1c4060,1743,124,976,bf16_f32_mmvf_kernel,128,1,1,256,8.543,1.778,0.333
0x85b1c4060,1743,124,977,native_iq4_xs_direct_r4,128,1,1,128,14.346,3.723,1.000
0x85b1c4060,1743,124,978,native_iq4_xs_direct_r4,128,1,1,128,13.372,3.632,0.343
0x85b1c4060,1743,124,979,nqs_norm_kernel,2,1,1,256,6.618,1.733,0.337
0x85b1c4060,1743,124,980,native_rope_apply_kernel,1,2,1,128,11.654,2.622,0.325
0x85b1c4060,1743,124,981,copy_from_mapped_kernel,1,1,1,256,5.147,1.522,0.356
0x85b1c4060,1743,124,982,kv_append_kernel,2,1,1,256,13.623,3.252,0.356
0x85b1c4060,1743,124,983,nqsi_append_kernel,1,1,1,256,10.437,3.848,0.359
0x85b1c4060,1743,124,984,native_iq4_xs_direct_r4,3072,1,1,128,107.965,31.120,0.348
0x85b1c4060,1743,124,985,runtime_copy2d16,1,24,1,128,4.752,1.534,0.351
0x85b1c4060,1743,124,986,nqs_norm_kernel,24,1,1,256,6.329,1.618,0.347
0x85b1c4060,1743,124,987,native_rope_apply_kernel,1,24,1,128,10.792,2.895,0.332
0x85b1c4060,1743,124,988,bf16_f32_mmvf_kernel,512,1,1,256,13.974,2.464,0.650
0x85b1c4060,1743,124,989,nqs_norm_kernel,4,1,1,256,5.883,1.689,0.327
0x85b1c4060,1743,124,990,native_rope_apply_kernel,1,4,1,128,8.097,2.353,0.331
0x85b1c4060,1743,124,991,block_scores_multi_kernel,256,1,1,256,15.697,3.983,0.353
0x85b1c4060,1743,124,992,block_topk_kernel,1,1,1,256,95.729,30.423,0.581
0x85b1c4060,1743,124,993,attn_chunk_kernel_m0,33,2,1,256,127.005,37.390,0.336
0x85b1c4060,1743,124,994,attn_merge_kernel,24,1,1,256,38.891,11.017,0.358
0x85b1c4060,1743,124,995,nqs_gate_kernel,24,1,1,256,8.643,2.497,0.357
0x85b1c4060,1743,124,996,native_quantize_q8_1_kernel,24,1,1,256,6.348,1.775,0.351
0x85b1c4060,1743,124,997,native_iq4_xs_direct_r4,640,1,1,128,54.433,14.277,0.341
0x85b1c4060,1743,124,998,fused_gr_norm1_kernel,1,1,1,256,21.828,5.386,0.347
0x85b1c4060,1743,124,999,fused_gr_down_kernel,41,1,1,256,31.153,5.216,0.342
0x85b1c4060,1743,124,1000,fused_gr_up_kernel,160,1,1,256,37.057,9.693,0.322
0x85b1c4060,1743,124,1001,bf16_f32_mmvf_kernel,512,1,1,256,14.264,2.740,0.330
0x85b1c4060,1743,124,1002,route,1,1,1,256,22.957,6.050,0.707
0x85b1c4060,1743,124,1003,to_bf16_kernel,10,1,1,256,4.611,1.583,0.359
0x85b1c4060,1743,124,1004,native_quantize_q8_1_kernel,10,1,1,256,6.280,1.802,0.619
0x85b1c4060,1743,124,1005,native_q6_k_mmvq_kernel_large,640,1,1,128,17.396,13.977,2.650
0x85b1c4060,1743,124,1006,mmvq_direct_21_r2,80,1,1,128,21.561,6.113,0.839
0x85b1c4060,1743,124,1007,shexp_native_swiglu_kernel,5,1,1,128,6.178,2.037,0.358
0x85b1c4060,1743,124,1008,native_quantize_q8_1_kernel,3,1,1,256,5.240,1.571,0.402
0x85b1c4060,1743,124,1009,native_iq4_nl_direct_r4,640,1,1,128,18.791,5.082,0.970
0x85b1c4060,1743,124,1010,bf16_f32_mmvf_kernel,1,1,1,256,7.169,1.962,0.352
0x85b1c4060,1743,124,1011,shexp_native_scalar_sigmoid_kernel,1,1,1,1,5.548,1.638,2.791
0x85b1c4060,1743,124,1012,shexp_scale_rows_kernel,20,1,1,128,4.662,1.650,0.648
0x85b1c4060,1743,124,1013,quantize_q8_1_kernel,10,1,1,256,6.450,1.835,0.363
0x85b1c4060,1743,124,1014,native_resident_gu_16,160,10,1,256,163.562,52.288,1.169
0x85b1c4060,1743,124,1015,swiglu_entries_kernel,25,1,1,256,6.608,1.965,0.365
0x85b1c4060,1743,124,1016,quantize_q8_1_kernel,25,1,1,256,5.621,1.714,0.351
0x85b1c4060,1743,124,1017,native_resident_down_direct_42_r4,80,10,1,256,98.812,30.412,0.349
0x85b1c4060,1743,124,1018,nmoe_combine_kernel,10,1,1,256,8.063,2.135,0.327
0x85b1c4060,1743,124,1019,fused_gr_norm1_kernel,1,1,1,256,21.246,5.017,0.326
0x85b1c4060,1743,124,1020,fused_gr_down_kernel,41,1,1,256,31.681,4.654,0.336
0x85b1c4060,1743,124,1021,fused_gr_up_kernel,160,1,1,256,37.079,9.020,0.327
0x85b1c4060,1743,124,1022,native_quantize_q8_1_kernel,10,1,1,256,6.413,1.697,0.443
0x85b1c4060,1743,124,1023,native_iq4_xs_direct_r4,2560,1,1,128,93.518,25.871,0.956
0x85b1c4060,1743,124,1024,gdn_conv_l2_multi_kernel,80,1,1,128,7.903,3.103,0.378
0x85b1c4060,1743,124,1025,gdn_ab_multi_kernel,12,1,1,256,17.099,4.298,0.346
0x85b1c4060,1743,124,1026,native_iq4_xs_direct_r4,1536,1,1,128,59.351,16.102,0.630
0x85b1c4060,1743,124,1027,gdn_step_norm_multi_kernel,48,1,1,512,28.870,6.064,0.379
0x85b1c4060,1743,124,1028,native_quantize_q8_1_kernel,24,1,1,256,6.685,1.983,0.342
0x85b1c4060,1743,124,1029,native_iq4_xs_direct_r4,640,1,1,128,55.563,12.879,0.633
0x85b1c4060,1743,124,1030,fused_gr_norm1_kernel,1,1,1,256,22.156,5.051,0.328
0x85b1c4060,1743,124,1031,fused_gr_down_kernel,41,1,1,256,31.873,4.831,0.334
0x85b1c4060,1743,124,1032,fused_gr_up_kernel,160,1,1,256,36.692,8.861,0.323
0x85b1c4060,1743,124,1033,bf16_f32_mmvf_kernel,512,1,1,256,14.415,2.231,0.314
0x85b1c4060,1743,124,1034,route,1,1,1,256,23.159,5.508,0.523
0x85b1c4060,1743,124,1035,to_bf16_kernel,10,1,1,256,4.533,1.357,0.352
0x85b1c4060,1743,124,1036,native_quantize_q8_1_kernel,10,1,1,256,5.997,1.592,0.348
0x85b1c4060,1743,124,1037,mmvq_direct_21_r2,80,1,1,128,20.692,5.280,0.337
0x85b1c4060,1743,124,1038,native_q6_k_mmvq_kernel_large,640,1,1,128,16.251,4.328,0.389
0x85b1c4060,1743,124,1039,shexp_native_swiglu_kernel,5,1,1,128,5.939,1.719,0.337
0x85b1c4060,1743,124,1040,native_quantize_q8_1_kernel,3,1,1,256,7.613,12.109,332.359
0x85b1c4060,1743,124,1041,native_iq4_nl_direct_r4,640,1,1,128,17.866,4.261,4.568
0x85b1c4060,1743,124,1042,bf16_f32_mmvf_kernel,1,1,1,256,7.079,1.655,3.575
0x85b1c4060,1743,124,1043,shexp_native_scalar_sigmoid_kernel,1,1,1,1,5.279,1.410,6.186
0x85b1c4060,1743,124,1044,shexp_scale_rows_kernel,20,1,1,128,4.296,1.136,27.172
0x85b1c4060,1743,124,1045,quantize_q8_1_kernel,10,1,1,256,6.282,1.799,8.241
0x85b1c4060,1743,124,1046,native_resident_gu_22,160,10,1,256,172.600,54.621,4.939
0x85b1c4060,1743,124,1047,swiglu_entries_kernel,25,1,1,256,5.740,1.521,0.677
0x85b1c4060,1743,124,1048,quantize_q8_1_kernel,25,1,1,256,5.774,1.587,0.345
0x85b1c4060,1743,124,1049,native_resident_down_direct_42_r4,80,10,1,256,98.779,30.149,0.658
0x85b1c4060,1743,124,1050,nmoe_combine_kernel,10,1,1,256,7.878,2.107,0.330
0x85b1c4060,1743,124,1051,fused_gr_norm1_kernel,1,1,1,256,21.024,4.683,0.330
0x85b1c4060,1743,124,1052,fused_gr_down_kernel,41,1,1,256,30.219,4.310,0.331
0x85b1c4060,1743,124,1053,fused_gr_up_kernel,160,1,1,256,36.432,9.505,2.248
0x85b1c4060,1743,124,1054,native_quantize_q8_1_kernel,10,1,1,256,5.913,1.926,0.323
0x85b1c4060,1743,124,1055,native_iq4_xs_direct_r4,2560,1,1,128,92.719,25.104,0.354
0x85b1c4060,1743,124,1056,gdn_conv_l2_multi_kernel,80,1,1,128,7.250,1.756,0.380
0x85b1c4060,1743,124,1057,gdn_ab_multi_kernel,12,1,1,256,16.684,4.087,0.344
0x85b1c4060,1743,124,1058,native_iq4_xs_direct_r4,1536,1,1,128,58.820,15.702,0.344
0x85b1c4060,1743,124,1059,gdn_step_norm_multi_kernel,48,1,1,512,28.702,5.919,0.357
0x85b1c4060,1743,124,1060,native_quantize_q8_1_kernel,24,1,1,256,5.828,1.750,0.333
0x85b1c4060,1743,124,1061,mmvq_direct_21_r2,320,1,1,128,71.962,21.477,0.310
0x85b1c4060,1743,124,1062,fused_gr_norm1_kernel,1,1,1,256,19.744,5.145,0.309
0x85b1c4060,1743,124,1063,fused_gr_down_kernel,41,1,1,256,31.041,4.014,0.323
0x85b1c4060,1743,124,1064,fused_gr_up_kernel,160,1,1,256,39.931,45.911,0.335
0x85b1c4060,1743,124,1065,bf16_f32_mmvf_kernel,512,1,1,256,15.226,11.313,0.323
0x85b1c4060,1743,124,1066,route,1,1,1,256,22.773,6.262,0.349
0x85b1c4060,1743,124,1067,to_bf16_kernel,10,1,1,256,4.468,2.129,0.345
0x85b1c4060,1743,124,1068,native_quantize_q8_1_kernel,10,1,1,256,6.196,2.376,0.342
0x85b1c4060,1743,124,1069,native_iq4_xs_direct_r4,160,1,1,128,14.845,4.000,0.341
0x85b1c4060,1743,124,1070,native_iq4_xs_direct_r4,160,1,1,128,13.658,3.680,0.341
0x85b1c4060,1743,124,1071,shexp_native_swiglu_kernel,5,1,1,128,5.713,1.687,0.338
0x85b1c4060,1743,124,1072,native_quantize_q8_1_kernel,3,1,1,256,5.167,1.613,0.320
0x85b1c4060,1743,124,1073,native_iq4_nl_direct_r4,640,1,1,128,17.623,4.972,0.311
0x85b1c4060,1743,124,1074,bf16_f32_mmvf_kernel,1,1,1,256,6.896,1.606,0.324
0x85b1c4060,1743,124,1075,shexp_native_scalar_sigmoid_kernel,1,1,1,1,5.447,1.603,0.330
0x85b1c4060,1743,124,1076,shexp_scale_rows_kernel,20,1,1,128,4.597,1.848,0.338
0x85b1c4060,1743,124,1077,quantize_q8_1_kernel,10,1,1,256,6.211,1.645,0.330
0x85b1c4060,1743,124,1078,native_resident_gu_16,160,10,1,256,162.937,50.983,0.332
0x85b1c4060,1743,124,1079,swiglu_entries_kernel,25,1,1,256,5.946,1.865,0.344
0x85b1c4060,1743,124,1080,quantize_q8_1_kernel,25,1,1,256,5.770,1.573,0.333
0x85b1c4060,1743,124,1081,native_resident_down_direct_42_r4,80,10,1,256,99.722,31.492,0.316
0x85b1c4060,1743,124,1082,nmoe_combine_kernel,10,1,1,256,8.206,2.184,0.331
0x85b1c4060,1743,124,1083,fused_gr_norm1_kernel,1,1,1,256,20.956,4.920,0.328
0x85b1c4060,1743,124,1084,fused_gr_down_kernel,41,1,1,256,37.089,76.152,0.327
0x85b1c4060,1743,124,1085,fused_gr_up_kernel,160,1,1,256,37.428,13.144,2.736
0x85b1c4060,1743,124,1086,native_quantize_q8_1_kernel,10,1,1,256,6.303,1.940,0.329
0x85b1c4060,1743,124,1087,native_iq4_xs_direct_r4,2560,1,1,128,93.426,25.906,0.350
0x85b1c4060,1743,124,1088,gdn_conv_l2_multi_kernel,80,1,1,128,7.652,1.905,0.362
0x85b1c4060,1743,124,1089,gdn_ab_multi_kernel,12,1,1,256,17.010,4.238,0.336
0x85b1c4060,1743,124,1090,native_iq4_xs_direct_r4,1536,1,1,128,58.642,16.294,0.341
0x85b1c4060,1743,124,1091,gdn_step_norm_multi_kernel,48,1,1,512,29.011,6.330,2.652
0x85b1c4060,1743,124,1092,native_quantize_q8_1_kernel,24,1,1,256,7.304,8.727,0.330
0x85b1c4060,1743,124,1093,native_iq4_xs_direct_r4,640,1,1,128,58.472,44.469,0.321
0x85b1c4060,1743,124,1094,fused_gr_norm1_kernel,1,1,1,256,21.477,4.959,0.327
0x85b1c4060,1743,124,1095,fused_gr_down_kernel,41,1,1,256,30.551,4.887,0.331
0x85b1c4060,1743,124,1096,fused_gr_up_kernel,160,1,1,256,37.722,11.387,0.326
0x85b1c4060,1743,124,1097,bf16_f32_mmvf_kernel,512,1,1,256,14.783,4.095,0.358
0x85b1c4060,1743,124,1098,route,1,1,1,256,23.292,7.268,0.470
0x85b1c4060,1743,124,1099,to_bf16_kernel,10,1,1,256,4.684,1.699,0.493
0x85b1c4060,1743,124,1100,native_quantize_q8_1_kernel,10,1,1,256,6.206,1.654,0.606
0x85b1c4060,1743,124,1101,native_iq4_xs_direct_r4,160,1,1,128,13.974,3.717,0.487
0x85b1c4060,1743,124,1102,native_iq4_xs_direct_r4,160,1,1,128,13.703,3.824,0.584
0x85b1c4060,1743,124,1103,shexp_native_swiglu_kernel,5,1,1,128,5.702,1.448,0.499
0x85b1c4060,1743,124,1104,native_quantize_q8_1_kernel,3,1,1,256,5.365,1.539,0.500
0x85b1c4060,1743,124,1105,native_q2_0_mmvq_kernel_small,640,1,1,128,28.103,6.577,0.645
0x85b1c4060,1743,124,1106,bf16_f32_mmvf_kernel,1,1,1,256,7.001,1.682,0.468
0x85b1c4060,1743,124,1107,shexp_native_scalar_sigmoid_kernel,1,1,1,1,5.229,1.270,0.475
0x85b1c4060,1743,124,1108,shexp_scale_rows_kernel,20,1,1,128,4.733,1.846,0.653
0x85b1c4060,1743,124,1109,quantize_q8_1_kernel,10,1,1,256,6.203,1.511,0.615
0x85b1c4060,1743,124,1110,native_resident_gu_16,160,10,1,256,165.980,54.621,0.603
0x85b1c4060,1743,124,1111,swiglu_entries_kernel,25,1,1,256,6.476,1.986,0.364
0x85b1c4060,1743,124,1112,quantize_q8_1_kernel,25,1,1,256,5.559,1.724,0.338
0x85b1c4060,1743,124,1113,native_resident_down_direct_42_r4,80,10,1,256,100.020,31.325,0.332
0x85b1c4060,1743,124,1114,nmoe_combine_kernel,10,1,1,256,7.920,2.053,0.324
0x85b1c4060,1743,124,1115,fused_gr_norm1_kernel,1,1,1,256,20.750,4.796,0.309
0x85b1c4060,1743,124,1116,fused_gr_down_kernel,41,1,1,256,31.258,4.663,0.314
0x85b1c4060,1743,124,1117,fused_gr_up_kernel,160,1,1,256,36.980,9.086,0.316
0x85b1c4060,1743,124,1118,native_quantize_q8_1_kernel,10,1,1,256,6.382,1.525,0.315
0x85b1c4060,1743,124,1119,bf16_f32_mmvf_kernel,128,1,1,256,8.522,1.891,0.330
0x85b1c4060,1743,124,1120,native_iq4_xs_direct_r4,128,1,1,128,14.579,3.636,334.935
0x85b1c4060,1743,124,1121,native_q6_k_mmvq_kernel_large,512,1,1,128,13.889,4.118,15.893
0x85b1c4060,1743,124,1122,nqs_norm_kernel,2,1,1,256,6.649,1.750,6.468
0x85b1c4060,1743,124,1123,native_rope_apply_kernel,1,2,1,128,11.660,2.625,13.791
0x85b1c4060,1743,124,1124,copy_from_mapped_kernel,1,1,1,256,4.988,1.326,4.036
0x85b1c4060,1743,124,1125,kv_append_kernel,2,1,1,256,13.582,3.234,2.566
0x85b1c4060,1743,124,1126,nqsi_append_kernel,1,1,1,256,10.274,3.568,1.482
0x85b1c4060,1743,124,1127,native_iq4_xs_direct_r4,3072,1,1,128,108.197,31.505,2.564
0x85b1c4060,1743,124,1128,runtime_copy2d16,1,24,1,128,4.527,1.163,1.098
0x85b1c4060,1743,124,1129,nqs_norm_kernel,24,1,1,256,6.328,1.632,1.108
0x85b1c4060,1743,124,1130,native_rope_apply_kernel,1,24,1,128,11.491,2.877,0.362
0x85b1c4060,1743,124,1131,bf16_f32_mmvf_kernel,512,1,1,256,14.268,2.174,0.437
0x85b1c4060,1743,124,1132,nqs_norm_kernel,4,1,1,256,5.719,1.599,0.735
0x85b1c4060,1743,124,1133,native_rope_apply_kernel,1,4,1,128,8.355,2.545,3.198
0x85b1c4060,1743,124,1134,block_scores_multi_kernel,256,1,1,256,15.986,4.397,1.159
0x85b1c4060,1743,124,1135,block_topk_kernel,1,1,1,256,92.978,31.396,0.424
0x85b1c4060,1743,124,1136,attn_chunk_kernel_m0,33,2,1,256,129.028,39.118,0.336
0x85b1c4060,1743,124,1137,attn_merge_kernel,24,1,1,256,39.204,11.359,0.888
0x85b1c4060,1743,124,1138,nqs_gate_kernel,24,1,1,256,8.333,2.429,0.345
0x85b1c4060,1743,124,1139,native_quantize_q8_1_kernel,24,1,1,256,6.168,1.817,0.346
0x85b1c4060,1743,124,1140,native_iq4_xs_direct_r4,640,1,1,128,55.456,13.742,0.360
0x85b1c4060,1743,124,1141,fused_gr_norm1_kernel,1,1,1,256,22.045,5.546,0.351
0x85b1c4060,1743,124,1142,fused_gr_down_kernel,41,1,1,256,31.557,5.200,0.352
0x85b1c4060,1743,124,1143,fused_gr_up_kernel,160,1,1,256,37.495,9.974,0.375
0x85b1c4060,1743,124,1144,bf16_f32_mmvf_kernel,512,1,1,256,14.437,2.555,0.670
0x85b1c4060,1743,124,1145,route,1,1,1,256,23.297,6.362,0.369
0x85b1c4060,1743,124,1146,to_bf16_kernel,10,1,1,256,4.363,1.519,0.352
0x85b1c4060,1743,124,1147,native_quantize_q8_1_kernel,10,1,1,256,6.308,1.923,0.355
0x85b1c4060,1743,124,1148,native_iq4_xs_direct_r4,160,1,1,128,14.958,4.379,0.350
0x85b1c4060,1743,124,1149,mmvq_direct_21_r2,80,1,1,128,21.493,6.012,0.331
0x85b1c4060,1743,124,1150,shexp_native_swiglu_kernel,5,1,1,128,5.913,1.658,0.328
0x85b1c4060,1743,124,1151,native_quantize_q8_1_kernel,3,1,1,256,5.286,1.750,0.378
0x85b1c4060,1743,124,1152,native_iq4_nl_direct_r4,640,1,1,128,18.995,6.620,0.384
0x85b1c4060,1743,124,1153,bf16_f32_mmvf_kernel,1,1,1,256,7.247,2.078,0.364
0x85b1c4060,1743,124,1154,shexp_native_scalar_sigmoid_kernel,1,1,1,1,5.400,1.558,0.369
0x85b1c4060,1743,124,1155,shexp_scale_rows_kernel,20,1,1,128,4.877,1.837,0.371
0x85b1c4060,1743,124,1156,quantize_q8_1_kernel,10,1,1,256,6.371,1.804,0.373
0x85b1c4060,1743,124,1157,native_resident_gu_22,160,10,1,256,186.264,108.622,1.516
0x85b1c4060,1743,124,1158,swiglu_entries_kernel,25,1,1,256,7.451,11.556,0.343
0x85b1c4060,1743,124,1159,quantize_q8_1_kernel,25,1,1,256,6.216,2.645,0.337
0x85b1c4060,1743,124,1160,native_resident_down_direct_42_r4,80,10,1,256,102.236,37.540,0.341
0x85b1c4060,1743,124,1161,nmoe_combine_kernel,10,1,1,256,8.279,2.558,0.338
0x85b1c4060,1743,124,1162,fused_gr_norm1_kernel,1,1,1,256,21.631,5.822,0.348
0x85b1c4060,1743,124,1163,fused_gr_down_kernel,41,1,1,256,31.456,5.696,0.361
0x85b1c4060,1743,124,1164,fused_gr_up_kernel,160,1,1,256,37.371,9.994,0.368
0x85b1c4060,1743,124,1165,native_quantize_q8_1_kernel,10,1,1,256,6.676,1.967,2.803
0x85b1c4060,1743,124,1166,native_iq4_xs_direct_r4,2560,1,1,128,95.477,28.927,0.346
0x85b1c4060,1743,124,1167,gdn_conv_l2_multi_kernel,80,1,1,128,7.972,2.188,0.400
0x85b1c4060,1743,124,1168,gdn_ab_multi_kernel,12,1,1,256,17.480,4.678,0.357
0x85b1c4060,1743,124,1169,native_iq4_xs_direct_r4,1536,1,1,128,60.855,18.560,0.358
0x85b1c4060,1743,124,1170,gdn_step_norm_multi_kernel,48,1,1,512,29.883,7.106,0.364
0x85b1c4060,1743,124,1171,native_quantize_q8_1_kernel,24,1,1,256,7.420,6.958,3.566
0x85b1c4060,1743,124,1172,native_iq4_xs_direct_r4,640,1,1,128,58.067,17.993,0.360
0x85b1c4060,1743,124,1173,fused_gr_norm1_kernel,1,1,1,256,22.623,5.717,0.345
0x85b1c4060,1743,124,1174,fused_gr_down_kernel,41,1,1,256,31.998,5.168,0.341
0x85b1c4060,1743,124,1175,fused_gr_up_kernel,160,1,1,256,37.741,10.080,0.349
0x85b1c4060,1743,124,1176,bf16_f32_mmvf_kernel,512,1,1,256,14.831,2.986,0.344
0x85b1c4060,1743,124,1177,route,1,1,1,256,23.301,6.102,0.338
0x85b1c4060,1743,124,1178,to_bf16_kernel,10,1,1,256,4.704,1.650,0.348
0x85b1c4060,1743,124,1179,native_quantize_q8_1_kernel,10,1,1,256,6.030,1.808,0.491
0x85b1c4060,1743,124,1180,native_iq4_xs_direct_r4,160,1,1,128,14.620,4.201,3.887
0x85b1c4060,1743,124,1181,native_q6_k_mmvq_kernel_large,640,1,1,128,16.433,4.968,1.701
0x85b1c4060,1743,124,1182,shexp_native_swiglu_kernel,5,1,1,128,6.060,1.830,0.354
0x85b1c4060,1743,124,1183,native_quantize_q8_1_kernel,3,1,1,256,5.202,1.499,0.356
0x85b1c4060,1743,124,1184,native_iq4_nl_direct_r4,640,1,1,128,18.348,5.195,0.332
0x85b1c4060,1743,124,1185,bf16_f32_mmvf_kernel,1,1,1,256,6.795,1.731,0.325
0x85b1c4060,1743,124,1186,shexp_native_scalar_sigmoid_kernel,1,1,1,1,5.147,1.382,0.338
0x85b1c4060,1743,124,1187,shexp_scale_rows_kernel,20,1,1,128,4.468,1.716,0.343
0x85b1c4060,1743,124,1188,quantize_q8_1_kernel,10,1,1,256,6.047,1.631,0.353
0x85b1c4060,1743,124,1189,native_resident_gu_22,160,10,1,256,179.777,61.728,0.353
0x85b1c4060,1743,124,1190,swiglu_entries_kernel,25,1,1,256,6.615,2.281,0.356
0x85b1c4060,1743,124,1191,quantize_q8_1_kernel,25,1,1,256,6.046,1.747,0.357
0x85b1c4060,1743,124,1192,native_resident_down_direct_42_r4,80,10,1,256,102.037,34.590,0.356
0x85b1c4060,1743,124,1193,nmoe_combine_kernel,10,1,1,256,8.166,2.333,0.344
0x85b1c4060,1743,124,1194,fused_gr_norm1_kernel,1,1,1,256,20.900,5.440,0.322
0x85b1c4060,1743,124,1195,fused_gr_down_kernel,41,1,1,256,31.947,4.797,0.328
0x85b1c4060,1743,124,1196,fused_gr_up_kernel,160,1,1,256,37.432,9.934,0.313
0x85b1c4060,1743,124,1197,native_quantize_q8_1_kernel,10,1,1,256,6.751,5.023,0.304
0x85b1c4060,1743,124,1198,native_iq4_xs_direct_r4,2560,1,1,128,94.758,28.867,0.319
0x85b1c4060,1743,124,1199,gdn_conv_l2_multi_kernel,80,1,1,128,7.961,2.126,0.354
0x85b1c4060,1743,124,1200,gdn_ab_multi_kernel,12,1,1,256,18.678,10.496,325.631
0x85b1c4060,1743,124,1201,mmvq_direct_21_r2,768,1,1,128,84.186,27.656,38.647
0x85b1c4060,1743,124,1202,gdn_step_norm_multi_kernel,48,1,1,512,29.539,6.822,0.360
0x85b1c4060,1743,124,1203,native_quantize_q8_1_kernel,24,1,1,256,6.008,1.820,4.521
0x85b1c4060,1743,124,1204,native_q6_k_mmvq_kernel_large,2560,1,1,128,96.911,34.263,23.320
0x85b1c4060,1743,124,1205,fused_gr_norm1_kernel,1,1,1,256,22.082,5.396,1.869
0x85b1c4060,1743,124,1206,fused_gr_down_kernel,41,1,1,256,31.321,4.892,0.322
0x85b1c4060,1743,124,1207,fused_gr_up_kernel,160,1,1,256,37.580,10.014,0.341
0x85b1c4060,1743,124,1208,bf16_f32_mmvf_kernel,512,1,1,256,14.311,2.656,0.347
0x85b1c4060,1743,124,1209,route,1,1,1,256,23.168,6.054,0.335
0x85b1c4060,1743,124,1210,to_bf16_kernel,10,1,1,256,4.230,1.386,0.352
0x85b1c4060,1743,124,1211,native_quantize_q8_1_kernel,10,1,1,256,5.843,1.680,0.934
0x85b1c4060,1743,124,1212,native_iq4_xs_direct_r4,160,1,1,128,14.964,4.165,2.123
0x85b1c4060,1743,124,1213,native_iq4_xs_direct_r4,160,1,1,128,13.719,4.020,7.474
0x85b1c4060,1743,124,1214,shexp_native_swiglu_kernel,5,1,1,128,5.696,1.638,0.330
0x85b1c4060,1743,124,1215,native_quantize_q8_1_kernel,3,1,1,256,5.143,1.532,0.351
0x85b1c4060,1743,124,1216,native_iq4_nl_direct_r4,640,1,1,128,18.817,7.770,0.598
0x85b1c4060,1743,124,1217,bf16_f32_mmvf_kernel,1,1,1,256,7.273,4.319,0.334
0x85b1c4060,1743,124,1218,shexp_native_scalar_sigmoid_kernel,1,1,1,1,5.361,1.520,0.343
0x85b1c4060,1743,124,1219,shexp_scale_rows_kernel,20,1,1,128,4.461,1.320,3.537
0x85b1c4060,1743,124,1220,quantize_q8_1_kernel,10,1,1,256,6.301,1.798,0.344
0x85b1c4060,1743,124,1221,native_resident_gu_22,160,10,1,256,178.791,62.909,0.863
0x85b1c4060,1743,124,1222,swiglu_entries_kernel,25,1,1,256,6.486,4.564,0.342
0x85b1c4060,1743,124,1223,quantize_q8_1_kernel,25,1,1,256,5.861,1.850,0.349
0x85b1c4060,1743,124,1224,native_resident_down_direct_42_r4,80,10,1,256,102.409,36.129,0.878
0x85b1c4060,1743,124,1225,nmoe_combine_kernel,10,1,1,256,8.189,2.446,0.342
0x85b1c4060,1743,124,1226,fused_gr_norm1_kernel,1,1,1,256,21.279,5.772,0.328
0x85b1c4060,1743,124,1227,fused_gr_down_kernel,41,1,1,256,30.946,5.643,0.333
0x85b1c4060,1743,124,1228,fused_gr_up_kernel,160,1,1,256,37.738,10.776,0.548
0x85b1c4060,1743,124,1229,native_quantize_q8_1_kernel,10,1,1,256,6.291,1.861,0.333
0x85b1c4060,1743,124,1230,native_iq4_xs_direct_r4,2560,1,1,128,96.048,29.831,0.329
0x85b1c4060,1743,124,1231,gdn_conv_l2_multi_kernel,80,1,1,128,7.545,2.140,0.390
0x85b1c4060,1743,124,1232,gdn_ab_multi_kernel,12,1,1,256,17.340,4.645,0.368
0x85b1c4060,1743,124,1233,native_iq4_xs_direct_r4,1536,1,1,128,60.371,18.436,0.360
0x85b1c4060,1743,124,1234,gdn_step_norm_multi_kernel,48,1,1,512,29.406,7.090,0.358
0x85b1c4060,1743,124,1235,native_quantize_q8_1_kernel,24,1,1,256,6.878,2.179,0.358
0x85b1c4060,1743,124,1236,native_iq4_xs_direct_r4,640,1,1,128,55.728,15.865,0.359
0x85b1c4060,1743,124,1237,fused_gr_norm1_kernel,1,1,1,256,23.215,14.255,0.326
0x85b1c4060,1743,124,1238,fused_gr_down_kernel,41,1,1,256,31.029,5.221,0.319
0x85b1c4060,1743,124,1239,fused_gr_up_kernel,160,1,1,256,38.054,10.186,0.331
0x85b1c4060,1743,124,1240,bf16_f32_mmvf_kernel,512,1,1,256,14.287,2.509,0.329
0x85b1c4060,1743,124,1241,route,1,1,1,256,23.555,6.239,0.321
0x85b1c4060,1743,124,1242,to_bf16_kernel,10,1,1,256,4.605,1.529,0.354
0x85b1c4060,1743,124,1243,native_quantize_q8_1_kernel,10,1,1,256,6.102,1.935,0.359
0x85b1c4060,1743,124,1244,native_iq4_xs_direct_r4,160,1,1,128,14.460,4.236,0.358
0x85b1c4060,1743,124,1245,native_iq4_xs_direct_r4,160,1,1,128,14.125,4.198,3.955
0x85b1c4060,1743,124,1246,shexp_native_swiglu_kernel,5,1,1,128,5.764,1.604,0.351
0x85b1c4060,1743,124,1247,native_quantize_q8_1_kernel,3,1,1,256,5.375,1.526,0.360
0x85b1c4060,1743,124,1248,native_iq4_nl_direct_r4,640,1,1,128,18.334,4.834,0.754
0x85b1c4060,1743,124,1249,bf16_f32_mmvf_kernel,1,1,1,256,7.074,1.856,0.319
0x85b1c4060,1743,124,1250,shexp_native_scalar_sigmoid_kernel,1,1,1,1,5.318,1.395,0.342
0x85b1c4060,1743,124,1251,shexp_scale_rows_kernel,20,1,1,128,4.755,1.703,3.135
0x85b1c4060,1743,124,1252,quantize_q8_1_kernel,10,1,1,256,6.426,1.616,0.618
0x85b1c4060,1743,124,1253,native_resident_gu_22,160,10,1,256,178.958,66.200,1.665
0x85b1c4060,1743,124,1254,swiglu_entries_kernel,25,1,1,256,6.663,2.241,0.345
0x85b1c4060,1743,124,1255,quantize_q8_1_kernel,25,1,1,256,5.807,1.736,0.344
0x85b1c4060,1743,124,1256,native_resident_down_direct_42_r4,80,10,1,256,101.797,35.648,0.338
0x85b1c4060,1743,124,1257,nmoe_combine_kernel,10,1,1,256,8.235,2.335,0.333
0x85b1c4060,1743,124,1258,fused_gr_norm1_kernel,1,1,1,256,21.307,5.459,0.323
0x85b1c4060,1743,124,1259,fused_gr_down_kernel,41,1,1,256,31.252,5.212,0.330
0x85b1c4060,1743,124,1260,fused_gr_up_kernel,160,1,1,256,37.437,12.471,3.960
0x85b1c4060,1743,124,1261,native_quantize_q8_1_kernel,10,1,1,256,6.400,2.145,0.321
0x85b1c4060,1743,124,1262,bf16_f32_mmvf_kernel,128,1,1,256,8.483,2.016,0.323
0x85b1c4060,1743,124,1263,native_iq4_xs_direct_r4,128,1,1,128,14.610,4.134,0.345
0x85b1c4060,1743,124,1264,native_iq4_xs_direct_r4,128,1,1,128,13.549,3.957,0.693
0x85b1c4060,1743,124,1265,nqs_norm_kernel,2,1,1,256,6.980,2.008,0.339
0x85b1c4060,1743,124,1266,native_rope_apply_kernel,1,2,1,128,11.780,2.721,0.343
0x85b1c4060,1743,124,1267,copy_from_mapped_kernel,1,1,1,256,5.446,1.594,0.346
0x85b1c4060,1743,124,1268,kv_append_kernel,2,1,1,256,13.817,3.392,0.599
0x85b1c4060,1743,124,1269,nqsi_append_kernel,1,1,1,256,10.717,3.930,0.322
0x85b1c4060,1743,124,1270,mmvq_direct_21_r2,1536,1,1,128,151.515,50.494,0.324
0x85b1c4060,1743,124,1271,runtime_copy2d16,1,24,1,128,5.702,2.144,0.355
0x85b1c4060,1743,124,1272,nqs_norm_kernel,24,1,1,256,6.391,1.806,0.316
0x85b1c4060,1743,124,1273,native_rope_apply_kernel,1,24,1,128,10.971,3.141,0.304
0x85b1c4060,1743,124,1274,bf16_f32_mmvf_kernel,512,1,1,256,14.442,2.608,0.346
0x85b1c4060,1743,124,1275,nqs_norm_kernel,4,1,1,256,6.074,1.739,0.353
0x85b1c4060,1743,124,1276,native_rope_apply_kernel,1,4,1,128,8.218,2.569,0.356
0x85b1c4060,1743,124,1277,block_scores_multi_kernel,256,1,1,256,16.261,4.447,0.346
0x85b1c4060,1743,124,1278,block_topk_kernel,1,1,1,256,99.313,35.110,0.348
0x85b1c4060,1743,124,1279,attn_chunk_kernel_m0,33,2,1,256,128.083,39.481,0.360
0x85b1c4060,1743,124,1280,attn_merge_kernel,24,1,1,256,40.158,12.181,334.538
0x85b1c4060,1743,124,1281,nqs_gate_kernel,24,1,1,256,8.495,2.362,0.588
0x85b1c4060,1743,124,1282,native_quantize_q8_1_kernel,24,1,1,256,5.991,1.857,1.669
0x85b1c4060,1743,124,1283,native_iq4_xs_direct_r4,640,1,1,128,55.148,13.960,1.209
0x85b1c4060,1743,124,1284,fused_gr_norm1_kernel,1,1,1,256,22.362,5.825,0.359
0x85b1c4060,1743,124,1285,fused_gr_down_kernel,41,1,1,256,30.999,5.475,1.387
0x85b1c4060,1743,124,1286,fused_gr_up_kernel,160,1,1,256,37.634,10.431,0.577
0x85b1c4060,1743,124,1287,bf16_f32_mmvf_kernel,512,1,1,256,14.902,9.158,1.265
0x85b1c4060,1743,124,1288,route,1,1,1,256,23.714,6.441,0.377
0x85b1c4060,1743,124,1289,to_bf16_kernel,10,1,1,256,4.069,1.249,0.793
0x85b1c4060,1743,124,1290,native_quantize_q8_1_kernel,10,1,1,256,5.991,1.936,0.391
0x85b1c4060,1743,124,1291,native_iq4_xs_direct_r4,160,1,1,128,14.408,4.333,0.379
0x85b1c4060,1743,124,1292,native_iq4_xs_direct_r4,160,1,1,128,13.643,3.990,0.457
0x85b1c4060,1743,124,1293,shexp_native_swiglu_kernel,5,1,1,128,5.650,1.597,2.921
0x85b1c4060,1743,124,1294,native_quantize_q8_1_kernel,3,1,1,256,5.155,1.533,1.910
0x85b1c4060,1743,124,1295,native_iq4_nl_direct_r4,640,1,1,128,18.219,4.945,1.968
0x85b1c4060,1743,124,1296,bf16_f32_mmvf_kernel,1,1,1,256,7.172,2.001,1.040
0x85b1c4060,1743,124,1297,shexp_native_scalar_sigmoid_kernel,1,1,1,1,5.391,1.541,1.513
0x85b1c4060,1743,124,1298,shexp_scale_rows_kernel,20,1,1,128,4.846,1.515,1.260
0x85b1c4060,1743,124,1299,quantize_q8_1_kernel,10,1,1,256,6.429,1.862,4.562
0x85b1c4060,1743,124,1300,native_resident_gu_22,160,10,1,256,174.536,57.202,3.772
0x85b1c4060,1743,124,1301,swiglu_entries_kernel,25,1,1,256,5.783,1.760,0.801
0x85b1c4060,1743,124,1302,quantize_q8_1_kernel,25,1,1,256,5.884,1.666,0.341
0x85b1c4060,1743,124,1303,native_resident_down_direct_42_r4,80,10,1,256,100.156,31.999,0.850
0x85b1c4060,1743,124,1304,nmoe_combine_kernel,10,1,1,256,8.500,6.130,0.352
0x85b1c4060,1743,124,1305,fused_gr_norm1_kernel,1,1,1,256,21.309,7.364,0.342
0x85b1c4060,1743,124,1306,fused_gr_down_kernel,41,1,1,256,31.107,5.079,0.365
0x85b1c4060,1743,124,1307,fused_gr_up_kernel,160,1,1,256,36.828,9.330,0.363
0x85b1c4060,1743,124,1308,native_quantize_q8_1_kernel,10,1,1,256,6.005,1.643,0.363
0x85b1c4060,1743,124,1309,native_iq4_xs_direct_r4,2560,1,1,128,93.492,26.359,0.349
0x85b1c4060,1743,124,1310,gdn_conv_l2_multi_kernel,80,1,1,128,7.392,1.906,0.367
0x85b1c4060,1743,124,1311,gdn_ab_multi_kernel,12,1,1,256,17.138,4.320,0.363
0x85b1c4060,1743,124,1312,native_iq4_xs_direct_r4,1536,1,1,128,59.287,16.380,0.660
0x85b1c4060,1743,124,1313,gdn_step_norm_multi_kernel,48,1,1,512,29.211,6.198,0.337
0x85b1c4060,1743,124,1314,native_quantize_q8_1_kernel,24,1,1,256,6.593,5.418,0.374
0x85b1c4060,1743,124,1315,native_iq4_xs_direct_r4,640,1,1,128,56.379,14.231,0.436
0x85b1c4060,1743,124,1316,fused_gr_norm1_kernel,1,1,1,256,21.672,4.830,0.360
0x85b1c4060,1743,124,1317,fused_gr_down_kernel,41,1,1,256,30.102,4.613,0.348
0x85b1c4060,1743,124,1318,fused_gr_up_kernel,160,1,1,256,37.371,9.087,0.343
0x85b1c4060,1743,124,1319,bf16_f32_mmvf_kernel,512,1,1,256,15.140,10.236,0.463
0x85b1c4060,1743,124,1320,route,1,1,1,256,23.084,5.279,0.481
0x85b1c4060,1743,124,1321,to_bf16_kernel,10,1,1,256,4.512,1.484,0.493
0x85b1c4060,1743,124,1322,native_quantize_q8_1_kernel,10,1,1,256,5.880,1.594,0.718
0x85b1c4060,1743,124,1323,native_q6_k_mmvq_kernel_large,640,1,1,128,15.700,4.390,0.621
0x85b1c4060,1743,124,1324,native_q6_k_mmvq_kernel_large,640,1,1,128,15.599,4.523,0.632
0x85b1c4060,1743,124,1325,shexp_native_swiglu_kernel,5,1,1,128,5.698,1.460,2.932
0x85b1c4060,1743,124,1326,native_quantize_q8_1_kernel,3,1,1,256,5.211,1.446,0.523
0x85b1c4060,1743,124,1327,native_iq4_nl_direct_r4,640,1,1,128,18.590,4.538,6.582
0x85b1c4060,1743,124,1328,bf16_f32_mmvf_kernel,1,1,1,256,7.087,1.764,0.444
0x85b1c4060,1743,124,1329,shexp_native_scalar_sigmoid_kernel,1,1,1,1,5.209,1.222,0.838
0x85b1c4060,1743,124,1330,shexp_scale_rows_kernel,20,1,1,128,4.546,1.465,0.892
0x85b1c4060,1743,124,1331,quantize_q8_1_kernel,10,1,1,256,6.302,1.614,3.045
0x85b1c4060,1743,124,1332,native_resident_gu_22,160,10,1,256,174.446,55.451,1.489
0x85b1c4060,1743,124,1333,swiglu_entries_kernel,25,1,1,256,7.144,8.235,0.338
0x85b1c4060,1743,124,1334,quantize_q8_1_kernel,25,1,1,256,5.793,1.575,0.320
0x85b1c4060,1743,124,1335,native_resident_down_direct_42_r4,80,10,1,256,99.560,30.143,0.332
0x85b1c4060,1743,124,1336,nmoe_combine_kernel,10,1,1,256,7.892,1.936,0.336
0x85b1c4060,1743,124,1337,fused_gr_norm1_kernel,1,1,1,256,20.039,4.739,0.308
0x85b1c4060,1743,124,1338,fused_gr_down_kernel,41,1,1,256,30.622,4.640,0.342
0x85b1c4060,1743,124,1339,fused_gr_up_kernel,160,1,1,256,35.947,8.806,0.335
0x85b1c4060,1743,124,1340,native_quantize_q8_1_kernel,10,1,1,256,6.255,1.721,0.340
0x85b1c4060,1743,124,1341,native_iq4_xs_direct_r4,2560,1,1,128,93.100,25.377,0.330
0x85b1c4060,1743,124,1342,gdn_conv_l2_multi_kernel,80,1,1,128,7.807,2.014,0.346
0x85b1c4060,1743,124,1343,gdn_ab_multi_kernel,12,1,1,256,16.848,4.109,0.347
0x85b1c4060,1743,124,1344,mmvq_direct_21_r2,768,1,1,128,81.986,24.506,0.349
0x85b1c4060,1743,124,1345,gdn_step_norm_multi_kernel,48,1,1,512,29.195,6.090,0.341
0x85b1c4060,1743,124,1346,native_quantize_q8_1_kernel,24,1,1,256,6.997,1.810,0.338
0x85b1c4060,1743,124,1347,native_iq4_xs_direct_r4,640,1,1,128,55.245,14.578,0.347
0x85b1c4060,1743,124,1348,fused_gr_norm1_kernel,1,1,1,256,21.558,4.743,0.345
0x85b1c4060,1743,124,1349,fused_gr_down_kernel,41,1,1,256,31.060,4.521,0.314
0x85b1c4060,1743,124,1350,fused_gr_up_kernel,160,1,1,256,36.863,8.753,0.314
0x85b1c4060,1743,124,1351,bf16_f32_mmvf_kernel,512,1,1,256,14.645,2.520,0.329
0x85b1c4060,1743,124,1352,route,1,1,1,256,22.897,5.324,0.331
0x85b1c4060,1743,124,1353,to_bf16_kernel,10,1,1,256,4.619,1.479,0.322
0x85b1c4060,1743,124,1354,native_quantize_q8_1_kernel,10,1,1,256,5.961,1.707,0.346
0x85b1c4060,1743,124,1355,native_iq4_xs_direct_r4,160,1,1,128,14.130,3.660,0.352
0x85b1c4060,1743,124,1356,mmvq_direct_21_r2,80,1,1,128,20.416,4.964,0.350
0x85b1c4060,1743,124,1357,shexp_native_swiglu_kernel,5,1,1,128,6.131,1.530,0.333
0x85b1c4060,1743,124,1358,native_quantize_q8_1_kernel,3,1,1,256,5.096,1.454,0.341
0x85b1c4060,1743,124,1359,native_iq4_nl_direct_r4,640,1,1,128,17.673,4.476,0.336
0x85b1c4060,1743,124,1360,bf16_f32_mmvf_kernel,1,1,1,256,10.031,19.132,315.905
0x85b1c4060,1743,124,1361,shexp_native_scalar_sigmoid_kernel,1,1,1,1,5.506,1.458,4.126
0x85b1c4060,1743,124,1362,shexp_scale_rows_kernel,20,1,1,128,4.186,1.146,5.487
0x85b1c4060,1743,124,1363,quantize_q8_1_kernel,10,1,1,256,6.315,1.646,15.957
0x85b1c4060,1743,124,1364,native_resident_gu_29,160,10,1,256,158.229,50.339,33.330
0x85b1c4060,1743,124,1365,swiglu_entries_kernel,25,1,1,256,6.038,2.662,0.340
0x85b1c4060,1743,124,1366,quantize_q8_1_kernel,25,1,1,256,5.532,1.877,0.705
0x85b1c4060,1743,124,1367,native_resident_down_direct_42_r4,80,10,1,256,99.300,30.418,0.349
0x85b1c4060,1743,124,1368,nmoe_combine_kernel,10,1,1,256,8.021,2.117,1.010
0x85b1c4060,1743,124,1369,fused_gr_norm1_kernel,1,1,1,256,20.652,4.988,0.342
0x85b1c4060,1743,124,1370,fused_gr_down_kernel,41,1,1,256,30.867,4.434,0.327
0x85b1c4060,1743,124,1371,fused_gr_up_kernel,160,1,1,256,36.615,9.055,0.334
0x85b1c4060,1743,124,1372,native_quantize_q8_1_kernel,10,1,1,256,5.978,1.663,1.002
0x85b1c4060,1743,124,1373,native_iq4_xs_direct_r4,2560,1,1,128,93.952,26.467,2.499
0x85b1c4060,1743,124,1374,gdn_conv_l2_multi_kernel,80,1,1,128,7.352,1.876,0.335
0x85b1c4060,1743,124,1375,gdn_ab_multi_kernel,12,1,1,256,17.117,4.204,0.353
0x85b1c4060,1743,124,1376,native_iq4_xs_direct_r4,1536,1,1,128,59.513,16.258,0.359
0x85b1c4060,1743,124,1377,gdn_step_norm_multi_kernel,48,1,1,512,29.256,6.140,0.345
0x85b1c4060,1743,124,1378,native_quantize_q8_1_kernel,24,1,1,256,6.089,1.820,0.346
0x85b1c4060,1743,124,1379,native_iq4_xs_direct_r4,640,1,1,128,54.960,13.400,2.810
0x85b1c4060,1743,124,1380,fused_gr_norm1_kernel,1,1,1,256,21.805,5.080,0.344
0x85b1c4060,1743,124,1381,fused_gr_down_kernel,41,1,1,256,30.554,4.534,0.322
0x85b1c4060,1743,124,1382,fused_gr_up_kernel,160,1,1,256,37.048,9.107,0.322
0x85b1c4060,1743,124,1383,bf16_f32_mmvf_kernel,512,1,1,256,14.225,2.516,1.495
0x85b1c4060,1743,124,1384,route,1,1,1,256,23.245,5.547,0.332
0x85b1c4060,1743,124,1385,to_bf16_kernel,10,1,1,256,4.261,1.429,0.321
0x85b1c4060,1743,124,1386,native_quantize_q8_1_kernel,10,1,1,256,6.013,1.811,0.350
0x85b1c4060,1743,124,1387,native_iq4_xs_direct_r4,160,1,1,128,15.050,3.963,0.546
0x85b1c4060,1743,124,1388,native_iq4_xs_direct_r4,160,1,1,128,14.487,3.862,0.653
0x85b1c4060,1743,124,1389,shexp_native_swiglu_kernel,5,1,1,128,5.686,1.582,0.430
0x85b1c4060,1743,124,1390,native_quantize_q8_1_kernel,3,1,1,256,5.450,1.705,0.504
0x85b1c4060,1743,124,1391,native_iq4_nl_direct_r4,640,1,1,128,17.992,4.420,0.540
0x85b1c4060,1743,124,1392,bf16_f32_mmvf_kernel,1,1,1,256,6.965,1.746,0.410
0x85b1c4060,1743,124,1393,shexp_native_scalar_sigmoid_kernel,1,1,1,1,5.295,1.287,0.473
0x85b1c4060,1743,124,1394,shexp_scale_rows_kernel,20,1,1,128,4.847,1.789,0.529
0x85b1c4060,1743,124,1395,quantize_q8_1_kernel,10,1,1,256,6.218,1.546,1.005
0x85b1c4060,1743,124,1396,native_resident_gu_22,160,10,1,256,176.275,56.924,0.629
0x85b1c4060,1743,124,1397,swiglu_entries_kernel,25,1,1,256,6.591,2.462,0.343
0x85b1c4060,1743,124,1398,quantize_q8_1_kernel,25,1,1,256,5.858,1.624,0.338
0x85b1c4060,1743,124,1399,native_resident_down_direct_42_r4,80,10,1,256,100.378,31.558,0.347
0x85b1c4060,1743,124,1400,nmoe_combine_kernel,10,1,1,256,8.132,2.187,0.345
0x85b1c4060,1743,124,1401,fused_gr_norm1_kernel,1,1,1,256,20.165,5.074,0.337
0x85b1c4060,1743,124,1402,fused_gr_down_kernel,41,1,1,256,30.966,4.384,0.403
0x85b1c4060,1743,124,1403,fused_gr_up_kernel,160,1,1,256,36.771,9.464,0.385
0x85b1c4060,1743,124,1404,native_quantize_q8_1_kernel,10,1,1,256,6.248,1.730,0.330
0x85b1c4060,1743,124,1405,bf16_f32_mmvf_kernel,128,1,1,256,8.646,1.935,3.481
0x85b1c4060,1743,124,1406,native_iq4_xs_direct_r4,128,1,1,128,14.246,3.738,0.321
0x85b1c4060,1743,124,1407,native_q6_k_mmvq_kernel_large,512,1,1,128,13.996,3.962,5.050
0x85b1c4060,1743,124,1408,nqs_norm_kernel,2,1,1,256,6.917,1.791,0.353
0x85b1c4060,1743,124,1409,native_rope_apply_kernel,1,2,1,128,11.801,2.669,0.607
0x85b1c4060,1743,124,1410,copy_from_mapped_kernel,1,1,1,256,5.611,1.574,0.400
0x85b1c4060,1743,124,1411,kv_append_kernel,2,1,1,256,14.151,3.304,3.233
0x85b1c4060,1743,124,1412,nqsi_append_kernel,1,1,1,256,10.768,3.828,0.337
0x85b1c4060,1743,124,1413,native_iq4_xs_direct_r4,3072,1,1,128,109.236,33.145,0.469
0x85b1c4060,1743,124,1414,runtime_copy2d16,1,24,1,128,5.671,2.075,0.344
0x85b1c4060,1743,124,1415,nqs_norm_kernel,24,1,1,256,6.348,1.810,0.325
0x85b1c4060,1743,124,1416,native_rope_apply_kernel,1,24,1,128,11.115,3.164,0.590
0x85b1c4060,1743,124,1417,bf16_f32_mmvf_kernel,512,1,1,256,14.395,2.567,0.563
0x85b1c4060,1743,124,1418,nqs_norm_kernel,4,1,1,256,5.836,1.500,0.506
0x85b1c4060,1743,124,1419,native_rope_apply_kernel,1,4,1,128,8.531,2.621,0.545
0x85b1c4060,1743,124,1420,block_scores_multi_kernel,256,1,1,256,15.998,4.119,0.518
0x85b1c4060,1743,124,1421,block_topk_kernel,1,1,1,256,98.429,31.533,0.445
0x85b1c4060,1743,124,1422,attn_chunk_kernel_m0,33,2,1,256,128.866,37.454,0.339
0x85b1c4060,1743,124,1423,attn_merge_kernel,24,1,1,256,39.137,10.433,0.347
0x85b1c4060,1743,124,1424,nqs_gate_kernel,24,1,1,256,9.193,6.155,0.322
0x85b1c4060,1743,124,1425,native_quantize_q8_1_kernel,24,1,1,256,6.150,1.662,0.318
0x85b1c4060,1743,124,1426,native_iq4_xs_direct_r4,640,1,1,128,54.642,14.034,0.334
0x85b1c4060,1743,124,1427,fused_gr_norm1_kernel,1,1,1,256,21.678,5.000,0.346
0x85b1c4060,1743,124,1428,fused_gr_down_kernel,41,1,1,256,32.315,4.744,0.350
0x85b1c4060,1743,124,1429,fused_gr_up_kernel,160,1,1,256,36.749,9.099,0.331
0x85b1c4060,1743,124,1430,bf16_f32_mmvf_kernel,512,1,1,256,14.598,2.707,0.334
0x85b1c4060,1743,124,1431,route,1,1,1,256,22.658,5.518,0.355
0x85b1c4060,1743,124,1432,to_bf16_kernel,10,1,1,256,5.141,1.972,0.356
0x85b1c4060,1743,124,1433,native_quantize_q8_1_kernel,10,1,1,256,5.778,1.569,0.344
0x85b1c4060,1743,124,1434,native_iq4_xs_direct_r4,160,1,1,128,15.213,3.806,0.341
0x85b1c4060,1743,124,1435,native_iq4_xs_direct_r4,160,1,1,128,13.774,3.586,0.342
0x85b1c4060,1743,124,1436,shexp_native_swiglu_kernel,5,1,1,128,9.022,32.226,0.336
0x85b1c4060,1743,124,1437,native_quantize_q8_1_kernel,3,1,1,256,5.536,1.851,0.327
0x85b1c4060,1743,124,1438,native_iq4_nl_direct_r4,640,1,1,128,18.383,4.789,0.328
0x85b1c4060,1743,124,1439,bf16_f32_mmvf_kernel,1,1,1,256,7.202,1.811,0.354
0x85b1c4060,1743,124,1440,shexp_native_scalar_sigmoid_kernel,1,1,1,1,5.943,1.587,322.787
0x85b1c4060,1743,124,1441,shexp_scale_rows_kernel,20,1,1,128,4.316,1.174,2.602
0x85b1c4060,1743,124,1442,quantize_q8_1_kernel,10,1,1,256,6.349,1.748,7.358
0x85b1c4060,1743,124,1443,native_resident_gu_22,160,10,1,256,174.708,55.649,48.702
0x85b1c4060,1743,124,1444,swiglu_entries_kernel,25,1,1,256,5.763,1.487,0.465
0x85b1c4060,1743,124,1445,quantize_q8_1_kernel,25,1,1,256,6.014,1.866,0.376
0x85b1c4060,1743,124,1446,native_resident_down_direct_42_r4,80,10,1,256,99.749,30.560,0.398
0x85b1c4060,1743,124,1447,nmoe_combine_kernel,10,1,1,256,8.118,2.248,0.347
0x85b1c4060,1743,124,1448,fused_gr_norm1_kernel,1,1,1,256,21.156,4.967,0.339
0x85b1c4060,1743,124,1449,fused_gr_down_kernel,41,1,1,256,31.317,4.543,0.332
0x85b1c4060,1743,124,1450,fused_gr_up_kernel,160,1,1,256,36.675,8.953,0.361
0x85b1c4060,1743,124,1451,native_quantize_q8_1_kernel,10,1,1,256,6.244,1.953,0.369
0x85b1c4060,1743,124,1452,mmvq_direct_21_r2,1280,1,1,128,127.656,39.679,0.361
0x85b1c4060,1743,124,1453,gdn_conv_l2_multi_kernel,80,1,1,128,7.430,1.831,3.806
0x85b1c4060,1743,124,1454,gdn_ab_multi_kernel,12,1,1,256,17.078,4.194,0.350
0x85b1c4060,1743,124,1455,native_iq4_xs_direct_r4,1536,1,1,128,59.928,16.100,0.358
0x85b1c4060,1743,124,1456,gdn_step_norm_multi_kernel,48,1,1,512,29.048,6.454,0.342
0x85b1c4060,1743,124,1457,native_quantize_q8_1_kernel,24,1,1,256,6.181,1.893,0.328
0x85b1c4060,1743,124,1458,mmvq_direct_21_r2,320,1,1,128,72.597,21.541,0.340
0x85b1c4060,1743,124,1459,fused_gr_norm1_kernel,1,1,1,256,21.499,4.939,2.684
0x85b1c4060,1743,124,1460,fused_gr_down_kernel,41,1,1,256,31.540,4.425,0.360
0x85b1c4060,1743,124,1461,fused_gr_up_kernel,160,1,1,256,37.054,8.808,0.910
0x85b1c4060,1743,124,1462,bf16_f32_mmvf_kernel,512,1,1,256,14.320,2.234,0.359
0x85b1c4060,1743,124,1463,route,1,1,1,256,22.933,5.478,0.361
0x85b1c4060,1743,124,1464,to_bf16_kernel,10,1,1,256,4.234,1.366,0.356
0x85b1c4060,1743,124,1465,native_quantize_q8_1_kernel,10,1,1,256,6.062,1.622,0.348
0x85b1c4060,1743,124,1466,native_iq4_xs_direct_r4,160,1,1,128,14.486,3.707,0.342
0x85b1c4060,1743,124,1467,mmvq_direct_21_r2,80,1,1,128,19.670,5.217,0.340
0x85b1c4060,1743,124,1468,shexp_native_swiglu_kernel,5,1,1,128,6.086,1.697,0.338
0x85b1c4060,1743,124,1469,native_quantize_q8_1_kernel,3,1,1,256,5.054,1.376,0.326
0x85b1c4060,1743,124,1470,native_iq4_nl_direct_r4,640,1,1,128,17.782,4.290,0.324
0x85b1c4060,1743,124,1471,bf16_f32_mmvf_kernel,1,1,1,256,7.018,1.664,0.358
0x85b1c4060,1743,124,1472,shexp_native_scalar_sigmoid_kernel,1,1,1,1,5.618,1.521,0.351
0x85b1c4060,1743,124,1473,shexp_scale_rows_kernel,20,1,1,128,4.554,1.416,0.339
0x85b1c4060,1743,124,1474,quantize_q8_1_kernel,10,1,1,256,6.452,1.675,0.363
0x85b1c4060,1743,124,1475,native_resident_gu_22,160,10,1,256,175.503,58.054,1.136
0x85b1c4060,1743,124,1476,swiglu_entries_kernel,25,1,1,256,6.149,1.910,0.354
0x85b1c4060,1743,124,1477,quantize_q8_1_kernel,25,1,1,256,5.927,1.701,0.317
0x85b1c4060,1743,124,1478,native_resident_down_direct_42_r4,80,10,1,256,100.851,35.671,0.329
0x85b1c4060,1743,124,1479,nmoe_combine_kernel,10,1,1,256,8.543,2.177,0.355
0x85b1c4060,1743,124,1480,fused_gr_norm1_kernel,1,1,1,256,21.120,5.038,0.325
0x85b1c4060,1743,124,1481,fused_gr_down_kernel,41,1,1,256,30.971,4.774,0.321
0x85b1c4060,1743,124,1482,fused_gr_up_kernel,160,1,1,256,36.907,9.107,1.487
0x85b1c4060,1743,124,1483,native_quantize_q8_1_kernel,10,1,1,256,6.215,1.643,0.353
0x85b1c4060,1743,124,1484,native_iq4_xs_direct_r4,2560,1,1,128,94.037,26.434,0.353
0x85b1c4060,1743,124,1485,gdn_conv_l2_multi_kernel,80,1,1,128,7.727,1.860,4.954
0x85b1c4060,1743,124,1486,gdn_ab_multi_kernel,12,1,1,256,17.178,4.194,0.338
0x85b1c4060,1743,124,1487,native_iq4_xs_direct_r4,1536,1,1,128,59.497,16.613,3.174
0x85b1c4060,1743,124,1488,gdn_step_norm_multi_kernel,48,1,1,512,29.142,6.315,1.237
0x85b1c4060,1743,124,1489,native_quantize_q8_1_kernel,24,1,1,256,6.779,2.013,0.326
0x85b1c4060,1743,124,1490,mmvq_direct_21_r2,320,1,1,128,72.618,22.384,0.338
0x85b1c4060,1743,124,1491,fused_gr_norm1_kernel,1,1,1,256,21.818,5.007,2.901
0x85b1c4060,1743,124,1492,fused_gr_down_kernel,41,1,1,256,31.267,4.494,0.352
0x85b1c4060,1743,124,1493,fused_gr_up_kernel,160,1,1,256,37.101,8.728,0.334
0x85b1c4060,1743,124,1494,bf16_f32_mmvf_kernel,512,1,1,256,14.603,2.545,0.339
0x85b1c4060,1743,124,1495,route,1,1,1,256,22.807,5.612,0.358
0x85b1c4060,1743,124,1496,to_bf16_kernel,10,1,1,256,4.766,1.816,0.354
0x85b1c4060,1743,124,1497,native_quantize_q8_1_kernel,10,1,1,256,5.787,1.514,0.341
0x85b1c4060,1743,124,1498,native_iq4_xs_direct_r4,160,1,1,128,14.809,4.082,0.343
0x85b1c4060,1743,124,1499,native_q6_k_mmvq_kernel_large,640,1,1,128,15.810,4.485,0.338
0x85b1c4060,1743,124,1500,shexp_native_swiglu_kernel,5,1,1,128,5.969,1.686,0.339
0x85b1c4060,1743,124,1501,native_quantize_q8_1_kernel,3,1,1,256,5.190,1.433,0.314
0x85b1c4060,1743,124,1502,native_iq4_nl_direct_r4,640,1,1,128,18.074,4.631,0.319
0x85b1c4060,1743,124,1503,bf16_f32_mmvf_kernel,1,1,1,256,6.983,1.877,0.755
0x85b1c4060,1743,124,1504,shexp_native_scalar_sigmoid_kernel,1,1,1,1,5.415,1.418,0.352
0x85b1c4060,1743,124,1505,shexp_scale_rows_kernel,20,1,1,128,4.653,1.573,0.387
0x85b1c4060,1743,124,1506,quantize_q8_1_kernel,10,1,1,256,6.390,1.591,0.799
0x85b1c4060,1743,124,1507,native_resident_gu_22,160,10,1,256,176.362,60.201,0.337
0x85b1c4060,1743,124,1508,swiglu_entries_kernel,25,1,1,256,7.059,3.602,0.360
0x85b1c4060,1743,124,1509,quantize_q8_1_kernel,25,1,1,256,5.760,1.923,0.327
0x85b1c4060,1743,124,1510,native_resident_down_direct_42_r4,80,10,1,256,101.086,36.302,0.326
0x85b1c4060,1743,124,1511,nmoe_combine_kernel,10,1,1,256,8.781,8.992,0.339
0x85b1c4060,1743,124,1512,fused_gr_norm1_kernel,1,1,1,256,21.076,5.346,0.334
0x85b1c4060,1743,124,1513,fused_gr_down_kernel,41,1,1,256,32.039,5.372,0.355
0x85b1c4060,1743,124,1514,fused_gr_up_kernel,160,1,1,256,37.348,9.781,0.343
0x85b1c4060,1743,124,1515,native_quantize_q8_1_kernel,10,1,1,256,6.429,1.654,0.341
0x85b1c4060,1743,124,1516,native_iq4_xs_direct_r4,2560,1,1,128,94.374,27.798,0.386
0x85b1c4060,1743,124,1517,gdn_conv_l2_multi_kernel,80,1,1,128,7.856,2.007,0.370
0x85b1c4060,1743,124,1518,gdn_ab_multi_kernel,12,1,1,256,17.404,4.409,0.346
0x85b1c4060,1743,124,1519,native_iq4_xs_direct_r4,1536,1,1,128,60.284,17.331,0.335
0x85b1c4060,1743,124,1520,gdn_step_norm_multi_kernel,48,1,1,512,29.336,6.634,328.840
0x85b1c4060,1743,124,1521,native_quantize_q8_1_kernel,24,1,1,256,6.532,1.777,2.323
0x85b1c4060,1743,124,1522,native_iq4_xs_direct_r4,640,1,1,128,55.564,14.781,6.277
0x85b1c4060,1743,124,1523,fused_gr_norm1_kernel,1,1,1,256,21.966,5.352,0.323
0x85b1c4060,1743,124,1524,fused_gr_down_kernel,41,1,1,256,30.693,5.145,1.696
0x85b1c4060,1743,124,1525,fused_gr_up_kernel,160,1,1,256,37.157,9.564,0.413
0x85b1c4060,1743,124,1526,bf16_f32_mmvf_kernel,512,1,1,256,14.184,2.535,1.133
0x85b1c4060,1743,124,1527,route,1,1,1,256,23.281,5.743,0.407
0x85b1c4060,1743,124,1528,to_bf16_kernel,10,1,1,256,3.996,1.226,0.357
0x85b1c4060,1743,124,1529,native_quantize_q8_1_kernel,10,1,1,256,6.186,1.666,0.685
0x85b1c4060,1743,124,1530,native_q6_k_mmvq_kernel_large,640,1,1,128,15.883,4.796,1.101
0x85b1c4060,1743,124,1531,native_iq4_xs_direct_r4,160,1,1,128,14.101,3.940,0.325
0x85b1c4060,1743,124,1532,shexp_native_swiglu_kernel,5,1,1,128,5.685,1.586,0.331
0x85b1c4060,1743,124,1533,native_quantize_q8_1_kernel,3,1,1,256,5.199,1.529,3.049
0x85b1c4060,1743,124,1534,native_iq4_nl_direct_r4,640,1,1,128,17.885,4.739,1.409
0x85b1c4060,1743,124,1535,bf16_f32_mmvf_kernel,1,1,1,256,6.930,1.856,2.202
0x85b1c4060,1743,124,1536,shexp_native_scalar_sigmoid_kernel,1,1,1,1,5.267,1.388,1.048
0x85b1c4060,1743,124,1537,shexp_scale_rows_kernel,20,1,1,128,4.569,1.374,1.838
0x85b1c4060,1743,124,1538,quantize_q8_1_kernel,10,1,1,256,6.228,1.710,3.257
0x85b1c4060,1743,124,1539,native_resident_gu_22,160,10,1,256,175.894,59.025,9.900
0x85b1c4060,1743,124,1540,swiglu_entries_kernel,25,1,1,256,5.896,1.888,0.360
0x85b1c4060,1743,124,1541,quantize_q8_1_kernel,25,1,1,256,5.829,1.749,0.333
0x85b1c4060,1743,124,1542,native_resident_down_direct_42_r4,80,10,1,256,102.419,35.768,0.326
0x85b1c4060,1743,124,1543,nmoe_combine_kernel,10,1,1,256,8.330,2.422,0.340
0x85b1c4060,1743,124,1544,fused_gr_norm1_kernel,1,1,1,256,21.787,5.467,0.337
0x85b1c4060,1743,124,1545,fused_gr_down_kernel,41,1,1,256,31.732,5.241,1.111
0x85b1c4060,1743,124,1546,fused_gr_up_kernel,160,1,1,256,37.282,10.175,0.368
0x85b1c4060,1743,124,1547,native_quantize_q8_1_kernel,10,1,1,256,6.230,1.724,0.636
0x85b1c4060,1743,124,1548,bf16_f32_mmvf_kernel,128,1,1,256,8.406,2.021,0.571
0x85b1c4060,1743,124,1549,native_iq4_xs_direct_r4,128,1,1,128,14.655,4.280,0.523
0x85b1c4060,1743,124,1550,native_iq4_xs_direct_r4,128,1,1,128,13.702,4.235,0.757
0x85b1c4060,1743,124,1551,nqs_norm_kernel,2,1,1,256,6.878,2.033,1.076
0x85b1c4060,1743,124,1552,native_rope_apply_kernel,1,2,1,128,11.955,3.026,0.659
0x85b1c4060,1743,124,1553,copy_from_mapped_kernel,1,1,1,256,5.653,1.721,0.734
0x85b1c4060,1743,124,1554,kv_append_kernel,2,1,1,256,14.072,3.574,0.922
0x85b1c4060,1743,124,1555,nqsi_append_kernel,1,1,1,256,10.696,3.906,0.428
0x85b1c4060,1743,124,1556,native_iq4_xs_direct_r4,3072,1,1,128,110.844,34.975,0.624
0x85b1c4060,1743,124,1557,runtime_copy2d16,1,24,1,128,5.153,1.861,0.369
0x85b1c4060,1743,124,1558,nqs_norm_kernel,24,1,1,256,6.303,1.992,0.348
0x85b1c4060,1743,124,1559,native_rope_apply_kernel,1,24,1,128,10.929,3.243,0.358
0x85b1c4060,1743,124,1560,bf16_f32_mmvf_kernel,512,1,1,256,14.216,2.778,0.526
0x85b1c4060,1743,124,1561,nqs_norm_kernel,4,1,1,256,5.978,1.671,1.179
0x85b1c4060,1743,124,1562,native_rope_apply_kernel,1,4,1,128,8.474,2.810,0.510
0x85b1c4060,1743,124,1563,block_scores_multi_kernel,256,1,1,256,16.277,4.683,0.507
0x85b1c4060,1743,124,1564,block_topk_kernel,1,1,1,256,103.910,37.762,0.441
0x85b1c4060,1743,124,1565,attn_chunk_kernel_m0,33,2,1,256,130.420,40.776,4.552
0x85b1c4060,1743,124,1566,attn_merge_kernel,24,1,1,256,40.013,12.046,0.338
0x85b1c4060,1743,124,1567,nqs_gate_kernel,24,1,1,256,8.841,2.638,4.457
0x85b1c4060,1743,124,1568,native_quantize_q8_1_kernel,24,1,1,256,6.281,1.978,0.923
0x85b1c4060,1743,124,1569,native_iq4_xs_direct_r4,640,1,1,128,56.083,14.605,0.814
0x85b1c4060,1743,124,1570,fused_gr_norm1_kernel,1,1,1,256,22.387,5.601,0.357
0x85b1c4060,1743,124,1571,fused_gr_down_kernel,41,1,1,256,32.164,5.719,2.485
0x85b1c4060,1743,124,1572,fused_gr_up_kernel,160,1,1,256,37.905,10.460,0.357
0x85b1c4060,1743,124,1573,bf16_f32_mmvf_kernel,512,1,1,256,14.839,2.973,0.343
0x85b1c4060,1743,124,1574,route,1,1,1,256,24.124,11.257,0.329
0x85b1c4060,1743,124,1575,to_bf16_kernel,10,1,1,256,4.895,1.931,0.413
0x85b1c4060,1743,124,1576,native_quantize_q8_1_kernel,10,1,1,256,6.087,1.817,0.570
0x85b1c4060,1743,124,1577,mmvq_direct_21_r2,80,1,1,128,21.510,6.275,0.502
0x85b1c4060,1743,124,1578,native_iq4_xs_direct_r4,160,1,1,128,15.615,4.365,0.500
0x85b1c4060,1743,124,1579,shexp_native_swiglu_kernel,5,1,1,128,5.979,1.724,0.467
0x85b1c4060,1743,124,1580,native_quantize_q8_1_kernel,3,1,1,256,5.339,1.707,0.702
0x85b1c4060,1743,124,1581,native_iq4_nl_direct_r4,640,1,1,128,18.590,5.219,0.732
0x85b1c4060,1743,124,1582,bf16_f32_mmvf_kernel,1,1,1,256,7.267,1.947,0.346
0x85b1c4060,1743,124,1583,shexp_native_scalar_sigmoid_kernel,1,1,1,1,5.485,1.542,0.445
0x85b1c4060,1743,124,1584,shexp_scale_rows_kernel,20,1,1,128,5.026,1.829,0.605
0x85b1c4060,1743,124,1585,quantize_q8_1_kernel,10,1,1,256,6.535,1.836,0.358
0x85b1c4060,1743,124,1586,native_resident_gu_22,160,10,1,256,181.376,64.214,0.610
0x85b1c4060,1743,124,1587,swiglu_entries_kernel,25,1,1,256,6.824,2.216,0.354
0x85b1c4060,1743,124,1588,quantize_q8_1_kernel,25,1,1,256,6.107,2.048,0.366
0x85b1c4060,1743,124,1589,native_resident_down_direct_42_r4,80,10,1,256,103.051,35.739,0.360
0x85b1c4060,1743,124,1590,nmoe_combine_kernel,10,1,1,256,8.772,2.518,0.355
0x85b1c4060,1743,124,1591,fused_gr_norm1_kernel,1,1,1,256,20.987,5.878,0.357
0x85b1c4060,1743,124,1592,fused_gr_down_kernel,41,1,1,256,32.138,5.584,0.348
0x85b1c4060,1743,124,1593,fused_gr_up_kernel,160,1,1,256,37.996,10.489,0.358
0x85b1c4060,1743,124,1594,native_quantize_q8_1_kernel,10,1,1,256,6.924,1.924,0.334
0x85b1c4060,1743,124,1595,native_iq4_xs_direct_r4,2560,1,1,128,96.360,30.282,0.332
0x85b1c4060,1743,124,1596,gdn_conv_l2_multi_kernel,80,1,1,128,8.392,2.448,0.370
0x85b1c4060,1743,124,1597,gdn_ab_multi_kernel,12,1,1,256,17.732,4.915,0.353
0x85b1c4060,1743,124,1598,native_iq4_xs_direct_r4,1536,1,1,128,61.651,18.749,0.341
0x85b1c4060,1743,124,1599,gdn_step_norm_multi_kernel,48,1,1,512,30.126,7.198,0.381
0x85b1c4060,1743,124,1600,native_quantize_q8_1_kernel,24,1,1,256,7.775,10.397,330.704
0x85b1c4060,1743,124,1601,native_iq4_xs_direct_r4,640,1,1,128,55.441,14.623,8.909
0x85b1c4060,1743,124,1602,fused_gr_norm1_kernel,1,1,1,256,22.467,5.664,5.553
0x85b1c4060,1743,124,1603,fused_gr_down_kernel,41,1,1,256,31.634,5.272,2.042
0x85b1c4060,1743,124,1604,fused_gr_up_kernel,160,1,1,256,37.900,10.057,0.359
0x85b1c4060,1743,124,1605,bf16_f32_mmvf_kernel,512,1,1,256,14.505,2.637,2.060
0x85b1c4060,1743,124,1606,route,1,1,1,256,23.324,6.029,1.265
0x85b1c4060,1743,124,1607,to_bf16_kernel,10,1,1,256,4.334,1.461,0.387
0x85b1c4060,1743,124,1608,native_quantize_q8_1_kernel,10,1,1,256,5.983,1.799,0.408
0x85b1c4060,1743,124,1609,native_q6_k_mmvq_kernel_large,640,1,1,128,16.104,5.044,2.409
0x85b1c4060,1743,124,1610,native_iq4_xs_direct_r4,160,1,1,128,14.422,4.142,1.004
0x85b1c4060,1743,124,1611,shexp_native_swiglu_kernel,5,1,1,128,6.705,11.053,0.413
0x85b1c4060,1743,124,1612,native_quantize_q8_1_kernel,3,1,1,256,5.224,1.622,0.416
0x85b1c4060,1743,124,1613,native_iq4_nl_direct_r4,640,1,1,128,18.252,4.982,4.322
0x85b1c4060,1743,124,1614,bf16_f32_mmvf_kernel,1,1,1,256,7.150,2.240,2.409
0x85b1c4060,1743,124,1615,shexp_native_scalar_sigmoid_kernel,1,1,1,1,5.512,1.636,1.140
0x85b1c4060,1743,124,1616,shexp_scale_rows_kernel,20,1,1,128,4.550,1.472,1.707
0x85b1c4060,1743,124,1617,quantize_q8_1_kernel,10,1,1,256,6.430,1.841,3.695
0x85b1c4060,1743,124,1618,native_resident_gu_22,160,10,1,256,178.673,65.094,9.947
0x85b1c4060,1743,124,1619,swiglu_entries_kernel,25,1,1,256,5.899,1.674,2.844
0x85b1c4060,1743,124,1620,quantize_q8_1_kernel,25,1,1,256,5.972,1.732,0.359
0x85b1c4060,1743,124,1621,native_resident_down_direct_42_r4,80,10,1,256,102.084,34.351,1.060
0x85b1c4060,1743,124,1622,nmoe_combine_kernel,10,1,1,256,8.121,2.251,0.345
0x85b1c4060,1743,124,1623,fused_gr_norm1_kernel,1,1,1,256,22.108,5.475,0.361
0x85b1c4060,1743,124,1624,fused_gr_down_kernel,41,1,1,256,30.899,5.469,0.354
0x85b1c4060,1743,124,1625,fused_gr_up_kernel,160,1,1,256,37.447,10.026,1.496
0x85b1c4060,1743,124,1626,native_quantize_q8_1_kernel,10,1,1,256,6.429,1.847,0.338
0x85b1c4060,1743,124,1627,native_iq4_xs_direct_r4,2560,1,1,128,94.368,28.247,0.331
0x85b1c4060,1743,124,1628,gdn_conv_l2_multi_kernel,80,1,1,128,7.509,2.035,0.357
0x85b1c4060,1743,124,1629,gdn_ab_multi_kernel,12,1,1,256,17.446,4.534,0.340
0x85b1c4060,1743,124,1630,native_q6_k_mmvq_kernel_large,6144,1,1,128,98.325,33.391,0.331
0x85b1c4060,1743,124,1631,gdn_step_norm_multi_kernel,48,1,1,512,29.368,6.808,0.366
0x85b1c4060,1743,124,1632,native_quantize_q8_1_kernel,24,1,1,256,6.765,2.439,0.353
0x85b1c4060,1743,124,1633,native_iq4_xs_direct_r4,640,1,1,128,55.437,14.912,0.355
0x85b1c4060,1743,124,1634,fused_gr_norm1_kernel,1,1,1,256,22.134,5.161,0.353
0x85b1c4060,1743,124,1635,fused_gr_down_kernel,41,1,1,256,31.333,4.975,0.341
0x85b1c4060,1743,124,1636,fused_gr_up_kernel,160,1,1,256,37.442,9.664,0.351
0x85b1c4060,1743,124,1637,bf16_f32_mmvf_kernel,512,1,1,256,14.767,2.745,0.341
0x85b1c4060,1743,124,1638,route,1,1,1,256,23.106,5.786,0.327
0x85b1c4060,1743,124,1639,to_bf16_kernel,10,1,1,256,4.921,1.777,0.344
0x85b1c4060,1743,124,1640,native_quantize_q8_1_kernel,10,1,1,256,5.821,1.622,0.342
0x85b1c4060,1743,124,1641,native_iq4_xs_direct_r4,160,1,1,128,14.970,4.079,0.367
0x85b1c4060,1743,124,1642,mmvq_direct_21_r2,80,1,1,128,20.863,5.450,0.343
0x85b1c4060,1743,124,1643,shexp_native_swiglu_kernel,5,1,1,128,6.220,1.780,0.348
0x85b1c4060,1743,124,1644,native_quantize_q8_1_kernel,3,1,1,256,5.105,1.398,0.543
0x85b1c4060,1743,124,1645,native_iq4_nl_direct_r4,640,1,1,128,18.181,4.526,2.752
0x85b1c4060,1743,124,1646,bf16_f32_mmvf_kernel,1,1,1,256,7.128,1.824,0.486
0x85b1c4060,1743,124,1647,shexp_native_scalar_sigmoid_kernel,1,1,1,1,5.301,1.329,3.612
0x85b1c4060,1743,124,1648,shexp_scale_rows_kernel,20,1,1,128,4.890,1.869,0.555
0x85b1c4060,1743,124,1649,quantize_q8_1_kernel,10,1,1,256,6.264,1.570,0.900
0x85b1c4060,1743,124,1650,native_resident_gu_22,160,10,1,256,176.284,59.177,0.782
0x85b1c4060,1743,124,1651,swiglu_entries_kernel,25,1,1,256,6.463,1.895,2.893
0x85b1c4060,1743,124,1652,quantize_q8_1_kernel,25,1,1,256,5.919,1.646,0.344
0x85b1c4060,1743,124,1653,native_resident_down_direct_42_r4,80,10,1,256,100.795,32.965,0.350
0x85b1c4060,1743,124,1654,nmoe_combine_kernel,10,1,1,256,8.152,2.295,0.349
0x85b1c4060,1743,124,1655,fused_gr_norm1_kernel,1,1,1,256,21.426,5.177,0.346
0x85b1c4060,1743,124,1656,fused_gr_down_kernel,41,1,1,256,31.198,4.883,0.354
0x85b1c4060,1743,124,1657,fused_gr_up_kernel,160,1,1,256,38.238,16.440,0.332
0x85b1c4060,1743,124,1658,native_quantize_q8_1_kernel,10,1,1,256,6.515,1.752,0.311
0x85b1c4060,1743,124,1659,native_iq4_xs_direct_r4,2560,1,1,128,95.783,32.431,0.564
0x85b1c4060,1743,124,1660,gdn_conv_l2_multi_kernel,80,1,1,128,7.901,2.157,2.686
0x85b1c4060,1743,124,1661,gdn_ab_multi_kernel,12,1,1,256,17.255,4.323,0.315
0x85b1c4060,1743,124,1662,native_iq4_xs_direct_r4,1536,1,1,128,59.733,17.179,0.528
0x85b1c4060,1743,124,1663,gdn_step_norm_multi_kernel,48,1,1,512,29.178,6.338,0.348
0x85b1c4060,1743,124,1664,native_quantize_q8_1_kernel,24,1,1,256,6.990,2.821,0.338
0x85b1c4060,1743,124,1665,native_iq4_xs_direct_r4,640,1,1,128,55.309,13.385,0.340
0x85b1c4060,1743,124,1666,fused_gr_norm1_kernel,1,1,1,256,21.538,5.029,0.356
0x85b1c4060,1743,124,1667,fused_gr_down_kernel,41,1,1,256,31.049,4.668,0.336
0x85b1c4060,1743,124,1668,fused_gr_up_kernel,160,1,1,256,37.022,9.198,0.344
0x85b1c4060,1743,124,1669,bf16_f32_mmvf_kernel,512,1,1,256,14.732,2.759,0.347
0x85b1c4060,1743,124,1670,route,1,1,1,256,23.000,5.644,0.331
0x85b1c4060,1743,124,1671,to_bf16_kernel,10,1,1,256,4.945,1.739,0.328
0x85b1c4060,1743,124,1672,native_quantize_q8_1_kernel,10,1,1,256,5.781,1.644,0.334
0x85b1c4060,1743,124,1673,native_iq4_xs_direct_r4,160,1,1,128,14.729,3.957,0.342
0x85b1c4060,1743,124,1674,native_iq4_xs_direct_r4,160,1,1,128,14.353,3.772,0.327
0x85b1c4060,1743,124,1675,shexp_native_swiglu_kernel,5,1,1,128,5.831,1.616,0.322
0x85b1c4060,1743,124,1676,native_quantize_q8_1_kernel,3,1,1,256,5.350,1.378,0.338
0x85b1c4060,1743,124,1677,native_iq4_nl_direct_r4,640,1,1,128,18.116,4.517,0.331
0x85b1c4060,1743,124,1678,bf16_f32_mmvf_kernel,1,1,1,256,6.949,1.675,0.317
0x85b1c4060,1743,124,1679,shexp_native_scalar_sigmoid_kernel,1,1,1,1,5.560,1.523,0.702
0x85b1c4060,1743,124,1680,shexp_scale_rows_kernel,20,1,1,128,4.698,1.303,318.229
0x85b1c4060,1743,124,1681,quantize_q8_1_kernel,10,1,1,256,6.204,1.648,9.488
0x85b1c4060,1743,124,1682,native_resident_gu_22,160,10,1,256,174.844,56.018,42.334
0x85b1c4060,1743,124,1683,swiglu_entries_kernel,25,1,1,256,5.989,1.647,0.694
0x85b1c4060,1743,124,1684,quantize_q8_1_kernel,25,1,1,256,5.743,1.661,0.681
0x85b1c4060,1743,124,1685,native_resident_down_direct_42_r4,80,10,1,256,100.175,31.416,0.326
0x85b1c4060,1743,124,1686,nmoe_combine_kernel,10,1,1,256,10.167,20.612,0.311
0x85b1c4060,1743,124,1687,fused_gr_norm1_kernel,1,1,1,256,20.946,5.686,0.321
0x85b1c4060,1743,124,1688,fused_gr_down_kernel,41,1,1,256,30.762,4.473,0.326
0x85b1c4060,1743,124,1689,fused_gr_up_kernel,160,1,1,256,36.805,9.114,0.338
0x85b1c4060,1743,124,1690,native_quantize_q8_1_kernel,10,1,1,256,6.109,1.610,0.350
0x85b1c4060,1743,124,1691,bf16_f32_mmvf_kernel,128,1,1,256,8.488,2.014,0.342
0x85b1c4060,1743,124,1692,native_q6_k_mmvq_kernel_large,512,1,1,128,14.497,4.382,0.347
0x85b1c4060,1743,124,1693,native_q6_k_mmvq_kernel_large,512,1,1,128,13.963,4.094,2.627
0x85b1c4060,1743,124,1694,nqs_norm_kernel,2,1,1,256,6.730,1.774,0.340
0x85b1c4060,1743,124,1695,native_rope_apply_kernel,1,2,1,128,11.762,2.709,0.351
0x85b1c4060,1743,124,1696,copy_from_mapped_kernel,1,1,1,256,5.194,1.505,0.424
0x85b1c4060,1743,124,1697,kv_append_kernel,2,1,1,256,13.708,3.223,0.375
0x85b1c4060,1743,124,1698,nqsi_append_kernel,1,1,1,256,10.622,3.851,1.895
0x85b1c4060,1743,124,1699,native_iq4_xs_direct_r4,3072,1,1,128,109.116,30.261,3.462
0x85b1c4060,1743,124,1700,runtime_copy2d16,1,24,1,128,4.840,1.715,0.411
0x85b1c4060,1743,124,1701,nqs_norm_kernel,24,1,1,256,6.239,1.856,0.351
0x85b1c4060,1743,124,1702,native_rope_apply_kernel,1,24,1,128,10.679,2.894,0.337
0x85b1c4060,1743,124,1703,bf16_f32_mmvf_kernel,512,1,1,256,14.278,2.734,0.358
0x85b1c4060,1743,124,1704,nqs_norm_kernel,4,1,1,256,5.979,1.726,0.357
0x85b1c4060,1743,124,1705,native_rope_apply_kernel,1,4,1,128,8.208,2.481,0.354
0x85b1c4060,1743,124,1706,block_scores_multi_kernel,256,1,1,256,15.797,4.115,0.324
0x85b1c4060,1743,124,1707,block_topk_kernel,1,1,1,256,101.496,32.119,0.320
0x85b1c4060,1743,124,1708,attn_chunk_kernel_m0,33,2,1,256,127.363,36.635,0.340
0x85b1c4060,1743,124,1709,attn_merge_kernel,24,1,1,256,39.154,10.644,0.340
0x85b1c4060,1743,124,1710,nqs_gate_kernel,24,1,1,256,8.691,2.302,0.332
0x85b1c4060,1743,124,1711,native_quantize_q8_1_kernel,24,1,1,256,6.456,1.951,0.346
0x85b1c4060,1743,124,1712,native_iq4_xs_direct_r4,640,1,1,128,55.929,13.782,0.352
0x85b1c4060,1743,124,1713,fused_gr_norm1_kernel,1,1,1,256,22.505,5.403,0.664
0x85b1c4060,1743,124,1714,fused_gr_down_kernel,41,1,1,256,31.058,5.522,0.341
0x85b1c4060,1743,124,1715,fused_gr_up_kernel,160,1,1,256,37.183,9.125,0.339
0x85b1c4060,1743,124,1716,bf16_f32_mmvf_kernel,512,1,1,256,14.702,2.652,0.362
0x85b1c4060,1743,124,1717,route,1,1,1,256,23.420,6.054,0.354
0x85b1c4060,1743,124,1718,to_bf16_kernel,10,1,1,256,4.601,1.450,0.343
0x85b1c4060,1743,124,1719,native_quantize_q8_1_kernel,10,1,1,256,6.101,1.802,0.358
0x85b1c4060,1743,124,1720,native_iq4_xs_direct_r4,160,1,1,128,14.520,4.230,0.354
0x85b1c4060,1743,124,1721,native_iq4_xs_direct_r4,160,1,1,128,13.988,3.757,0.517
0x85b1c4060,1743,124,1722,shexp_native_swiglu_kernel,5,1,1,128,5.909,1.665,0.480
0x85b1c4060,1743,124,1723,native_quantize_q8_1_kernel,3,1,1,256,5.405,1.493,0.503
0x85b1c4060,1743,124,1724,native_iq4_nl_direct_r4,640,1,1,128,17.995,4.707,0.573
0x85b1c4060,1743,124,1725,bf16_f32_mmvf_kernel,1,1,1,256,7.314,1.985,3.094
0x85b1c4060,1743,124,1726,shexp_native_scalar_sigmoid_kernel,1,1,1,1,5.312,1.386,0.508
0x85b1c4060,1743,124,1727,shexp_scale_rows_kernel,20,1,1,128,4.981,2.305,4.464
0x85b1c4060,1743,124,1728,quantize_q8_1_kernel,10,1,1,256,6.418,1.648,0.579
0x85b1c4060,1743,124,1729,native_resident_gu_22,160,10,1,256,173.290,52.896,1.759
0x85b1c4060,1743,124,1730,swiglu_entries_kernel,25,1,1,256,6.554,1.835,0.344
0x85b1c4060,1743,124,1731,quantize_q8_1_kernel,25,1,1,256,5.784,1.610,2.607
0x85b1c4060,1743,124,1732,native_resident_down_direct_42_r4,80,10,1,256,98.180,29.308,0.346
0x85b1c4060,1743,124,1733,nmoe_combine_kernel,10,1,1,256,8.183,2.099,0.373
0x85b1c4060,1743,124,1734,native_gr_post_kernel,40,1,1,256,7.991,2.025,0.356
0x85b1c4060,1743,124,1735,weighted_rms_norm,4,1,1,1024,9.171,2.311,0.362
0x85b1c4060,1743,124,1736,bf16_f32_mmvf_kernel,320,1,1,256,27.138,4.401,0.574
0x85b1c4060,1743,124,1737,native_gr_down_silu_kernel,2,1,1,256,5.777,1.605,0.420
0x85b1c4060,1743,124,1738,bf16_f32_mmvf_kernel,10240,1,1,160,71.227,17.023,0.615
0x85b1c4060,1743,124,1739,native_gr_pre_gated_kernel,10,1,1,256,9.941,2.449,0.332
0x85b1c4060,1743,124,1740,native_quantize_q8_1_kernel,10,1,1,256,5.937,1.658,0.338
0x85b1c4060,1743,124,1741,native_iq4_xs_direct_r4,62080,1,1,128,1978.957,561.803,0.331
0x85b1c4060,1743,124,1742,sampler_greedy_kernel,1,1,1,1024,155.119,44.572,0.569
