tape,entries,launches,entry,kernel,grid_x,grid_y,grid_z,threads,mean_us,sd_us,gap_us
0x993297b60,1743,124,0,copy_i32_from_mapped_kernel,1,1,1,128,14.043,49.307,0.000
0x993297b60,1743,124,1,copy_i32_from_mapped_kernel,1,1,1,128,5.242,1.234,1.229
0x993297b60,1743,124,2,copy_i32_from_mapped_kernel,1,1,1,128,5.075,3.315,4.251
0x993297b60,1743,124,3,copy_from_mapped_kernel,3,1,1,256,5.946,1.406,2.053
0x993297b60,1743,124,4,embed_rows_kernel,10,1,1,32,10.420,8.619,5.074
0x993297b60,1743,124,5,broadcast_streams_kernel,40,1,1,256,6.859,1.790,9.572
0x993297b60,1743,124,6,fused_gr_norm_kernel,1,1,1,256,27.538,6.180,1.043
0x993297b60,1743,124,7,fused_gr_down_kernel,41,1,1,256,42.904,6.900,1.914
0x993297b60,1743,124,8,fused_gr_up_kernel,160,1,1,256,49.067,62.586,6.989
0x993297b60,1743,124,9,native_quantize_q8_1_kernel,10,1,1,256,7.655,9.668,0.396
0x993297b60,1743,124,10,native_iq4_xs_expanded_small,2560,1,1,128,123.792,27.442,0.401
0x993297b60,1743,124,11,gdn_conv_l2_multi_kernel,80,1,1,128,7.584,1.701,0.402
0x993297b60,1743,124,12,gdn_ab_multi_kernel,12,1,1,256,18.445,4.888,0.369
0x993297b60,1743,124,13,mmvq_multi_kernel_21_1,1536,1,1,128,122.630,33.329,0.755
0x993297b60,1743,124,14,gdn_step_norm_multi_kernel,48,1,1,512,29.386,5.340,0.370
0x993297b60,1743,124,15,native_quantize_q8_1_kernel,24,1,1,256,6.481,1.523,0.354
0x993297b60,1743,124,16,native_iq4_xs_expanded_large,2560,1,1,128,59.318,7.459,0.362
0x993297b60,1743,124,17,fused_gr_norm_kernel,1,1,1,256,34.053,6.736,0.369
0x993297b60,1743,124,18,fused_gr_down_kernel,41,1,1,256,31.108,3.581,0.363
0x993297b60,1743,124,19,fused_gr_up_kernel,160,1,1,256,37.692,23.631,0.349
0x993297b60,1743,124,20,bf16_f32_mmvf_kernel,512,1,1,256,16.332,18.058,0.347
0x993297b60,1743,124,21,route,1,1,1,256,22.761,4.340,0.367
0x993297b60,1743,124,22,to_bf16_kernel,10,1,1,256,4.101,1.296,0.350
0x993297b60,1743,124,23,native_quantize_q8_1_kernel,10,1,1,256,6.088,1.264,0.357
0x993297b60,1743,124,24,mmvq_multi_kernel_21_1,160,1,1,128,47.642,12.163,0.525
0x993297b60,1743,124,25,native_iq4_xs_expanded_small,160,1,1,128,21.973,2.921,0.626
0x993297b60,1743,124,26,shexp_native_swiglu_kernel,5,1,1,128,6.447,1.460,0.343
0x993297b60,1743,124,27,native_quantize_q8_1_kernel,3,1,1,256,5.190,1.856,0.333
0x993297b60,1743,124,28,native_small_mmvq_kernel_iq4_nl_small,640,1,1,128,24.307,4.027,0.753
0x993297b60,1743,124,29,bf16_f32_mmvf_kernel,1,1,1,256,6.768,1.338,0.344
0x993297b60,1743,124,30,shexp_native_scalar_sigmoid_kernel,1,1,1,1,6.580,15.831,0.348
0x993297b60,1743,124,31,shexp_scale_rows_kernel,20,1,1,128,4.821,1.405,0.331
0x993297b60,1743,124,32,quantize_q8_1_kernel,10,1,1,256,6.239,3.390,0.350
0x993297b60,1743,124,33,native_resident_gu_22,160,10,1,256,165.542,43.026,0.348
0x993297b60,1743,124,34,swiglu_entries_kernel,25,1,1,256,6.616,2.362,0.340
0x993297b60,1743,124,35,quantize_q8_1_kernel,25,1,1,256,8.749,23.300,0.309
0x993297b60,1743,124,36,native_resident_down_42,320,10,1,256,108.583,41.754,0.316
0x993297b60,1743,124,37,nmoe_combine_kernel,10,1,1,256,9.733,2.313,0.341
0x993297b60,1743,124,38,native_gr_post_kernel,40,1,1,256,10.713,23.677,0.326
0x993297b60,1743,124,39,bf16_f32_mmvf_kernel,10240,1,1,256,154.534,39.860,0.325
0x993297b60,1743,124,40,bf16_f32_mmvf_kernel,2560,1,1,256,43.268,3.271,0.476
0x993297b60,1743,124,41,weighted_rms_norm,4,1,1,1024,8.442,1.854,0.348
0x993297b60,1743,124,42,weighted_rms_norm,4,1,1,1024,7.642,1.686,0.362
0x993297b60,1743,124,43,nple_gate_kernel,4,1,1,512,6.117,1.272,0.339
0x993297b60,1743,124,44,nple_broadcast_kernel,40,1,1,256,4.841,1.186,0.342
0x993297b60,1743,124,45,weighted_rms_norm,4,1,1,1024,7.216,1.760,0.349
0x993297b60,1743,124,46,nple_conv_residual_kernel,40,1,1,256,9.010,1.584,0.357
0x993297b60,1743,124,47,copy(compute),40960,1,1,0,4.192,1.336,0.322
0x993297b60,1743,124,48,history_advance_kernel,40,1,1,256,5.442,1.305,0.356
0x993297b60,1743,124,49,copy_from_mapped_kernel,64,1,1,256,5.823,1.563,0.340
0x993297b60,1743,124,50,fused_gr_norm_kernel,1,1,1,256,25.284,5.240,0.335
0x993297b60,1743,124,51,fused_gr_down_kernel,41,1,1,256,31.507,2.942,0.331
0x993297b60,1743,124,52,fused_gr_up_kernel,160,1,1,256,31.874,4.541,0.321
0x993297b60,1743,124,53,native_quantize_q8_1_kernel,10,1,1,256,6.202,1.233,0.333
0x993297b60,1743,124,54,native_iq4_xs_expanded_small,2560,1,1,128,108.000,80.267,0.322
0x993297b60,1743,124,55,gdn_conv_l2_multi_kernel,80,1,1,128,7.617,1.972,0.376
0x993297b60,1743,124,56,gdn_ab_multi_kernel,12,1,1,256,17.017,3.355,0.318
0x993297b60,1743,124,57,mmvq_multi_kernel_21_1,1536,1,1,128,123.749,37.283,0.322
0x993297b60,1743,124,58,gdn_step_norm_multi_kernel,48,1,1,512,28.176,4.866,0.335
0x993297b60,1743,124,59,native_quantize_q8_1_kernel,24,1,1,256,6.590,1.720,0.310
0x993297b60,1743,124,60,native_iq4_xs_expanded_large,2560,1,1,128,55.896,6.611,0.310
0x993297b60,1743,124,61,fused_gr_norm_kernel,1,1,1,256,32.236,6.656,0.335
0x993297b60,1743,124,62,fused_gr_down_kernel,41,1,1,256,29.760,3.365,0.321
0x993297b60,1743,124,63,fused_gr_up_kernel,160,1,1,256,35.806,6.798,0.302
0x993297b60,1743,124,64,bf16_f32_mmvf_kernel,512,1,1,256,14.804,4.396,0.314
0x993297b60,1743,124,65,route,1,1,1,256,21.985,4.255,0.315
0x993297b60,1743,124,66,to_bf16_kernel,10,1,1,256,4.710,1.550,0.320
0x993297b60,1743,124,67,native_quantize_q8_1_kernel,10,1,1,256,5.765,1.275,0.311
0x993297b60,1743,124,68,native_q6_k_mmvq_kernel_large,640,1,1,128,15.361,4.253,0.314
0x993297b60,1743,124,69,native_iq4_xs_expanded_small,160,1,1,128,21.026,3.037,0.321
0x993297b60,1743,124,70,shexp_native_swiglu_kernel,5,1,1,128,5.742,1.260,0.318
0x993297b60,1743,124,71,native_quantize_q8_1_kernel,3,1,1,256,4.924,1.336,0.318
0x993297b60,1743,124,72,native_small_mmvq_kernel_iq4_nl_small,640,1,1,128,24.029,4.264,0.331
0x993297b60,1743,124,73,bf16_f32_mmvf_kernel,1,1,1,256,6.765,1.615,0.325
0x993297b60,1743,124,74,shexp_native_scalar_sigmoid_kernel,1,1,1,1,5.004,0.948,0.326
0x993297b60,1743,124,75,shexp_scale_rows_kernel,20,1,1,128,4.705,1.637,0.309
0x993297b60,1743,124,76,quantize_q8_1_kernel,10,1,1,256,5.915,1.241,0.304
0x993297b60,1743,124,77,native_resident_gu_16,160,10,1,256,155.696,50.205,0.316
0x993297b60,1743,124,78,swiglu_entries_kernel,25,1,1,256,7.333,8.793,0.318
0x993297b60,1743,124,79,quantize_q8_1_kernel,25,1,1,256,5.922,2.728,0.302
0x993297b60,1743,124,80,native_resident_down_42,320,10,1,256,105.547,29.444,377.679
0x993297b60,1743,124,81,nmoe_combine_kernel,10,1,1,256,8.468,1.809,1.155
0x993297b60,1743,124,82,fused_gr_norm_kernel,1,1,1,256,30.747,6.072,0.632
0x993297b60,1743,124,83,fused_gr_down_kernel,41,1,1,256,30.058,3.381,0.785
0x993297b60,1743,124,84,fused_gr_up_kernel,160,1,1,256,34.749,6.963,4.060
0x993297b60,1743,124,85,native_quantize_q8_1_kernel,10,1,1,256,5.977,1.393,0.331
0x993297b60,1743,124,86,native_iq4_xs_expanded_small,2560,1,1,128,100.329,14.508,0.318
0x993297b60,1743,124,87,gdn_conv_l2_multi_kernel,80,1,1,128,7.020,1.503,0.335
0x993297b60,1743,124,88,gdn_ab_multi_kernel,12,1,1,256,16.605,3.313,0.950
0x993297b60,1743,124,89,native_iq4_xs_expanded_small,1536,1,1,128,65.957,36.259,0.793
0x993297b60,1743,124,90,gdn_step_norm_multi_kernel,48,1,1,512,28.112,6.353,0.344
0x993297b60,1743,124,91,native_quantize_q8_1_kernel,24,1,1,256,5.887,1.189,0.309
0x993297b60,1743,124,92,native_iq4_xs_expanded_large,2560,1,1,128,55.152,6.001,0.306
0x993297b60,1743,124,93,fused_gr_norm_kernel,1,1,1,256,31.535,6.167,1.428
0x993297b60,1743,124,94,fused_gr_down_kernel,41,1,1,256,29.364,3.158,0.739
0x993297b60,1743,124,95,fused_gr_up_kernel,160,1,1,256,34.610,6.382,0.311
0x993297b60,1743,124,96,bf16_f32_mmvf_kernel,512,1,1,256,14.046,2.033,0.322
0x993297b60,1743,124,97,route,1,1,1,256,21.831,3.996,0.319
0x993297b60,1743,124,98,to_bf16_kernel,10,1,1,256,3.828,1.245,0.323
0x993297b60,1743,124,99,native_quantize_q8_1_kernel,10,1,1,256,5.843,1.261,0.312
0x993297b60,1743,124,100,native_iq4_xs_expanded_small,160,1,1,128,20.969,2.729,0.310
0x993297b60,1743,124,101,native_iq4_xs_expanded_small,160,1,1,128,13.881,2.934,0.326
0x993297b60,1743,124,102,shexp_native_swiglu_kernel,5,1,1,128,5.303,1.220,0.324
0x993297b60,1743,124,103,native_quantize_q8_1_kernel,3,1,1,256,4.689,1.118,0.313
0x993297b60,1743,124,104,native_small_mmvq_kernel_iq4_nl_small,640,1,1,128,23.295,3.854,0.327
0x993297b60,1743,124,105,bf16_f32_mmvf_kernel,1,1,1,256,6.422,1.256,1.069
0x993297b60,1743,124,106,shexp_native_scalar_sigmoid_kernel,1,1,1,1,5.077,1.623,0.853
0x993297b60,1743,124,107,shexp_scale_rows_kernel,20,1,1,128,4.213,1.143,0.504
0x993297b60,1743,124,108,quantize_q8_1_kernel,10,1,1,256,5.955,1.471,0.908
0x993297b60,1743,124,109,native_resident_gu_22,160,10,1,256,162.265,40.251,0.926
0x993297b60,1743,124,110,swiglu_entries_kernel,25,1,1,256,5.831,1.980,0.326
0x993297b60,1743,124,111,quantize_q8_1_kernel,25,1,1,256,5.642,1.481,0.302
0x993297b60,1743,124,112,native_resident_down_42,320,10,1,256,106.080,38.486,0.587
0x993297b60,1743,124,113,nmoe_combine_kernel,10,1,1,256,8.612,1.887,0.320
0x993297b60,1743,124,114,fused_gr_norm_kernel,1,1,1,256,31.218,7.428,0.322
0x993297b60,1743,124,115,fused_gr_down_kernel,41,1,1,256,29.475,2.913,0.304
0x993297b60,1743,124,116,fused_gr_up_kernel,160,1,1,256,35.041,6.731,0.304
0x993297b60,1743,124,117,native_quantize_q8_1_kernel,10,1,1,256,5.800,1.351,0.326
0x993297b60,1743,124,118,bf16_f32_mmvf_kernel,128,1,1,256,8.118,1.547,0.585
0x993297b60,1743,124,119,native_q6_k_mmvq_kernel_large,512,1,1,128,13.584,2.979,0.677
0x993297b60,1743,124,120,native_iq4_xs_expanded_small,128,1,1,128,20.140,3.225,0.540
0x993297b60,1743,124,121,nqs_norm_kernel,2,1,1,256,6.615,1.476,0.582
0x993297b60,1743,124,122,native_rope_apply_kernel,1,2,1,128,11.264,2.657,0.536
0x993297b60,1743,124,123,copy_from_mapped_kernel,1,1,1,256,5.275,1.480,0.456
0x993297b60,1743,124,124,kv_append_kernel,2,1,1,256,14.703,15.130,0.527
0x993297b60,1743,124,125,nqsi_append_kernel,1,1,1,256,10.414,4.606,0.321
0x993297b60,1743,124,126,native_iq4_xs_expanded_small,3072,1,1,128,109.086,16.242,0.376
0x993297b60,1743,124,127,runtime_copy2d16,1,24,1,128,4.810,1.382,1.100
0x993297b60,1743,124,128,nqs_norm_kernel,24,1,1,256,6.162,1.272,0.313
0x993297b60,1743,124,129,native_rope_apply_kernel,1,24,1,128,11.299,2.091,0.307
0x993297b60,1743,124,130,bf16_f32_mmvf_kernel,512,1,1,256,13.792,2.002,1.418
0x993297b60,1743,124,131,nqs_norm_kernel,4,1,1,256,5.719,1.488,0.295
0x993297b60,1743,124,132,native_rope_apply_kernel,1,4,1,128,7.543,1.759,1.237
0x993297b60,1743,124,133,block_scores_multi_kernel,256,1,1,256,14.954,3.238,0.324
0x993297b60,1743,124,134,block_topk_kernel,1,1,1,256,92.766,22.764,0.316
0x993297b60,1743,124,135,attn_chunk_kernel_m0,33,2,1,256,120.514,31.795,3.781
0x993297b60,1743,124,136,attn_merge_kernel,24,1,1,256,39.795,29.346,0.331
0x993297b60,1743,124,137,nqs_gate_kernel,24,1,1,256,8.566,6.407,0.319
0x993297b60,1743,124,138,native_quantize_q8_1_kernel,24,1,1,256,5.944,1.416,0.331
0x993297b60,1743,124,139,mmvq_multi_kernel_21_1,640,1,1,128,115.511,27.665,0.299
0x993297b60,1743,124,140,fused_gr_norm_kernel,1,1,1,256,31.505,6.230,0.309
0x993297b60,1743,124,141,fused_gr_down_kernel,41,1,1,256,31.246,2.865,0.320
0x993297b60,1743,124,142,fused_gr_up_kernel,160,1,1,256,34.919,5.969,0.303
0x993297b60,1743,124,143,bf16_f32_mmvf_kernel,512,1,1,256,13.742,1.865,0.294
0x993297b60,1743,124,144,route,1,1,1,256,21.327,3.712,0.333
0x993297b60,1743,124,145,to_bf16_kernel,10,1,1,256,4.492,1.617,0.322
0x993297b60,1743,124,146,native_quantize_q8_1_kernel,10,1,1,256,5.515,0.987,0.328
0x993297b60,1743,124,147,native_iq4_xs_expanded_small,160,1,1,128,21.074,4.045,0.313
0x993297b60,1743,124,148,native_iq4_xs_expanded_small,160,1,1,128,14.062,2.902,0.313
0x993297b60,1743,124,149,shexp_native_swiglu_kernel,5,1,1,128,5.766,1.569,0.338
0x993297b60,1743,124,150,native_quantize_q8_1_kernel,3,1,1,256,4.930,1.125,0.319
0x993297b60,1743,124,151,native_small_mmvq_kernel_q8_0_small,640,1,1,128,16.192,2.824,0.313
0x993297b60,1743,124,152,bf16_f32_mmvf_kernel,1,1,1,256,6.694,1.985,0.321
0x993297b60,1743,124,153,shexp_native_scalar_sigmoid_kernel,1,1,1,1,5.073,1.166,0.314
0x993297b60,1743,124,154,shexp_scale_rows_kernel,20,1,1,128,4.482,1.519,0.326
0x993297b60,1743,124,155,quantize_q8_1_kernel,10,1,1,256,5.817,1.242,0.313
0x993297b60,1743,124,156,native_resident_gu_22,160,10,1,256,161.442,39.041,0.310
0x993297b60,1743,124,157,swiglu_entries_kernel,25,1,1,256,6.295,1.848,0.341
0x993297b60,1743,124,158,quantize_q8_1_kernel,25,1,1,256,5.600,1.687,0.318
0x993297b60,1743,124,159,native_resident_down_42,320,10,1,256,105.342,39.382,0.311
0x993297b60,1743,124,160,nmoe_combine_kernel,10,1,1,256,8.788,3.248,352.479
0x993297b60,1743,124,161,fused_gr_norm_kernel,1,1,1,256,32.658,15.388,5.948
0x993297b60,1743,124,162,fused_gr_down_kernel,41,1,1,256,29.937,4.453,0.833
0x993297b60,1743,124,163,fused_gr_up_kernel,160,1,1,256,34.937,6.627,5.153
0x993297b60,1743,124,164,native_quantize_q8_1_kernel,10,1,1,256,5.670,1.309,1.520
0x993297b60,1743,124,165,native_iq4_xs_expanded_small,2560,1,1,128,99.420,15.909,2.611
0x993297b60,1743,124,166,gdn_conv_l2_multi_kernel,80,1,1,128,7.317,1.638,0.380
0x993297b60,1743,124,167,gdn_ab_multi_kernel,12,1,1,256,16.555,3.696,0.320
0x993297b60,1743,124,168,mmvq_multi_kernel_21_1,1536,1,1,128,118.005,28.965,0.555
0x993297b60,1743,124,169,gdn_step_norm_multi_kernel,48,1,1,512,27.889,4.617,0.330
0x993297b60,1743,124,170,native_quantize_q8_1_kernel,24,1,1,256,6.172,1.624,1.194
0x993297b60,1743,124,171,native_iq4_xs_expanded_large,2560,1,1,128,56.827,8.402,0.324
0x993297b60,1743,124,172,fused_gr_norm_kernel,1,1,1,256,31.698,6.237,0.320
0x993297b60,1743,124,173,fused_gr_down_kernel,41,1,1,256,29.525,3.205,0.359
0x993297b60,1743,124,174,fused_gr_up_kernel,160,1,1,256,34.616,6.435,0.835
0x993297b60,1743,124,175,bf16_f32_mmvf_kernel,512,1,1,256,13.739,1.634,0.335
0x993297b60,1743,124,176,route,1,1,1,256,21.728,3.979,0.463
0x993297b60,1743,124,177,to_bf16_kernel,10,1,1,256,3.842,1.098,0.615
0x993297b60,1743,124,178,native_quantize_q8_1_kernel,10,1,1,256,5.528,1.079,0.607
0x993297b60,1743,124,179,native_iq4_xs_expanded_small,160,1,1,128,20.805,2.964,0.607
0x993297b60,1743,124,180,mmvq_multi_kernel_21_1,160,1,1,128,44.599,10.562,0.414
0x993297b60,1743,124,181,shexp_native_swiglu_kernel,5,1,1,128,6.707,14.481,0.335
0x993297b60,1743,124,182,native_quantize_q8_1_kernel,3,1,1,256,4.949,1.484,0.396
0x993297b60,1743,124,183,native_small_mmvq_kernel_iq4_nl_small,640,1,1,128,23.570,3.955,0.631
0x993297b60,1743,124,184,bf16_f32_mmvf_kernel,1,1,1,256,6.760,1.840,0.595
0x993297b60,1743,124,185,shexp_native_scalar_sigmoid_kernel,1,1,1,1,4.853,0.881,0.327
0x993297b60,1743,124,186,shexp_scale_rows_kernel,20,1,1,128,4.306,1.365,0.478
0x993297b60,1743,124,187,quantize_q8_1_kernel,10,1,1,256,5.804,1.201,0.491
0x993297b60,1743,124,188,native_resident_gu_16,160,10,1,256,152.549,37.711,0.536
0x993297b60,1743,124,189,swiglu_entries_kernel,25,1,1,256,5.848,1.965,0.337
0x993297b60,1743,124,190,quantize_q8_1_kernel,25,1,1,256,5.389,1.374,0.314
0x993297b60,1743,124,191,native_resident_down_42,320,10,1,256,103.142,26.213,0.303
0x993297b60,1743,124,192,nmoe_combine_kernel,10,1,1,256,8.858,2.500,0.327
0x993297b60,1743,124,193,fused_gr_norm_kernel,1,1,1,256,30.458,6.043,0.318
0x993297b60,1743,124,194,fused_gr_down_kernel,41,1,1,256,31.342,12.261,0.320
0x993297b60,1743,124,195,fused_gr_up_kernel,160,1,1,256,34.814,6.784,0.301
0x993297b60,1743,124,196,native_quantize_q8_1_kernel,10,1,1,256,5.892,1.942,0.309
0x993297b60,1743,124,197,native_iq4_xs_expanded_small,2560,1,1,128,99.074,14.509,0.321
0x993297b60,1743,124,198,gdn_conv_l2_multi_kernel,80,1,1,128,7.436,1.750,0.364
0x993297b60,1743,124,199,gdn_ab_multi_kernel,12,1,1,256,16.467,3.169,0.294
0x993297b60,1743,124,200,mmvq_multi_kernel_21_1,1536,1,1,128,123.074,45.059,0.604
0x993297b60,1743,124,201,gdn_step_norm_multi_kernel,48,1,1,512,28.238,5.300,0.321
0x993297b60,1743,124,202,native_quantize_q8_1_kernel,24,1,1,256,6.631,2.627,0.327
0x993297b60,1743,124,203,native_iq4_xs_expanded_large,2560,1,1,128,54.576,5.984,0.440
0x993297b60,1743,124,204,fused_gr_norm_kernel,1,1,1,256,31.521,5.915,0.328
0x993297b60,1743,124,205,fused_gr_down_kernel,41,1,1,256,29.572,3.205,0.315
0x993297b60,1743,124,206,fused_gr_up_kernel,160,1,1,256,34.893,6.419,0.303
0x993297b60,1743,124,207,bf16_f32_mmvf_kernel,512,1,1,256,14.104,2.000,0.407
0x993297b60,1743,124,208,route,1,1,1,256,21.819,4.011,0.439
0x993297b60,1743,124,209,to_bf16_kernel,10,1,1,256,6.906,31.284,0.406
0x993297b60,1743,124,210,native_quantize_q8_1_kernel,10,1,1,256,5.523,1.207,3.467
0x993297b60,1743,124,211,native_iq4_xs_expanded_small,160,1,1,128,20.326,2.738,0.527
0x993297b60,1743,124,212,native_q6_k_mmvq_kernel_large,640,1,1,128,15.278,6.120,0.386
0x993297b60,1743,124,213,shexp_native_swiglu_kernel,5,1,1,128,5.103,1.379,0.440
0x993297b60,1743,124,214,native_quantize_q8_1_kernel,3,1,1,256,4.594,1.090,0.603
0x993297b60,1743,124,215,native_small_mmvq_kernel_iq4_nl_small,640,1,1,128,23.830,8.013,0.307
0x993297b60,1743,124,216,bf16_f32_mmvf_kernel,1,1,1,256,6.404,1.416,0.314
0x993297b60,1743,124,217,shexp_native_scalar_sigmoid_kernel,1,1,1,1,5.058,1.124,0.546
0x993297b60,1743,124,218,shexp_scale_rows_kernel,20,1,1,128,4.479,1.600,0.310
0x993297b60,1743,124,219,quantize_q8_1_kernel,10,1,1,256,5.767,1.233,0.297
0x993297b60,1743,124,220,native_resident_gu_22,160,10,1,256,163.889,41.950,0.298
0x993297b60,1743,124,221,swiglu_entries_kernel,25,1,1,256,6.441,3.986,0.329
0x993297b60,1743,124,222,quantize_q8_1_kernel,25,1,1,256,7.514,20.849,0.305
0x993297b60,1743,124,223,native_resident_down_42,320,10,1,256,105.455,36.271,0.296
0x993297b60,1743,124,224,nmoe_combine_kernel,10,1,1,256,8.666,2.226,0.327
0x993297b60,1743,124,225,fused_gr_norm_kernel,1,1,1,256,31.215,5.923,0.312
0x993297b60,1743,124,226,fused_gr_down_kernel,41,1,1,256,30.498,3.760,0.313
0x993297b60,1743,124,227,fused_gr_up_kernel,160,1,1,256,34.688,6.328,0.304
0x993297b60,1743,124,228,native_quantize_q8_1_kernel,10,1,1,256,7.247,13.506,0.309
0x993297b60,1743,124,229,native_iq4_xs_expanded_small,2560,1,1,128,101.118,22.521,0.321
0x993297b60,1743,124,230,gdn_conv_l2_multi_kernel,80,1,1,128,7.549,1.837,0.362
0x993297b60,1743,124,231,gdn_ab_multi_kernel,12,1,1,256,16.299,2.865,0.294
0x993297b60,1743,124,232,native_iq4_xs_expanded_small,1536,1,1,128,63.959,8.645,0.318
0x993297b60,1743,124,233,gdn_step_norm_multi_kernel,48,1,1,512,27.534,4.099,0.335
0x993297b60,1743,124,234,native_quantize_q8_1_kernel,24,1,1,256,6.533,1.717,0.325
0x993297b60,1743,124,235,native_iq4_xs_expanded_large,2560,1,1,128,54.096,4.858,0.311
0x993297b60,1743,124,236,fused_gr_norm_kernel,1,1,1,256,31.452,5.666,0.344
0x993297b60,1743,124,237,fused_gr_down_kernel,41,1,1,256,30.178,2.495,0.328
0x993297b60,1743,124,238,fused_gr_up_kernel,160,1,1,256,34.976,6.141,0.318
0x993297b60,1743,124,239,bf16_f32_mmvf_kernel,512,1,1,256,14.255,2.270,0.308
0x993297b60,1743,124,240,route,1,1,1,256,22.801,7.430,347.346
0x993297b60,1743,124,241,to_bf16_kernel,10,1,1,256,3.993,1.038,4.749
0x993297b60,1743,124,242,native_quantize_q8_1_kernel,10,1,1,256,5.939,1.391,2.030
0x993297b60,1743,124,243,native_iq4_xs_expanded_small,160,1,1,128,21.409,2.832,13.325
0x993297b60,1743,124,244,native_iq4_xs_expanded_small,160,1,1,128,13.904,2.577,5.803
0x993297b60,1743,124,245,shexp_native_swiglu_kernel,5,1,1,128,5.292,1.093,0.586
0x993297b60,1743,124,246,native_quantize_q8_1_kernel,3,1,1,256,4.845,2.018,2.425
0x993297b60,1743,124,247,native_q2_0_mmvq_kernel_small,640,1,1,128,26.577,4.408,3.362
0x993297b60,1743,124,248,bf16_f32_mmvf_kernel,1,1,1,256,6.831,1.148,0.421
0x993297b60,1743,124,249,shexp_native_scalar_sigmoid_kernel,1,1,1,1,4.939,0.949,3.998
0x993297b60,1743,124,250,shexp_scale_rows_kernel,20,1,1,128,4.121,0.914,5.828
0x993297b60,1743,124,251,quantize_q8_1_kernel,10,1,1,256,5.750,1.273,1.237
0x993297b60,1743,124,252,native_resident_gu_22,160,10,1,256,162.744,40.054,20.801
0x993297b60,1743,124,253,swiglu_entries_kernel,25,1,1,256,5.556,2.434,0.418
0x993297b60,1743,124,254,quantize_q8_1_kernel,25,1,1,256,5.801,2.352,0.320
0x993297b60,1743,124,255,native_resident_down_42,320,10,1,256,104.857,30.175,0.757
0x993297b60,1743,124,256,nmoe_combine_kernel,10,1,1,256,8.427,2.283,0.329
0x993297b60,1743,124,257,fused_gr_norm_kernel,1,1,1,256,31.326,6.548,0.313
0x993297b60,1743,124,258,fused_gr_down_kernel,41,1,1,256,29.593,2.615,0.321
0x993297b60,1743,124,259,fused_gr_up_kernel,160,1,1,256,34.421,6.061,0.303
0x993297b60,1743,124,260,native_quantize_q8_1_kernel,10,1,1,256,5.725,1.581,0.302
0x993297b60,1743,124,261,bf16_f32_mmvf_kernel,128,1,1,256,8.002,1.325,1.017
0x993297b60,1743,124,262,native_q6_k_mmvq_kernel_large,512,1,1,128,12.848,2.691,0.321
0x993297b60,1743,124,263,native_q6_k_mmvq_kernel_large,512,1,1,128,12.568,2.793,0.305
0x993297b60,1743,124,264,nqs_norm_kernel,2,1,1,256,6.182,1.067,0.322
0x993297b60,1743,124,265,native_rope_apply_kernel,1,2,1,128,11.047,1.842,0.317
0x993297b60,1743,124,266,copy_from_mapped_kernel,1,1,1,256,4.802,1.233,0.331
0x993297b60,1743,124,267,kv_append_kernel,2,1,1,256,13.180,2.103,0.354
0x993297b60,1743,124,268,nqsi_append_kernel,1,1,1,256,9.738,3.093,0.308
0x993297b60,1743,124,269,native_iq4_xs_expanded_small,3072,1,1,128,115.444,14.797,0.625
0x993297b60,1743,124,270,runtime_copy2d16,1,24,1,128,4.599,1.522,0.388
0x993297b60,1743,124,271,nqs_norm_kernel,24,1,1,256,5.993,1.375,0.302
0x993297b60,1743,124,272,native_rope_apply_kernel,1,24,1,128,10.086,1.965,0.511
0x993297b60,1743,124,273,bf16_f32_mmvf_kernel,512,1,1,256,13.792,1.808,0.318
0x993297b60,1743,124,274,nqs_norm_kernel,4,1,1,256,5.504,1.552,0.512
0x993297b60,1743,124,275,native_rope_apply_kernel,1,4,1,128,7.519,1.743,0.305
0x993297b60,1743,124,276,block_scores_multi_kernel,256,1,1,256,18.841,46.070,0.306
0x993297b60,1743,124,277,block_topk_kernel,1,1,1,256,92.695,22.539,0.348
0x993297b60,1743,124,278,attn_chunk_kernel_m0,33,2,1,256,118.961,25.613,0.319
0x993297b60,1743,124,279,attn_merge_kernel,24,1,1,256,36.694,7.300,0.311
0x993297b60,1743,124,280,nqs_gate_kernel,24,1,1,256,8.248,2.031,0.319
0x993297b60,1743,124,281,native_quantize_q8_1_kernel,24,1,1,256,5.714,1.493,0.318
0x993297b60,1743,124,282,native_iq4_xs_expanded_large,2560,1,1,128,55.338,5.240,0.320
0x993297b60,1743,124,283,fused_gr_norm_kernel,1,1,1,256,31.658,5.947,0.328
0x993297b60,1743,124,284,fused_gr_down_kernel,41,1,1,256,29.197,2.924,0.302
0x993297b60,1743,124,285,fused_gr_up_kernel,160,1,1,256,35.049,6.611,0.323
0x993297b60,1743,124,286,bf16_f32_mmvf_kernel,512,1,1,256,13.486,1.749,0.316
0x993297b60,1743,124,287,route,1,1,1,256,22.055,4.049,0.309
0x993297b60,1743,124,288,to_bf16_kernel,10,1,1,256,4.145,1.332,0.326
0x993297b60,1743,124,289,native_quantize_q8_1_kernel,10,1,1,256,5.669,1.393,0.322
0x993297b60,1743,124,290,native_q6_k_mmvq_kernel_large,640,1,1,128,14.943,3.255,2.581
0x993297b60,1743,124,291,native_iq4_xs_expanded_small,160,1,1,128,21.241,2.954,0.311
0x993297b60,1743,124,292,shexp_native_swiglu_kernel,5,1,1,128,5.545,1.229,0.361
0x993297b60,1743,124,293,native_quantize_q8_1_kernel,3,1,1,256,4.688,1.056,0.372
0x993297b60,1743,124,294,native_q2_0_mmvq_kernel_small,640,1,1,128,26.674,4.460,0.362
0x993297b60,1743,124,295,bf16_f32_mmvf_kernel,1,1,1,256,6.536,1.147,0.316
0x993297b60,1743,124,296,shexp_native_scalar_sigmoid_kernel,1,1,1,1,4.856,0.892,0.324
0x993297b60,1743,124,297,shexp_scale_rows_kernel,20,1,1,128,4.188,1.051,0.314
0x993297b60,1743,124,298,quantize_q8_1_kernel,10,1,1,256,5.797,1.310,0.334
0x993297b60,1743,124,299,native_resident_gu_22,160,10,1,256,168.393,84.927,1.227
0x993297b60,1743,124,300,swiglu_entries_kernel,25,1,1,256,6.914,9.125,0.313
0x993297b60,1743,124,301,quantize_q8_1_kernel,25,1,1,256,5.848,2.401,0.318
0x993297b60,1743,124,302,native_resident_down_42,320,10,1,256,103.991,25.982,0.315
0x993297b60,1743,124,303,nmoe_combine_kernel,10,1,1,256,8.497,1.858,0.313
0x993297b60,1743,124,304,fused_gr_norm_kernel,1,1,1,256,29.952,6.031,0.324
0x993297b60,1743,124,305,fused_gr_down_kernel,41,1,1,256,29.606,3.091,0.316
0x993297b60,1743,124,306,fused_gr_up_kernel,160,1,1,256,34.439,6.660,0.335
0x993297b60,1743,124,307,native_quantize_q8_1_kernel,10,1,1,256,6.100,1.552,0.298
0x993297b60,1743,124,308,native_iq4_xs_expanded_small,2560,1,1,128,101.959,23.579,0.299
0x993297b60,1743,124,309,gdn_conv_l2_multi_kernel,80,1,1,128,7.721,1.962,0.368
0x993297b60,1743,124,310,gdn_ab_multi_kernel,12,1,1,256,17.966,21.610,0.318
0x993297b60,1743,124,311,native_iq4_xs_expanded_small,1536,1,1,128,64.800,10.290,0.313
0x993297b60,1743,124,312,gdn_step_norm_multi_kernel,48,1,1,512,28.115,4.804,0.343
0x993297b60,1743,124,313,native_quantize_q8_1_kernel,24,1,1,256,6.539,1.641,0.327
0x993297b60,1743,124,314,mmvq_multi_kernel_21_1,640,1,1,128,117.471,30.206,0.325
0x993297b60,1743,124,315,fused_gr_norm_kernel,1,1,1,256,32.085,6.804,0.319
0x993297b60,1743,124,316,fused_gr_down_kernel,41,1,1,256,31.284,3.475,0.312
0x993297b60,1743,124,317,fused_gr_up_kernel,160,1,1,256,36.827,16.089,0.317
0x993297b60,1743,124,318,bf16_f32_mmvf_kernel,512,1,1,256,14.282,1.961,0.310
0x993297b60,1743,124,319,route,1,1,1,256,22.453,4.604,0.302
0x993297b60,1743,124,320,to_bf16_kernel,10,1,1,256,5.738,11.905,340.056
0x993297b60,1743,124,321,native_quantize_q8_1_kernel,10,1,1,256,5.545,1.248,7.416
0x993297b60,1743,124,322,native_iq4_xs_expanded_small,160,1,1,128,21.349,3.069,13.919
0x993297b60,1743,124,323,native_iq4_xs_expanded_small,160,1,1,128,15.671,17.799,38.457
0x993297b60,1743,124,324,shexp_native_swiglu_kernel,5,1,1,128,5.398,1.354,2.838
0x993297b60,1743,124,325,native_quantize_q8_1_kernel,3,1,1,256,4.874,1.402,0.613
0x993297b60,1743,124,326,native_small_mmvq_kernel_iq4_nl_small,640,1,1,128,23.878,4.182,1.800
0x993297b60,1743,124,327,bf16_f32_mmvf_kernel,1,1,1,256,7.421,1.601,0.359
0x993297b60,1743,124,328,shexp_native_scalar_sigmoid_kernel,1,1,1,1,4.988,1.085,0.820
0x993297b60,1743,124,329,shexp_scale_rows_kernel,20,1,1,128,4.287,1.561,1.902
0x993297b60,1743,124,330,quantize_q8_1_kernel,10,1,1,256,5.760,1.233,4.326
0x993297b60,1743,124,331,native_resident_gu_29,160,10,1,256,149.683,39.954,3.089
0x993297b60,1743,124,332,swiglu_entries_kernel,25,1,1,256,5.694,1.531,0.309
0x993297b60,1743,124,333,quantize_q8_1_kernel,25,1,1,256,5.173,1.882,0.330
0x993297b60,1743,124,334,native_resident_down_42,320,10,1,256,104.384,27.977,0.340
0x993297b60,1743,124,335,nmoe_combine_kernel,10,1,1,256,8.455,2.228,0.314
0x993297b60,1743,124,336,fused_gr_norm_kernel,1,1,1,256,31.493,6.440,0.327
0x993297b60,1743,124,337,fused_gr_down_kernel,41,1,1,256,30.184,12.663,0.323
0x993297b60,1743,124,338,fused_gr_up_kernel,160,1,1,256,34.646,6.877,0.326
0x993297b60,1743,124,339,native_quantize_q8_1_kernel,10,1,1,256,5.713,1.403,0.305
0x993297b60,1743,124,340,native_iq4_xs_expanded_small,2560,1,1,128,104.823,46.727,0.955
0x993297b60,1743,124,341,gdn_conv_l2_multi_kernel,80,1,1,128,7.270,2.271,0.416
0x993297b60,1743,124,342,gdn_ab_multi_kernel,12,1,1,256,16.469,3.867,0.323
0x993297b60,1743,124,343,native_iq4_xs_expanded_small,1536,1,1,128,64.556,10.631,0.314
0x993297b60,1743,124,344,gdn_step_norm_multi_kernel,48,1,1,512,28.014,4.820,0.321
0x993297b60,1743,124,345,native_quantize_q8_1_kernel,24,1,1,256,7.915,19.416,0.324
0x993297b60,1743,124,346,native_iq4_xs_expanded_large,2560,1,1,128,58.198,26.004,0.313
0x993297b60,1743,124,347,fused_gr_norm_kernel,1,1,1,256,31.851,6.926,0.328
0x993297b60,1743,124,348,fused_gr_down_kernel,41,1,1,256,29.596,3.735,0.308
0x993297b60,1743,124,349,fused_gr_up_kernel,160,1,1,256,35.353,7.200,0.307
0x993297b60,1743,124,350,bf16_f32_mmvf_kernel,512,1,1,256,13.711,1.754,0.320
0x993297b60,1743,124,351,route,1,1,1,256,22.232,4.472,0.312
0x993297b60,1743,124,352,to_bf16_kernel,10,1,1,256,4.074,1.393,0.315
0x993297b60,1743,124,353,native_quantize_q8_1_kernel,10,1,1,256,5.952,1.354,0.321
0x993297b60,1743,124,354,mmvq_multi_kernel_21_1,160,1,1,128,46.601,11.958,0.315
0x993297b60,1743,124,355,mmvq_multi_kernel_21_1,160,1,1,128,46.648,11.872,0.311
0x993297b60,1743,124,356,shexp_native_swiglu_kernel,5,1,1,128,5.630,1.577,0.303
0x993297b60,1743,124,357,native_quantize_q8_1_kernel,3,1,1,256,4.804,1.227,0.310
0x993297b60,1743,124,358,native_small_mmvq_kernel_q8_0_small,640,1,1,128,16.292,2.818,0.321
0x993297b60,1743,124,359,bf16_f32_mmvf_kernel,1,1,1,256,6.712,1.615,0.314
0x993297b60,1743,124,360,shexp_native_scalar_sigmoid_kernel,1,1,1,1,4.910,0.963,0.320
0x993297b60,1743,124,361,shexp_scale_rows_kernel,20,1,1,128,4.426,1.568,0.319
0x993297b60,1743,124,362,quantize_q8_1_kernel,10,1,1,256,5.805,1.200,0.330
0x993297b60,1743,124,363,native_resident_gu_16,160,10,1,256,155.147,41.170,0.309
0x993297b60,1743,124,364,swiglu_entries_kernel,25,1,1,256,6.071,2.481,0.319
0x993297b60,1743,124,365,quantize_q8_1_kernel,25,1,1,256,5.406,1.339,0.310
0x993297b60,1743,124,366,native_resident_down_42,320,10,1,256,107.839,37.742,0.314
0x993297b60,1743,124,367,nmoe_combine_kernel,10,1,1,256,8.813,2.155,0.306
0x993297b60,1743,124,368,fused_gr_norm_kernel,1,1,1,256,33.030,24.827,0.311
0x993297b60,1743,124,369,fused_gr_down_kernel,41,1,1,256,30.259,5.076,0.316
0x993297b60,1743,124,370,fused_gr_up_kernel,160,1,1,256,35.643,9.008,2.687
0x993297b60,1743,124,371,native_quantize_q8_1_kernel,10,1,1,256,6.208,1.639,0.304
0x993297b60,1743,124,372,native_iq4_xs_expanded_small,2560,1,1,128,102.117,23.829,0.306
0x993297b60,1743,124,373,gdn_conv_l2_multi_kernel,80,1,1,128,8.001,3.661,0.391
0x993297b60,1743,124,374,gdn_ab_multi_kernel,12,1,1,256,16.060,3.283,0.315
0x993297b60,1743,124,375,native_iq4_xs_expanded_small,1536,1,1,128,63.272,10.332,0.311
0x993297b60,1743,124,376,gdn_step_norm_multi_kernel,48,1,1,512,28.094,4.712,0.334
0x993297b60,1743,124,377,native_quantize_q8_1_kernel,24,1,1,256,6.475,1.727,0.325
0x993297b60,1743,124,378,native_iq4_xs_expanded_large,2560,1,1,128,55.141,7.287,0.326
0x993297b60,1743,124,379,fused_gr_norm_kernel,1,1,1,256,31.892,7.044,0.322
0x993297b60,1743,124,380,fused_gr_down_kernel,41,1,1,256,30.543,3.557,0.309
0x993297b60,1743,124,381,fused_gr_up_kernel,160,1,1,256,35.766,9.640,0.324
0x993297b60,1743,124,382,bf16_f32_mmvf_kernel,512,1,1,256,14.116,2.255,0.308
0x993297b60,1743,124,383,route,1,1,1,256,21.975,4.553,0.309
0x993297b60,1743,124,384,to_bf16_kernel,10,1,1,256,4.358,1.647,0.319
0x993297b60,1743,124,385,native_quantize_q8_1_kernel,10,1,1,256,5.793,1.373,0.316
0x993297b60,1743,124,386,native_iq4_xs_expanded_small,160,1,1,128,21.416,3.020,0.322
0x993297b60,1743,124,387,mmvq_multi_kernel_21_1,160,1,1,128,48.186,13.338,0.315
0x993297b60,1743,124,388,shexp_native_swiglu_kernel,5,1,1,128,5.656,1.535,0.318
0x993297b60,1743,124,389,native_quantize_q8_1_kernel,3,1,1,256,5.094,1.800,0.325
0x993297b60,1743,124,390,native_small_mmvq_kernel_iq4_nl_small,640,1,1,128,24.272,4.749,2.129
0x993297b60,1743,124,391,bf16_f32_mmvf_kernel,1,1,1,256,6.841,1.578,0.306
0x993297b60,1743,124,392,shexp_native_scalar_sigmoid_kernel,1,1,1,1,4.959,1.062,0.329
0x993297b60,1743,124,393,shexp_scale_rows_kernel,20,1,1,128,4.669,1.575,0.323
0x993297b60,1743,124,394,quantize_q8_1_kernel,10,1,1,256,5.919,1.334,0.330
0x993297b60,1743,124,395,native_resident_gu_16,160,10,1,256,157.649,44.571,0.515
0x993297b60,1743,124,396,swiglu_entries_kernel,25,1,1,256,6.575,2.589,0.306
0x993297b60,1743,124,397,quantize_q8_1_kernel,25,1,1,256,5.499,1.440,0.317
0x993297b60,1743,124,398,native_resident_down_42,320,10,1,256,115.749,68.911,0.323
0x993297b60,1743,124,399,nmoe_combine_kernel,10,1,1,256,8.849,5.142,0.319
0x993297b60,1743,124,400,fused_gr_norm_kernel,1,1,1,256,37.411,45.348,337.553
0x993297b60,1743,124,401,fused_gr_down_kernel,41,1,1,256,30.953,5.042,15.066
0x993297b60,1743,124,402,fused_gr_up_kernel,160,1,1,256,35.429,7.158,5.094
0x993297b60,1743,124,403,native_quantize_q8_1_kernel,10,1,1,256,5.650,1.211,0.313
0x993297b60,1743,124,404,bf16_f32_mmvf_kernel,128,1,1,256,8.254,1.552,2.864
0x993297b60,1743,124,405,native_iq4_xs_expanded_small,128,1,1,128,19.726,3.019,1.102
0x993297b60,1743,124,406,native_iq4_xs_expanded_small,128,1,1,128,13.870,3.061,2.057
0x993297b60,1743,124,407,nqs_norm_kernel,2,1,1,256,6.529,1.419,1.053
0x993297b60,1743,124,408,native_rope_apply_kernel,1,2,1,128,11.442,2.341,0.724
0x993297b60,1743,124,409,copy_from_mapped_kernel,1,1,1,256,5.255,2.250,1.921
0x993297b60,1743,124,410,kv_append_kernel,2,1,1,256,14.302,7.229,5.551
0x993297b60,1743,124,411,nqsi_append_kernel,1,1,1,256,10.040,3.127,1.251
0x993297b60,1743,124,412,native_iq4_xs_expanded_small,3072,1,1,128,112.891,21.071,7.897
0x993297b60,1743,124,413,runtime_copy2d16,1,24,1,128,4.481,1.132,0.412
0x993297b60,1743,124,414,nqs_norm_kernel,24,1,1,256,6.097,1.467,1.825
0x993297b60,1743,124,415,native_rope_apply_kernel,1,24,1,128,10.678,2.549,0.500
0x993297b60,1743,124,416,bf16_f32_mmvf_kernel,512,1,1,256,13.706,1.831,1.094
0x993297b60,1743,124,417,nqs_norm_kernel,4,1,1,256,5.333,1.205,2.715
0x993297b60,1743,124,418,native_rope_apply_kernel,1,4,1,128,7.853,1.983,0.464
0x993297b60,1743,124,419,block_scores_multi_kernel,256,1,1,256,15.128,3.409,0.499
0x993297b60,1743,124,420,block_topk_kernel,1,1,1,256,94.958,25.301,0.655
0x993297b60,1743,124,421,attn_chunk_kernel_m0,33,2,1,256,122.674,30.533,0.331
0x993297b60,1743,124,422,attn_merge_kernel,24,1,1,256,37.815,9.507,0.331
0x993297b60,1743,124,423,nqs_gate_kernel,24,1,1,256,10.057,23.882,0.314
0x993297b60,1743,124,424,native_quantize_q8_1_kernel,24,1,1,256,6.152,1.957,0.321
0x993297b60,1743,124,425,native_iq4_xs_expanded_large,2560,1,1,128,58.012,12.339,0.322
0x993297b60,1743,124,426,fused_gr_norm_kernel,1,1,1,256,32.337,7.130,0.371
0x993297b60,1743,124,427,fused_gr_down_kernel,41,1,1,256,30.584,4.182,0.313
0x993297b60,1743,124,428,fused_gr_up_kernel,160,1,1,256,36.840,14.451,0.710
0x993297b60,1743,124,429,bf16_f32_mmvf_kernel,512,1,1,256,14.446,3.220,0.336
0x993297b60,1743,124,430,route,1,1,1,256,22.333,5.199,0.332
0x993297b60,1743,124,431,to_bf16_kernel,10,1,1,256,4.154,1.415,0.403
0x993297b60,1743,124,432,native_quantize_q8_1_kernel,10,1,1,256,8.892,32.573,0.572
0x993297b60,1743,124,433,native_iq4_xs_expanded_small,160,1,1,128,21.108,3.466,0.597
0x993297b60,1743,124,434,native_q6_k_mmvq_kernel_large,640,1,1,128,15.764,5.759,0.548
0x993297b60,1743,124,435,shexp_native_swiglu_kernel,5,1,1,128,6.022,1.853,0.525
0x993297b60,1743,124,436,native_quantize_q8_1_kernel,3,1,1,256,4.851,1.212,0.439
0x993297b60,1743,124,437,native_q2_0_mmvq_kernel_small,640,1,1,128,27.228,5.170,0.512
0x993297b60,1743,124,438,bf16_f32_mmvf_kernel,1,1,1,256,6.911,1.590,0.319
0x993297b60,1743,124,439,shexp_native_scalar_sigmoid_kernel,1,1,1,1,5.171,1.239,0.533
0x993297b60,1743,124,440,shexp_scale_rows_kernel,20,1,1,128,4.576,1.494,0.629
0x993297b60,1743,124,441,quantize_q8_1_kernel,10,1,1,256,6.066,1.479,0.513
0x993297b60,1743,124,442,native_resident_gu_16,160,10,1,256,157.444,43.332,0.597
0x993297b60,1743,124,443,swiglu_entries_kernel,25,1,1,256,6.216,1.776,0.322
0x993297b60,1743,124,444,quantize_q8_1_kernel,25,1,1,256,5.765,1.605,0.311
0x993297b60,1743,124,445,native_resident_down_42,320,10,1,256,106.875,30.274,0.330
0x993297b60,1743,124,446,nmoe_combine_kernel,10,1,1,256,9.089,2.764,0.329
0x993297b60,1743,124,447,fused_gr_norm_kernel,1,1,1,256,31.524,7.109,0.405
0x993297b60,1743,124,448,fused_gr_down_kernel,41,1,1,256,30.007,4.001,0.310
0x993297b60,1743,124,449,fused_gr_up_kernel,160,1,1,256,39.558,40.108,0.315
0x993297b60,1743,124,450,native_quantize_q8_1_kernel,10,1,1,256,6.117,1.652,0.327
0x993297b60,1743,124,451,native_iq4_xs_expanded_small,2560,1,1,128,101.426,16.789,0.346
0x993297b60,1743,124,452,gdn_conv_l2_multi_kernel,80,1,1,128,7.452,2.179,0.367
0x993297b60,1743,124,453,gdn_ab_multi_kernel,12,1,1,256,16.861,3.653,0.325
0x993297b60,1743,124,454,native_iq4_xs_expanded_small,1536,1,1,128,64.853,10.664,0.423
0x993297b60,1743,124,455,gdn_step_norm_multi_kernel,48,1,1,512,28.683,5.361,0.363
0x993297b60,1743,124,456,native_quantize_q8_1_kernel,24,1,1,256,6.641,2.039,0.318
0x993297b60,1743,124,457,native_iq4_xs_expanded_large,2560,1,1,128,56.080,6.654,0.325
0x993297b60,1743,124,458,fused_gr_norm_kernel,1,1,1,256,36.442,46.083,0.366
0x993297b60,1743,124,459,fused_gr_down_kernel,41,1,1,256,30.845,5.897,0.459
0x993297b60,1743,124,460,fused_gr_up_kernel,160,1,1,256,38.443,31.820,0.547
0x993297b60,1743,124,461,bf16_f32_mmvf_kernel,512,1,1,256,14.063,1.685,0.324
0x993297b60,1743,124,462,route,1,1,1,256,22.102,4.276,0.393
0x993297b60,1743,124,463,to_bf16_kernel,10,1,1,256,4.368,1.343,0.395
0x993297b60,1743,124,464,native_quantize_q8_1_kernel,10,1,1,256,6.042,1.443,0.550
0x993297b60,1743,124,465,native_q6_k_mmvq_kernel_large,640,1,1,128,15.007,3.555,0.590
0x993297b60,1743,124,466,mmvq_multi_kernel_21_1,160,1,1,128,48.077,11.936,0.679
0x993297b60,1743,124,467,shexp_native_swiglu_kernel,5,1,1,128,5.941,1.720,0.421
0x993297b60,1743,124,468,native_quantize_q8_1_kernel,3,1,1,256,4.852,1.132,0.571
0x993297b60,1743,124,469,native_small_mmvq_kernel_iq4_nl_small,640,1,1,128,24.032,4.406,0.639
0x993297b60,1743,124,470,bf16_f32_mmvf_kernel,1,1,1,256,6.959,2.059,0.313
0x993297b60,1743,124,471,shexp_native_scalar_sigmoid_kernel,1,1,1,1,5.369,1.381,1.154
0x993297b60,1743,124,472,shexp_scale_rows_kernel,20,1,1,128,4.593,1.639,0.673
0x993297b60,1743,124,473,quantize_q8_1_kernel,10,1,1,256,6.125,1.429,0.322
0x993297b60,1743,124,474,native_resident_gu_22,160,10,1,256,167.280,47.985,0.325
0x993297b60,1743,124,475,swiglu_entries_kernel,25,1,1,256,6.712,2.233,0.322
0x993297b60,1743,124,476,quantize_q8_1_kernel,25,1,1,256,5.751,1.407,0.300
0x993297b60,1743,124,477,native_resident_down_42,320,10,1,256,107.938,39.641,0.327
0x993297b60,1743,124,478,nmoe_combine_kernel,10,1,1,256,9.863,7.542,0.323
0x993297b60,1743,124,479,fused_gr_norm_kernel,1,1,1,256,30.801,6.512,0.311
0x993297b60,1743,124,480,fused_gr_down_kernel,41,1,1,256,34.130,23.152,340.604
0x993297b60,1743,124,481,fused_gr_up_kernel,160,1,1,256,35.728,7.481,16.302
0x993297b60,1743,124,482,native_quantize_q8_1_kernel,10,1,1,256,5.745,1.557,4.559
0x993297b60,1743,124,483,native_iq4_xs_expanded_small,2560,1,1,128,101.027,14.779,1.069
0x993297b60,1743,124,484,gdn_conv_l2_multi_kernel,80,1,1,128,7.146,1.428,1.727
0x993297b60,1743,124,485,gdn_ab_multi_kernel,12,1,1,256,16.798,3.222,0.326
0x993297b60,1743,124,486,native_iq4_xs_expanded_small,1536,1,1,128,65.881,30.075,0.324
0x993297b60,1743,124,487,gdn_step_norm_multi_kernel,48,1,1,512,27.988,4.425,4.680
0x993297b60,1743,124,488,native_quantize_q8_1_kernel,24,1,1,256,6.353,3.630,0.344
0x993297b60,1743,124,489,native_iq4_xs_expanded_large,2560,1,1,128,54.742,5.923,0.331
0x993297b60,1743,124,490,fused_gr_norm_kernel,1,1,1,256,31.877,6.231,0.345
0x993297b60,1743,124,491,fused_gr_down_kernel,41,1,1,256,29.097,3.156,1.049
0x993297b60,1743,124,492,fused_gr_up_kernel,160,1,1,256,35.217,6.831,2.931
0x993297b60,1743,124,493,bf16_f32_mmvf_kernel,512,1,1,256,13.631,1.708,0.330
0x993297b60,1743,124,494,route,1,1,1,256,22.089,4.109,0.356
0x993297b60,1743,124,495,to_bf16_kernel,10,1,1,256,3.898,1.129,0.390
0x993297b60,1743,124,496,native_quantize_q8_1_kernel,10,1,1,256,5.680,1.250,0.570
0x993297b60,1743,124,497,mmvq_multi_kernel_21_1,160,1,1,128,45.337,11.280,2.666
0x993297b60,1743,124,498,mmvq_multi_kernel_21_1,160,1,1,128,44.611,11.282,0.462
0x993297b60,1743,124,499,shexp_native_swiglu_kernel,5,1,1,128,5.654,1.465,0.316
0x993297b60,1743,124,500,native_quantize_q8_1_kernel,3,1,1,256,4.747,1.048,0.312
0x993297b60,1743,124,501,native_small_mmvq_kernel_q8_0_small,640,1,1,128,16.078,2.847,1.049
0x993297b60,1743,124,502,bf16_f32_mmvf_kernel,1,1,1,256,6.677,1.552,0.455
0x993297b60,1743,124,503,shexp_native_scalar_sigmoid_kernel,1,1,1,1,4.857,0.876,0.616
0x993297b60,1743,124,504,shexp_scale_rows_kernel,20,1,1,128,4.494,1.340,0.634
0x993297b60,1743,124,505,quantize_q8_1_kernel,10,1,1,256,5.725,1.121,0.305
0x993297b60,1743,124,506,native_resident_gu_29,160,10,1,256,150.486,46.554,0.556
0x993297b60,1743,124,507,swiglu_entries_kernel,25,1,1,256,6.203,4.464,0.328
0x993297b60,1743,124,508,quantize_q8_1_kernel,25,1,1,256,5.382,1.437,0.308
0x993297b60,1743,124,509,native_resident_down_42,320,10,1,256,103.805,26.540,0.448
0x993297b60,1743,124,510,nmoe_combine_kernel,10,1,1,256,8.361,1.979,0.319
0x993297b60,1743,124,511,fused_gr_norm_kernel,1,1,1,256,30.647,6.155,0.329
0x993297b60,1743,124,512,fused_gr_down_kernel,41,1,1,256,29.692,3.618,0.301
0x993297b60,1743,124,513,fused_gr_up_kernel,160,1,1,256,34.947,7.458,0.396
0x993297b60,1743,124,514,native_quantize_q8_1_kernel,10,1,1,256,8.514,26.536,0.320
0x993297b60,1743,124,515,native_iq4_xs_expanded_small,2560,1,1,128,100.511,20.007,0.582
0x993297b60,1743,124,516,gdn_conv_l2_multi_kernel,80,1,1,128,7.640,1.834,0.345
0x993297b60,1743,124,517,gdn_ab_multi_kernel,12,1,1,256,16.440,3.131,0.325
0x993297b60,1743,124,518,mmvq_multi_kernel_21_1,1536,1,1,128,120.616,31.003,0.498
0x993297b60,1743,124,519,gdn_step_norm_multi_kernel,48,1,1,512,30.208,25.567,0.332
0x993297b60,1743,124,520,native_quantize_q8_1_kernel,24,1,1,256,6.527,4.010,0.311
0x993297b60,1743,124,521,native_iq4_xs_expanded_large,2560,1,1,128,54.815,8.705,0.314
0x993297b60,1743,124,522,fused_gr_norm_kernel,1,1,1,256,31.747,6.356,0.353
0x993297b60,1743,124,523,fused_gr_down_kernel,41,1,1,256,29.288,3.117,0.307
0x993297b60,1743,124,524,fused_gr_up_kernel,160,1,1,256,35.511,6.383,0.299
0x993297b60,1743,124,525,bf16_f32_mmvf_kernel,512,1,1,256,13.762,1.875,0.315
0x993297b60,1743,124,526,route,1,1,1,256,22.106,4.263,0.306
0x993297b60,1743,124,527,to_bf16_kernel,10,1,1,256,4.683,2.685,0.327
0x993297b60,1743,124,528,native_quantize_q8_1_kernel,10,1,1,256,6.018,1.424,0.313
0x993297b60,1743,124,529,native_iq4_xs_expanded_small,160,1,1,128,20.546,2.886,0.308
0x993297b60,1743,124,530,native_iq4_xs_expanded_small,160,1,1,128,14.571,3.414,0.325
0x993297b60,1743,124,531,shexp_native_swiglu_kernel,5,1,1,128,5.527,1.438,0.318
0x993297b60,1743,124,532,native_quantize_q8_1_kernel,3,1,1,256,5.188,1.458,0.312
0x993297b60,1743,124,533,native_small_mmvq_kernel_q8_0_small,640,1,1,128,16.222,2.597,0.316
0x993297b60,1743,124,534,bf16_f32_mmvf_kernel,1,1,1,256,7.008,1.627,0.320
0x993297b60,1743,124,535,shexp_native_scalar_sigmoid_kernel,1,1,1,1,4.935,0.984,0.321
0x993297b60,1743,124,536,shexp_scale_rows_kernel,20,1,1,128,4.723,1.888,0.510
0x993297b60,1743,124,537,quantize_q8_1_kernel,10,1,1,256,5.890,1.256,0.300
0x993297b60,1743,124,538,native_resident_gu_16,160,10,1,256,153.630,40.360,0.327
0x993297b60,1743,124,539,swiglu_entries_kernel,25,1,1,256,5.841,1.624,0.322
0x993297b60,1743,124,540,quantize_q8_1_kernel,25,1,1,256,5.225,1.315,0.292
0x993297b60,1743,124,541,native_resident_down_42,320,10,1,256,105.976,31.169,0.323
0x993297b60,1743,124,542,nmoe_combine_kernel,10,1,1,256,8.645,2.132,0.325
0x993297b60,1743,124,543,fused_gr_norm_kernel,1,1,1,256,30.953,6.286,0.328
0x993297b60,1743,124,544,fused_gr_down_kernel,41,1,1,256,29.807,3.631,0.300
0x993297b60,1743,124,545,fused_gr_up_kernel,160,1,1,256,34.764,6.733,0.280
0x993297b60,1743,124,546,native_quantize_q8_1_kernel,10,1,1,256,6.069,1.645,2.987
0x993297b60,1743,124,547,bf16_f32_mmvf_kernel,128,1,1,256,8.147,1.284,0.595
0x993297b60,1743,124,548,mmvq_multi_kernel_21_1,128,1,1,128,40.645,10.403,0.307
0x993297b60,1743,124,549,native_iq4_xs_expanded_small,128,1,1,128,21.389,18.236,0.370
0x993297b60,1743,124,550,nqs_norm_kernel,2,1,1,256,6.951,4.471,0.323
0x993297b60,1743,124,551,native_rope_apply_kernel,1,2,1,128,11.163,2.153,0.330
0x993297b60,1743,124,552,copy_from_mapped_kernel,1,1,1,256,5.803,1.549,0.456
0x993297b60,1743,124,553,kv_append_kernel,2,1,1,256,13.387,2.415,0.310
0x993297b60,1743,124,554,nqsi_append_kernel,1,1,1,256,12.583,23.084,0.331
0x993297b60,1743,124,555,native_iq4_xs_expanded_small,3072,1,1,128,109.920,18.344,0.534
0x993297b60,1743,124,556,runtime_copy2d16,1,24,1,128,5.287,1.922,0.385
0x993297b60,1743,124,557,nqs_norm_kernel,24,1,1,256,6.341,1.655,0.318
0x993297b60,1743,124,558,native_rope_apply_kernel,1,24,1,128,11.453,2.455,0.315
0x993297b60,1743,124,559,bf16_f32_mmvf_kernel,512,1,1,256,14.275,2.513,0.331
0x993297b60,1743,124,560,nqs_norm_kernel,4,1,1,256,6.169,1.536,341.743
0x993297b60,1743,124,561,native_rope_apply_kernel,1,4,1,128,9.723,2.424,13.230
0x993297b60,1743,124,562,block_scores_multi_kernel,256,1,1,256,14.839,2.700,5.244
0x993297b60,1743,124,563,block_topk_kernel,1,1,1,256,86.160,20.872,3.312
0x993297b60,1743,124,564,attn_chunk_kernel_m0,33,2,1,256,122.401,28.362,0.307
0x993297b60,1743,124,565,attn_merge_kernel,24,1,1,256,37.539,10.337,0.315
0x993297b60,1743,124,566,nqs_gate_kernel,24,1,1,256,7.935,1.759,0.311
0x993297b60,1743,124,567,native_quantize_q8_1_kernel,24,1,1,256,6.087,1.434,0.323
0x993297b60,1743,124,568,native_q6_k_mmvq_kernel_large,2560,1,1,128,87.762,20.905,0.790
0x993297b60,1743,124,569,fused_gr_norm_kernel,1,1,1,256,31.727,6.218,0.320
0x993297b60,1743,124,570,fused_gr_down_kernel,41,1,1,256,29.421,2.920,0.333
0x993297b60,1743,124,571,fused_gr_up_kernel,160,1,1,256,34.829,6.387,1.027
0x993297b60,1743,124,572,bf16_f32_mmvf_kernel,512,1,1,256,13.705,1.520,0.324
0x993297b60,1743,124,573,route,1,1,1,256,22.118,4.064,0.385
0x993297b60,1743,124,574,to_bf16_kernel,10,1,1,256,3.834,0.954,0.337
0x993297b60,1743,124,575,native_quantize_q8_1_kernel,10,1,1,256,7.311,14.843,0.346
0x993297b60,1743,124,576,mmvq_multi_kernel_21_1,160,1,1,128,44.661,10.293,0.312
0x993297b60,1743,124,577,native_q6_k_mmvq_kernel_large,640,1,1,128,15.203,3.553,0.803
0x993297b60,1743,124,578,shexp_native_swiglu_kernel,5,1,1,128,5.710,1.709,0.444
0x993297b60,1743,124,579,native_quantize_q8_1_kernel,3,1,1,256,5.089,2.321,0.526
0x993297b60,1743,124,580,native_small_mmvq_kernel_iq4_nl_small,640,1,1,128,23.979,4.026,0.684
0x993297b60,1743,124,581,bf16_f32_mmvf_kernel,1,1,1,256,6.649,1.467,0.442
0x993297b60,1743,124,582,shexp_native_scalar_sigmoid_kernel,1,1,1,1,5.170,1.269,0.511
0x993297b60,1743,124,583,shexp_scale_rows_kernel,20,1,1,128,4.384,1.254,0.526
0x993297b60,1743,124,584,quantize_q8_1_kernel,10,1,1,256,5.945,1.509,0.640
0x993297b60,1743,124,585,native_resident_gu_22,160,10,1,256,163.451,44.956,0.522
0x993297b60,1743,124,586,swiglu_entries_kernel,25,1,1,256,6.218,3.125,0.346
0x993297b60,1743,124,587,quantize_q8_1_kernel,25,1,1,256,5.694,1.875,0.315
0x993297b60,1743,124,588,native_resident_down_42,320,10,1,256,103.098,24.453,0.405
0x993297b60,1743,124,589,nmoe_combine_kernel,10,1,1,256,8.929,2.070,0.339
0x993297b60,1743,124,590,fused_gr_norm_kernel,1,1,1,256,31.273,5.694,0.323
0x993297b60,1743,124,591,fused_gr_down_kernel,41,1,1,256,34.437,42.306,0.327
0x993297b60,1743,124,592,fused_gr_up_kernel,160,1,1,256,35.345,7.391,0.321
0x993297b60,1743,124,593,native_quantize_q8_1_kernel,10,1,1,256,5.872,1.321,0.313
0x993297b60,1743,124,594,native_iq4_xs_expanded_small,2560,1,1,128,99.489,12.836,0.333
0x993297b60,1743,124,595,gdn_conv_l2_multi_kernel,80,1,1,128,7.501,1.901,0.408
0x993297b60,1743,124,596,gdn_ab_multi_kernel,12,1,1,256,16.914,3.235,0.311
0x993297b60,1743,124,597,native_iq4_xs_expanded_small,1536,1,1,128,64.389,8.792,0.475
0x993297b60,1743,124,598,gdn_step_norm_multi_kernel,48,1,1,512,28.251,4.110,0.333
0x993297b60,1743,124,599,native_quantize_q8_1_kernel,24,1,1,256,6.534,1.859,0.333
0x993297b60,1743,124,600,native_iq4_xs_expanded_large,2560,1,1,128,55.900,5.532,0.329
0x993297b60,1743,124,601,fused_gr_norm_kernel,1,1,1,256,31.600,6.132,0.328
0x993297b60,1743,124,602,fused_gr_down_kernel,41,1,1,256,30.179,2.927,0.338
0x993297b60,1743,124,603,fused_gr_up_kernel,160,1,1,256,34.929,6.421,0.324
0x993297b60,1743,124,604,bf16_f32_mmvf_kernel,512,1,1,256,14.042,1.672,0.432
0x993297b60,1743,124,605,route,1,1,1,256,22.211,4.215,0.472
0x993297b60,1743,124,606,to_bf16_kernel,10,1,1,256,4.125,1.172,0.319
0x993297b60,1743,124,607,native_quantize_q8_1_kernel,10,1,1,256,5.999,1.233,0.587
0x993297b60,1743,124,608,native_q6_k_mmvq_kernel_large,640,1,1,128,14.795,3.228,0.440
0x993297b60,1743,124,609,native_q6_k_mmvq_kernel_large,640,1,1,128,14.805,3.408,0.450
0x993297b60,1743,124,610,shexp_native_swiglu_kernel,5,1,1,128,5.602,1.549,0.334
0x993297b60,1743,124,611,native_quantize_q8_1_kernel,3,1,1,256,5.036,1.243,0.450
0x993297b60,1743,124,612,native_small_mmvq_kernel_q8_0_small,640,1,1,128,15.983,2.394,0.652
0x993297b60,1743,124,613,bf16_f32_mmvf_kernel,1,1,1,256,6.891,1.630,0.339
0x993297b60,1743,124,614,shexp_native_scalar_sigmoid_kernel,1,1,1,1,4.982,0.913,0.380
0x993297b60,1743,124,615,shexp_scale_rows_kernel,20,1,1,128,4.563,1.601,0.671
0x993297b60,1743,124,616,quantize_q8_1_kernel,10,1,1,256,5.768,1.139,0.308
0x993297b60,1743,124,617,native_resident_gu_22,160,10,1,256,162.523,39.747,0.572
0x993297b60,1743,124,618,swiglu_entries_kernel,25,1,1,256,6.527,2.795,0.342
0x993297b60,1743,124,619,quantize_q8_1_kernel,25,1,1,256,5.424,1.230,0.310
0x993297b60,1743,124,620,native_resident_down_42,320,10,1,256,104.574,29.734,0.299
0x993297b60,1743,124,621,nmoe_combine_kernel,10,1,1,256,8.503,2.018,0.335
0x993297b60,1743,124,622,fused_gr_norm_kernel,1,1,1,256,30.535,5.463,0.307
0x993297b60,1743,124,623,fused_gr_down_kernel,41,1,1,256,30.754,3.072,0.327
0x993297b60,1743,124,624,fused_gr_up_kernel,160,1,1,256,34.715,6.020,0.307
0x993297b60,1743,124,625,native_quantize_q8_1_kernel,10,1,1,256,5.960,1.507,0.301
0x993297b60,1743,124,626,native_iq4_xs_expanded_small,2560,1,1,128,98.359,12.128,2.925
0x993297b60,1743,124,627,gdn_conv_l2_multi_kernel,80,1,1,128,7.541,1.983,0.369
0x993297b60,1743,124,628,gdn_ab_multi_kernel,12,1,1,256,16.666,2.806,0.304
0x993297b60,1743,124,629,mmvq_multi_kernel_21_1,1536,1,1,128,119.672,27.736,1.403
0x993297b60,1743,124,630,gdn_step_norm_multi_kernel,48,1,1,512,27.609,4.038,1.096
0x993297b60,1743,124,631,native_quantize_q8_1_kernel,24,1,1,256,6.578,1.862,0.323
0x993297b60,1743,124,632,native_iq4_xs_expanded_large,2560,1,1,128,53.861,5.054,0.297
0x993297b60,1743,124,633,fused_gr_norm_kernel,1,1,1,256,31.719,6.155,1.048
0x993297b60,1743,124,634,fused_gr_down_kernel,41,1,1,256,31.792,24.379,0.330
0x993297b60,1743,124,635,fused_gr_up_kernel,160,1,1,256,35.721,7.876,0.317
0x993297b60,1743,124,636,bf16_f32_mmvf_kernel,512,1,1,256,14.127,2.030,0.316
0x993297b60,1743,124,637,route,1,1,1,256,22.236,4.013,3.843
0x993297b60,1743,124,638,to_bf16_kernel,10,1,1,256,4.516,1.651,0.379
0x993297b60,1743,124,639,native_quantize_q8_1_kernel,10,1,1,256,5.507,1.169,0.337
0x993297b60,1743,124,640,native_iq4_xs_expanded_small,160,1,1,128,24.583,26.464,338.322
0x993297b60,1743,124,641,native_iq4_xs_expanded_small,160,1,1,128,14.306,3.014,15.638
0x993297b60,1743,124,642,shexp_native_swiglu_kernel,5,1,1,128,5.302,1.316,2.013
0x993297b60,1743,124,643,native_quantize_q8_1_kernel,3,1,1,256,5.313,1.406,6.347
0x993297b60,1743,124,644,native_small_mmvq_kernel_iq4_nl_small,640,1,1,128,23.973,5.863,7.570
0x993297b60,1743,124,645,bf16_f32_mmvf_kernel,1,1,1,256,6.950,1.382,1.544
0x993297b60,1743,124,646,shexp_native_scalar_sigmoid_kernel,1,1,1,1,4.737,0.798,2.193
0x993297b60,1743,124,647,shexp_scale_rows_kernel,20,1,1,128,4.643,4.979,4.190
0x993297b60,1743,124,648,quantize_q8_1_kernel,10,1,1,256,5.777,1.225,4.174
0x993297b60,1743,124,649,native_resident_gu_22,160,10,1,256,161.219,37.756,25.557
0x993297b60,1743,124,650,swiglu_entries_kernel,25,1,1,256,5.930,1.406,0.350
0x993297b60,1743,124,651,quantize_q8_1_kernel,25,1,1,256,5.435,1.162,1.075
0x993297b60,1743,124,652,native_resident_down_42,320,10,1,256,103.224,25.478,0.305
0x993297b60,1743,124,653,nmoe_combine_kernel,10,1,1,256,8.576,1.802,0.690
0x993297b60,1743,124,654,fused_gr_norm_kernel,1,1,1,256,31.088,5.770,0.309
0x993297b60,1743,124,655,fused_gr_down_kernel,41,1,1,256,29.691,2.849,0.329
0x993297b60,1743,124,656,fused_gr_up_kernel,160,1,1,256,34.595,6.284,0.659
0x993297b60,1743,124,657,native_quantize_q8_1_kernel,10,1,1,256,5.851,1.737,0.313
0x993297b60,1743,124,658,native_iq4_xs_expanded_small,2560,1,1,128,99.079,13.301,0.333
0x993297b60,1743,124,659,gdn_conv_l2_multi_kernel,80,1,1,128,7.224,1.688,0.370
0x993297b60,1743,124,660,gdn_ab_multi_kernel,12,1,1,256,15.985,3.063,0.316
0x993297b60,1743,124,661,native_iq4_xs_expanded_small,1536,1,1,128,67.269,42.586,0.332
0x993297b60,1743,124,662,gdn_step_norm_multi_kernel,48,1,1,512,28.355,6.485,0.336
0x993297b60,1743,124,663,native_quantize_q8_1_kernel,24,1,1,256,6.274,1.650,0.337
0x993297b60,1743,124,664,native_iq4_xs_expanded_large,2560,1,1,128,55.132,6.185,0.297
0x993297b60,1743,124,665,fused_gr_norm_kernel,1,1,1,256,31.727,6.194,0.306
0x993297b60,1743,124,666,fused_gr_down_kernel,41,1,1,256,29.118,2.882,0.336
0x993297b60,1743,124,667,fused_gr_up_kernel,160,1,1,256,34.798,6.187,0.310
0x993297b60,1743,124,668,bf16_f32_mmvf_kernel,512,1,1,256,13.394,1.528,0.308
0x993297b60,1743,124,669,route,1,1,1,256,21.886,3.886,0.336
0x993297b60,1743,124,670,to_bf16_kernel,10,1,1,256,4.043,1.179,0.322
0x993297b60,1743,124,671,native_quantize_q8_1_kernel,10,1,1,256,6.009,1.416,0.332
0x993297b60,1743,124,672,mmvq_multi_kernel_21_1,160,1,1,128,46.034,10.627,0.456
0x993297b60,1743,124,673,mmvq_multi_kernel_21_1,160,1,1,128,46.490,10.948,0.308
0x993297b60,1743,124,674,shexp_native_swiglu_kernel,5,1,1,128,7.688,22.517,0.330
0x993297b60,1743,124,675,native_quantize_q8_1_kernel,3,1,1,256,5.364,3.508,0.310
0x993297b60,1743,124,676,native_small_mmvq_kernel_iq4_nl_small,640,1,1,128,23.537,3.923,0.566
0x993297b60,1743,124,677,bf16_f32_mmvf_kernel,1,1,1,256,6.906,1.588,0.432
0x993297b60,1743,124,678,shexp_native_scalar_sigmoid_kernel,1,1,1,1,4.853,0.849,0.475
0x993297b60,1743,124,679,shexp_scale_rows_kernel,20,1,1,128,4.518,1.702,0.523
0x993297b60,1743,124,680,quantize_q8_1_kernel,10,1,1,256,5.875,1.168,0.623
0x993297b60,1743,124,681,native_resident_gu_16,160,10,1,256,152.654,37.364,0.607
0x993297b60,1743,124,682,swiglu_entries_kernel,25,1,1,256,6.422,2.051,0.338
0x993297b60,1743,124,683,quantize_q8_1_kernel,25,1,1,256,5.625,2.313,0.307
0x993297b60,1743,124,684,native_resident_down_42,320,10,1,256,103.494,25.659,0.304
0x993297b60,1743,124,685,nmoe_combine_kernel,10,1,1,256,8.555,2.440,0.328
0x993297b60,1743,124,686,fused_gr_norm_kernel,1,1,1,256,30.664,5.715,0.311
0x993297b60,1743,124,687,fused_gr_down_kernel,41,1,1,256,29.652,3.980,0.325
0x993297b60,1743,124,688,fused_gr_up_kernel,160,1,1,256,34.789,6.387,0.295
0x993297b60,1743,124,689,native_quantize_q8_1_kernel,10,1,1,256,6.011,1.438,0.300
0x993297b60,1743,124,690,bf16_f32_mmvf_kernel,128,1,1,256,8.381,1.387,0.315
0x993297b60,1743,124,691,native_iq4_xs_expanded_small,128,1,1,128,20.337,2.863,0.513
0x993297b60,1743,124,692,native_iq4_xs_expanded_small,128,1,1,128,14.078,2.941,0.300
0x993297b60,1743,124,693,nqs_norm_kernel,2,1,1,256,6.697,1.734,0.486
0x993297b60,1743,124,694,native_rope_apply_kernel,1,2,1,128,11.061,1.790,0.523
0x993297b60,1743,124,695,copy_from_mapped_kernel,1,1,1,256,5.460,1.660,0.327
0x993297b60,1743,124,696,kv_append_kernel,2,1,1,256,13.202,2.266,0.500
0x993297b60,1743,124,697,nqsi_append_kernel,1,1,1,256,11.822,19.538,0.309
0x993297b60,1743,124,698,native_iq4_xs_expanded_small,3072,1,1,128,111.361,22.799,0.397
0x993297b60,1743,124,699,runtime_copy2d16,1,24,1,128,5.327,3.471,0.403
0x993297b60,1743,124,700,nqs_norm_kernel,24,1,1,256,6.269,1.556,0.289
0x993297b60,1743,124,701,native_rope_apply_kernel,1,24,1,128,11.517,2.525,0.318
0x993297b60,1743,124,702,bf16_f32_mmvf_kernel,512,1,1,256,14.435,2.155,0.650
0x993297b60,1743,124,703,nqs_norm_kernel,4,1,1,256,5.713,1.424,0.328
0x993297b60,1743,124,704,native_rope_apply_kernel,1,4,1,128,7.909,2.031,0.380
0x993297b60,1743,124,705,block_scores_multi_kernel,256,1,1,256,14.999,3.144,0.460
0x993297b60,1743,124,706,block_topk_kernel,1,1,1,256,92.052,24.132,0.450
0x993297b60,1743,124,707,attn_chunk_kernel_m0,33,2,1,256,121.793,28.476,0.326
0x993297b60,1743,124,708,attn_merge_kernel,24,1,1,256,37.564,9.731,0.316
0x993297b60,1743,124,709,nqs_gate_kernel,24,1,1,256,8.557,2.511,0.327
0x993297b60,1743,124,710,native_quantize_q8_1_kernel,24,1,1,256,5.984,1.391,0.323
0x993297b60,1743,124,711,native_iq4_xs_expanded_large,2560,1,1,128,56.315,6.538,0.325
0x993297b60,1743,124,712,fused_gr_norm_kernel,1,1,1,256,32.091,6.901,0.311
0x993297b60,1743,124,713,fused_gr_down_kernel,41,1,1,256,30.092,3.497,0.304
0x993297b60,1743,124,714,fused_gr_up_kernel,160,1,1,256,35.686,7.142,0.322
0x993297b60,1743,124,715,bf16_f32_mmvf_kernel,512,1,1,256,13.920,1.833,0.312
0x993297b60,1743,124,716,route,1,1,1,256,21.932,4.303,0.316
0x993297b60,1743,124,717,to_bf16_kernel,10,1,1,256,5.032,1.896,0.325
0x993297b60,1743,124,718,native_quantize_q8_1_kernel,10,1,1,256,5.620,1.144,0.551
0x993297b60,1743,124,719,native_iq4_xs_expanded_small,160,1,1,128,21.139,3.451,0.583
0x993297b60,1743,124,720,mmvq_multi_kernel_21_1,160,1,1,128,47.502,17.944,330.502
0x993297b60,1743,124,721,shexp_native_swiglu_kernel,5,1,1,128,5.682,1.621,12.095
0x993297b60,1743,124,722,native_quantize_q8_1_kernel,3,1,1,256,5.590,2.361,0.727
0x993297b60,1743,124,723,native_small_mmvq_kernel_iq4_nl_small,640,1,1,128,24.386,4.766,4.697
0x993297b60,1743,124,724,bf16_f32_mmvf_kernel,1,1,1,256,7.511,4.549,5.260
0x993297b60,1743,124,725,shexp_native_scalar_sigmoid_kernel,1,1,1,1,4.925,1.371,0.385
0x993297b60,1743,124,726,shexp_scale_rows_kernel,20,1,1,128,4.453,1.302,1.447
0x993297b60,1743,124,727,quantize_q8_1_kernel,10,1,1,256,5.749,1.199,1.602
0x993297b60,1743,124,728,native_resident_gu_16,160,10,1,256,156.631,42.968,4.972
0x993297b60,1743,124,729,swiglu_entries_kernel,25,1,1,256,6.000,2.175,0.922
0x993297b60,1743,124,730,quantize_q8_1_kernel,25,1,1,256,5.351,1.272,0.620
0x993297b60,1743,124,731,native_resident_down_42,320,10,1,256,111.206,55.912,0.436
0x993297b60,1743,124,732,nmoe_combine_kernel,10,1,1,256,8.724,3.040,0.309
0x993297b60,1743,124,733,fused_gr_norm_kernel,1,1,1,256,31.717,7.440,1.113
0x993297b60,1743,124,734,fused_gr_down_kernel,41,1,1,256,29.746,3.682,0.318
0x993297b60,1743,124,735,fused_gr_up_kernel,160,1,1,256,35.008,7.363,0.346
0x993297b60,1743,124,736,native_quantize_q8_1_kernel,10,1,1,256,6.175,1.640,0.319
0x993297b60,1743,124,737,native_iq4_xs_expanded_small,2560,1,1,128,100.573,15.675,0.321
0x993297b60,1743,124,738,gdn_conv_l2_multi_kernel,80,1,1,128,7.265,1.681,0.359
0x993297b60,1743,124,739,gdn_ab_multi_kernel,12,1,1,256,16.250,3.369,0.334
0x993297b60,1743,124,740,native_iq4_xs_expanded_small,1536,1,1,128,65.094,10.227,0.472
0x993297b60,1743,124,741,gdn_step_norm_multi_kernel,48,1,1,512,27.923,4.767,0.346
0x993297b60,1743,124,742,native_quantize_q8_1_kernel,24,1,1,256,6.535,2.072,0.316
0x993297b60,1743,124,743,native_iq4_xs_expanded_large,2560,1,1,128,57.032,6.846,0.342
0x993297b60,1743,124,744,fused_gr_norm_kernel,1,1,1,256,32.208,6.725,0.328
0x993297b60,1743,124,745,fused_gr_down_kernel,41,1,1,256,29.402,3.530,0.306
0x993297b60,1743,124,746,fused_gr_up_kernel,160,1,1,256,39.056,45.391,0.339
0x993297b60,1743,124,747,bf16_f32_mmvf_kernel,512,1,1,256,14.024,2.462,0.421
0x993297b60,1743,124,748,route,1,1,1,256,21.794,4.100,0.421
0x993297b60,1743,124,749,to_bf16_kernel,10,1,1,256,4.575,1.638,0.385
0x993297b60,1743,124,750,native_quantize_q8_1_kernel,10,1,1,256,5.842,1.215,0.590
0x993297b60,1743,124,751,native_iq4_xs_expanded_small,160,1,1,128,20.770,3.258,0.471
0x993297b60,1743,124,752,native_iq4_xs_expanded_small,160,1,1,128,14.090,3.105,0.349
0x993297b60,1743,124,753,shexp_native_swiglu_kernel,5,1,1,128,5.561,1.345,0.440
0x993297b60,1743,124,754,native_quantize_q8_1_kernel,3,1,1,256,4.834,1.295,0.508
0x993297b60,1743,124,755,native_small_mmvq_kernel_q8_0_small,640,1,1,128,16.798,3.043,0.495
0x993297b60,1743,124,756,bf16_f32_mmvf_kernel,1,1,1,256,6.833,1.537,0.481
0x993297b60,1743,124,757,shexp_native_scalar_sigmoid_kernel,1,1,1,1,4.977,1.066,0.327
0x993297b60,1743,124,758,shexp_scale_rows_kernel,20,1,1,128,4.569,1.480,0.538
0x993297b60,1743,124,759,quantize_q8_1_kernel,10,1,1,256,6.014,1.392,0.687
0x993297b60,1743,124,760,native_resident_gu_22,160,10,1,256,162.606,41.555,0.426
0x993297b60,1743,124,761,swiglu_entries_kernel,25,1,1,256,10.140,43.986,0.316
0x993297b60,1743,124,762,quantize_q8_1_kernel,25,1,1,256,5.938,2.943,0.324
0x993297b60,1743,124,763,native_resident_down_42,320,10,1,256,105.278,27.691,0.308
0x993297b60,1743,124,764,nmoe_combine_kernel,10,1,1,256,8.550,2.261,0.311
0x993297b60,1743,124,765,fused_gr_norm_kernel,1,1,1,256,31.413,6.600,0.329
0x993297b60,1743,124,766,fused_gr_down_kernel,41,1,1,256,29.831,3.238,0.317
0x993297b60,1743,124,767,fused_gr_up_kernel,160,1,1,256,35.809,6.878,0.337
0x993297b60,1743,124,768,native_quantize_q8_1_kernel,10,1,1,256,6.164,1.517,0.309
0x993297b60,1743,124,769,native_iq4_xs_expanded_small,2560,1,1,128,104.132,35.242,0.309
0x993297b60,1743,124,770,gdn_conv_l2_multi_kernel,80,1,1,128,9.092,14.499,0.411
0x993297b60,1743,124,771,gdn_ab_multi_kernel,12,1,1,256,16.355,3.438,0.321
0x993297b60,1743,124,772,mmvq_multi_kernel_21_1,1536,1,1,128,124.226,42.331,0.315
0x993297b60,1743,124,773,gdn_step_norm_multi_kernel,48,1,1,512,28.633,5.442,0.333
0x993297b60,1743,124,774,native_quantize_q8_1_kernel,24,1,1,256,6.613,1.756,0.312
0x993297b60,1743,124,775,mmvq_multi_kernel_21_1,640,1,1,128,117.756,30.269,0.320
0x993297b60,1743,124,776,fused_gr_norm_kernel,1,1,1,256,31.578,6.578,0.311
0x993297b60,1743,124,777,fused_gr_down_kernel,41,1,1,256,30.431,3.115,0.299
0x993297b60,1743,124,778,fused_gr_up_kernel,160,1,1,256,35.632,7.194,0.343
0x993297b60,1743,124,779,bf16_f32_mmvf_kernel,512,1,1,256,14.001,1.875,0.319
0x993297b60,1743,124,780,route,1,1,1,256,22.024,4.324,0.312
0x993297b60,1743,124,781,to_bf16_kernel,10,1,1,256,4.350,1.313,0.325
0x993297b60,1743,124,782,native_quantize_q8_1_kernel,10,1,1,256,5.781,1.417,0.462
0x993297b60,1743,124,783,native_iq4_xs_expanded_small,160,1,1,128,20.895,2.903,0.508
0x993297b60,1743,124,784,mmvq_multi_kernel_21_1,160,1,1,128,48.163,12.360,0.348
0x993297b60,1743,124,785,shexp_native_swiglu_kernel,5,1,1,128,6.993,12.642,0.304
0x993297b60,1743,124,786,native_quantize_q8_1_kernel,3,1,1,256,4.813,1.283,0.412
0x993297b60,1743,124,787,native_small_mmvq_kernel_q8_0_small,640,1,1,128,17.946,15.661,0.698
0x993297b60,1743,124,788,bf16_f32_mmvf_kernel,1,1,1,256,7.371,3.294,0.368
0x993297b60,1743,124,789,shexp_native_scalar_sigmoid_kernel,1,1,1,1,5.350,3.615,0.513
0x993297b60,1743,124,790,shexp_scale_rows_kernel,20,1,1,128,4.390,1.433,0.633
0x993297b60,1743,124,791,quantize_q8_1_kernel,10,1,1,256,6.247,1.852,0.483
0x993297b60,1743,124,792,native_resident_gu_22,160,10,1,256,174.261,68.566,0.646
0x993297b60,1743,124,793,swiglu_entries_kernel,25,1,1,256,6.831,6.060,0.326
0x993297b60,1743,124,794,quantize_q8_1_kernel,25,1,1,256,8.472,24.515,0.329
0x993297b60,1743,124,795,native_resident_down_42,320,10,1,256,108.759,33.831,0.318
0x993297b60,1743,124,796,nmoe_combine_kernel,10,1,1,256,9.068,4.292,0.315
0x993297b60,1743,124,797,fused_gr_norm_kernel,1,1,1,256,31.333,6.867,0.329
0x993297b60,1743,124,798,fused_gr_down_kernel,41,1,1,256,30.187,3.319,0.327
0x993297b60,1743,124,799,fused_gr_up_kernel,160,1,1,256,35.600,7.538,0.337
0x993297b60,1743,124,800,native_quantize_q8_1_kernel,10,1,1,256,6.632,1.611,329.669
0x993297b60,1743,124,801,native_iq4_xs_expanded_small,2560,1,1,128,101.548,18.394,14.294
0x993297b60,1743,124,802,gdn_conv_l2_multi_kernel,80,1,1,128,7.201,1.699,1.522
0x993297b60,1743,124,803,gdn_ab_multi_kernel,12,1,1,256,16.601,4.067,5.234
0x993297b60,1743,124,804,mmvq_multi_kernel_21_1,1536,1,1,128,121.010,32.266,2.338
0x993297b60,1743,124,805,gdn_step_norm_multi_kernel,48,1,1,512,31.332,32.249,0.779
0x993297b60,1743,124,806,native_quantize_q8_1_kernel,24,1,1,256,8.729,26.305,1.750
0x993297b60,1743,124,807,native_iq4_xs_expanded_large,2560,1,1,128,57.941,11.500,3.593
0x993297b60,1743,124,808,fused_gr_norm_kernel,1,1,1,256,32.315,7.018,3.265
0x993297b60,1743,124,809,fused_gr_down_kernel,41,1,1,256,30.845,4.084,0.314
0x993297b60,1743,124,810,fused_gr_up_kernel,160,1,1,256,35.484,7.538,1.963
0x993297b60,1743,124,811,bf16_f32_mmvf_kernel,512,1,1,256,14.648,2.022,0.338
0x993297b60,1743,124,812,route,1,1,1,256,22.238,4.420,0.587
0x993297b60,1743,124,813,to_bf16_kernel,10,1,1,256,4.097,1.183,0.477
0x993297b60,1743,124,814,native_quantize_q8_1_kernel,10,1,1,256,5.465,1.302,0.445
0x993297b60,1743,124,815,native_iq4_xs_expanded_small,160,1,1,128,21.252,3.346,0.755
0x993297b60,1743,124,816,native_iq4_xs_expanded_small,160,1,1,128,19.791,62.701,1.592
0x993297b60,1743,124,817,shexp_native_swiglu_kernel,5,1,1,128,5.666,1.511,0.436
0x993297b60,1743,124,818,native_quantize_q8_1_kernel,3,1,1,256,5.491,7.421,0.490
0x993297b60,1743,124,819,native_q2_0_mmvq_kernel_small,640,1,1,128,27.666,5.471,1.162
0x993297b60,1743,124,820,bf16_f32_mmvf_kernel,1,1,1,256,7.143,3.555,1.634
0x993297b60,1743,124,821,shexp_native_scalar_sigmoid_kernel,1,1,1,1,5.129,1.148,0.375
0x993297b60,1743,124,822,shexp_scale_rows_kernel,20,1,1,128,4.272,1.145,1.094
0x993297b60,1743,124,823,quantize_q8_1_kernel,10,1,1,256,6.125,1.561,0.347
0x993297b60,1743,124,824,native_resident_gu_22,160,10,1,256,165.990,44.325,0.827
0x993297b60,1743,124,825,swiglu_entries_kernel,25,1,1,256,6.051,1.854,0.328
0x993297b60,1743,124,826,quantize_q8_1_kernel,25,1,1,256,5.786,1.575,0.333
0x993297b60,1743,124,827,native_resident_down_42,320,10,1,256,109.052,39.497,1.372
0x993297b60,1743,124,828,nmoe_combine_kernel,10,1,1,256,8.807,2.210,0.322
0x993297b60,1743,124,829,fused_gr_norm_kernel,1,1,1,256,31.541,8.311,0.320
0x993297b60,1743,124,830,fused_gr_down_kernel,41,1,1,256,29.998,3.943,0.321
0x993297b60,1743,124,831,fused_gr_up_kernel,160,1,1,256,36.138,7.973,0.341
0x993297b60,1743,124,832,native_quantize_q8_1_kernel,10,1,1,256,6.471,3.129,0.319
0x993297b60,1743,124,833,bf16_f32_mmvf_kernel,128,1,1,256,8.461,1.734,0.582
0x993297b60,1743,124,834,native_iq4_xs_expanded_small,128,1,1,128,19.964,3.618,0.557
0x993297b60,1743,124,835,native_q6_k_mmvq_kernel_large,512,1,1,128,14.107,3.662,0.667
0x993297b60,1743,124,836,nqs_norm_kernel,2,1,1,256,6.742,1.700,0.323
0x993297b60,1743,124,837,native_rope_apply_kernel,1,2,1,128,11.593,2.573,0.429
0x993297b60,1743,124,838,copy_from_mapped_kernel,1,1,1,256,5.505,1.639,1.096
0x993297b60,1743,124,839,kv_append_kernel,2,1,1,256,13.481,2.773,0.544
0x993297b60,1743,124,840,nqsi_append_kernel,1,1,1,256,10.398,3.540,0.318
0x993297b60,1743,124,841,native_iq4_xs_expanded_small,3072,1,1,128,112.432,21.269,0.382
0x993297b60,1743,124,842,runtime_copy2d16,1,24,1,128,7.013,20.596,0.401
0x993297b60,1743,124,843,nqs_norm_kernel,24,1,1,256,6.449,1.605,0.951
0x993297b60,1743,124,844,native_rope_apply_kernel,1,24,1,128,11.480,2.418,0.317
0x993297b60,1743,124,845,bf16_f32_mmvf_kernel,512,1,1,256,16.252,15.792,1.283
0x993297b60,1743,124,846,nqs_norm_kernel,4,1,1,256,6.424,3.160,0.327
0x993297b60,1743,124,847,native_rope_apply_kernel,1,4,1,128,7.946,2.173,0.461
0x993297b60,1743,124,848,block_scores_multi_kernel,256,1,1,256,15.568,3.437,0.320
0x993297b60,1743,124,849,block_topk_kernel,1,1,1,256,95.371,24.385,0.319
0x993297b60,1743,124,850,attn_chunk_kernel_m0,33,2,1,256,123.646,32.520,0.330
0x993297b60,1743,124,851,attn_merge_kernel,24,1,1,256,40.029,28.829,0.334
0x993297b60,1743,124,852,nqs_gate_kernel,24,1,1,256,8.287,2.011,0.309
0x993297b60,1743,124,853,native_quantize_q8_1_kernel,24,1,1,256,6.319,2.403,0.319
0x993297b60,1743,124,854,native_iq4_xs_expanded_large,2560,1,1,128,56.468,6.690,0.313
0x993297b60,1743,124,855,fused_gr_norm_kernel,1,1,1,256,32.486,6.711,0.331
0x993297b60,1743,124,856,fused_gr_down_kernel,41,1,1,256,30.242,3.311,0.303
0x993297b60,1743,124,857,fused_gr_up_kernel,160,1,1,256,38.034,20.152,0.295
0x993297b60,1743,124,858,bf16_f32_mmvf_kernel,512,1,1,256,13.826,3.737,0.320
0x993297b60,1743,124,859,route,1,1,1,256,21.830,4.287,0.328
0x993297b60,1743,124,860,to_bf16_kernel,10,1,1,256,4.256,1.361,0.321
0x993297b60,1743,124,861,native_quantize_q8_1_kernel,10,1,1,256,5.303,1.223,0.323
0x993297b60,1743,124,862,mmvq_multi_kernel_21_1,160,1,1,128,47.138,11.910,1.782
0x993297b60,1743,124,863,native_iq4_xs_expanded_small,160,1,1,128,21.461,3.046,0.330
0x993297b60,1743,124,864,shexp_native_swiglu_kernel,5,1,1,128,6.099,1.730,0.315
0x993297b60,1743,124,865,native_quantize_q8_1_kernel,3,1,1,256,4.896,1.224,0.314
0x993297b60,1743,124,866,native_small_mmvq_kernel_iq4_nl_small,640,1,1,128,24.526,4.423,0.325
0x993297b60,1743,124,867,bf16_f32_mmvf_kernel,1,1,1,256,7.035,1.884,3.270
0x993297b60,1743,124,868,shexp_native_scalar_sigmoid_kernel,1,1,1,1,5.184,1.542,1.199
0x993297b60,1743,124,869,shexp_scale_rows_kernel,20,1,1,128,4.562,1.435,0.333
0x993297b60,1743,124,870,quantize_q8_1_kernel,10,1,1,256,6.388,2.379,0.373
0x993297b60,1743,124,871,native_resident_gu_22,160,10,1,256,168.272,46.662,0.565
0x993297b60,1743,124,872,swiglu_entries_kernel,25,1,1,256,6.672,2.450,0.326
0x993297b60,1743,124,873,quantize_q8_1_kernel,25,1,1,256,5.887,2.559,0.310
0x993297b60,1743,124,874,native_resident_down_42,320,10,1,256,106.726,28.665,1.498
0x993297b60,1743,124,875,nmoe_combine_kernel,10,1,1,256,8.917,2.139,0.329
0x993297b60,1743,124,876,fused_gr_norm_kernel,1,1,1,256,31.253,7.097,0.304
0x993297b60,1743,124,877,fused_gr_down_kernel,41,1,1,256,30.105,3.624,0.326
0x993297b60,1743,124,878,fused_gr_up_kernel,160,1,1,256,35.962,7.205,1.384
0x993297b60,1743,124,879,native_quantize_q8_1_kernel,10,1,1,256,6.095,1.519,2.250
0x993297b60,1743,124,880,native_iq4_xs_expanded_small,2560,1,1,128,102.813,19.762,324.062
0x993297b60,1743,124,881,gdn_conv_l2_multi_kernel,80,1,1,128,7.248,1.686,11.168
0x993297b60,1743,124,882,gdn_ab_multi_kernel,12,1,1,256,16.637,3.748,3.510
0x993297b60,1743,124,883,native_q6_k_mmvq_kernel_large,6144,1,1,128,93.788,33.185,6.911
0x993297b60,1743,124,884,gdn_step_norm_multi_kernel,48,1,1,512,27.982,4.645,0.937
0x993297b60,1743,124,885,native_quantize_q8_1_kernel,24,1,1,256,6.341,1.638,0.323
0x993297b60,1743,124,886,mmvq_multi_kernel_21_1,640,1,1,128,117.426,30.665,3.346
0x993297b60,1743,124,887,fused_gr_norm_kernel,1,1,1,256,35.495,44.279,0.326
0x993297b60,1743,124,888,fused_gr_down_kernel,41,1,1,256,32.097,11.520,2.649
0x993297b60,1743,124,889,fused_gr_up_kernel,160,1,1,256,37.317,18.592,0.315
0x993297b60,1743,124,890,bf16_f32_mmvf_kernel,512,1,1,256,14.618,4.979,0.341
0x993297b60,1743,124,891,route,1,1,1,256,22.271,4.557,0.326
0x993297b60,1743,124,892,to_bf16_kernel,10,1,1,256,3.980,1.270,1.297
0x993297b60,1743,124,893,native_quantize_q8_1_kernel,10,1,1,256,5.477,1.614,0.341
0x993297b60,1743,124,894,native_iq4_xs_expanded_small,160,1,1,128,21.092,3.207,1.362
0x993297b60,1743,124,895,native_iq4_xs_expanded_small,160,1,1,128,13.831,2.871,0.863
0x993297b60,1743,124,896,shexp_native_swiglu_kernel,5,1,1,128,5.342,1.267,0.301
0x993297b60,1743,124,897,native_quantize_q8_1_kernel,3,1,1,256,4.934,1.209,0.307
0x993297b60,1743,124,898,native_small_mmvq_kernel_iq4_nl_small,640,1,1,128,24.126,4.039,0.331
0x993297b60,1743,124,899,bf16_f32_mmvf_kernel,1,1,1,256,6.718,1.469,0.323
0x993297b60,1743,124,900,shexp_native_scalar_sigmoid_kernel,1,1,1,1,5.208,1.365,0.311
0x993297b60,1743,124,901,shexp_scale_rows_kernel,20,1,1,128,4.151,1.030,0.331
0x993297b60,1743,124,902,quantize_q8_1_kernel,10,1,1,256,6.002,1.302,0.337
0x993297b60,1743,124,903,native_resident_gu_22,160,10,1,256,164.119,40.550,0.335
0x993297b60,1743,124,904,swiglu_entries_kernel,25,1,1,256,7.690,19.465,0.318
0x993297b60,1743,124,905,quantize_q8_1_kernel,25,1,1,256,5.648,2.168,0.309
0x993297b60,1743,124,906,native_resident_down_42,320,10,1,256,109.859,53.761,0.336
0x993297b60,1743,124,907,nmoe_combine_kernel,10,1,1,256,8.913,2.447,0.318
0x993297b60,1743,124,908,fused_gr_norm_kernel,1,1,1,256,31.381,6.116,0.305
0x993297b60,1743,124,909,fused_gr_down_kernel,41,1,1,256,29.703,3.282,0.312
0x993297b60,1743,124,910,fused_gr_up_kernel,160,1,1,256,35.091,6.749,0.320
0x993297b60,1743,124,911,native_quantize_q8_1_kernel,10,1,1,256,6.167,1.573,0.328
0x993297b60,1743,124,912,native_iq4_xs_expanded_small,2560,1,1,128,102.123,32.172,0.309
0x993297b60,1743,124,913,gdn_conv_l2_multi_kernel,80,1,1,128,7.193,1.524,0.359
0x993297b60,1743,124,914,gdn_ab_multi_kernel,12,1,1,256,16.687,3.144,0.326
0x993297b60,1743,124,915,native_q6_k_mmvq_kernel_large,6144,1,1,128,91.702,23.000,0.331
0x993297b60,1743,124,916,gdn_step_norm_multi_kernel,48,1,1,512,30.647,25.507,0.321
0x993297b60,1743,124,917,native_quantize_q8_1_kernel,24,1,1,256,6.852,3.582,0.317
0x993297b60,1743,124,918,native_iq4_xs_expanded_large,2560,1,1,128,54.737,6.720,0.315
0x993297b60,1743,124,919,fused_gr_norm_kernel,1,1,1,256,32.172,6.532,0.345
0x993297b60,1743,124,920,fused_gr_down_kernel,41,1,1,256,29.849,3.681,0.309
0x993297b60,1743,124,921,fused_gr_up_kernel,160,1,1,256,35.002,6.560,0.305
0x993297b60,1743,124,922,bf16_f32_mmvf_kernel,512,1,1,256,14.274,1.681,0.330
0x993297b60,1743,124,923,route,1,1,1,256,22.635,3.940,0.325
0x993297b60,1743,124,924,to_bf16_kernel,10,1,1,256,4.274,1.224,0.316
0x993297b60,1743,124,925,native_quantize_q8_1_kernel,10,1,1,256,7.790,23.544,0.327
0x993297b60,1743,124,926,mmvq_multi_kernel_21_1,160,1,1,128,46.935,11.350,0.317
0x993297b60,1743,124,927,native_iq4_xs_expanded_small,160,1,1,128,21.337,2.819,0.332
0x993297b60,1743,124,928,shexp_native_swiglu_kernel,5,1,1,128,5.786,1.617,0.301
0x993297b60,1743,124,929,native_quantize_q8_1_kernel,3,1,1,256,4.799,1.057,0.300
0x993297b60,1743,124,930,native_small_mmvq_kernel_iq4_nl_small,640,1,1,128,24.083,4.041,0.322
0x993297b60,1743,124,931,bf16_f32_mmvf_kernel,1,1,1,256,6.649,1.238,0.322
0x993297b60,1743,124,932,shexp_native_scalar_sigmoid_kernel,1,1,1,1,5.115,1.170,0.313
0x993297b60,1743,124,933,shexp_scale_rows_kernel,20,1,1,128,4.392,1.411,0.339
0x993297b60,1743,124,934,quantize_q8_1_kernel,10,1,1,256,6.295,1.629,0.325
0x993297b60,1743,124,935,native_resident_gu_22,160,10,1,256,168.299,55.382,0.327
0x993297b60,1743,124,936,swiglu_entries_kernel,25,1,1,256,7.293,6.591,0.319
0x993297b60,1743,124,937,quantize_q8_1_kernel,25,1,1,256,6.055,2.213,0.305
0x993297b60,1743,124,938,native_resident_down_42,320,10,1,256,104.857,25.734,0.331
0x993297b60,1743,124,939,nmoe_combine_kernel,10,1,1,256,9.156,2.381,0.324
0x993297b60,1743,124,940,fused_gr_norm_kernel,1,1,1,256,31.460,6.302,0.306
0x993297b60,1743,124,941,fused_gr_down_kernel,41,1,1,256,29.718,3.248,0.318
0x993297b60,1743,124,942,fused_gr_up_kernel,160,1,1,256,35.264,6.475,0.319
0x993297b60,1743,124,943,native_quantize_q8_1_kernel,10,1,1,256,6.240,1.562,0.330
0x993297b60,1743,124,944,native_iq4_xs_expanded_small,2560,1,1,128,98.593,14.384,0.306
0x993297b60,1743,124,945,gdn_conv_l2_multi_kernel,80,1,1,128,7.792,1.933,0.353
0x993297b60,1743,124,946,gdn_ab_multi_kernel,12,1,1,256,16.639,3.393,0.320
0x993297b60,1743,124,947,mmvq_multi_kernel_21_1,1536,1,1,128,125.483,45.268,3.086
0x993297b60,1743,124,948,gdn_step_norm_multi_kernel,48,1,1,512,28.310,4.625,0.323
0x993297b60,1743,124,949,native_quantize_q8_1_kernel,24,1,1,256,6.874,2.042,0.307
0x993297b60,1743,124,950,native_iq4_xs_expanded_large,2560,1,1,128,56.259,17.218,0.312
0x993297b60,1743,124,951,fused_gr_norm_kernel,1,1,1,256,32.577,6.307,0.349
0x993297b60,1743,124,952,fused_gr_down_kernel,41,1,1,256,32.073,14.349,0.309
0x993297b60,1743,124,953,fused_gr_up_kernel,160,1,1,256,35.379,6.411,0.294
0x993297b60,1743,124,954,bf16_f32_mmvf_kernel,512,1,1,256,16.883,24.643,0.329
0x993297b60,1743,124,955,route,1,1,1,256,21.834,4.014,0.321
0x993297b60,1743,124,956,to_bf16_kernel,10,1,1,256,4.919,3.644,0.313
0x993297b60,1743,124,957,native_quantize_q8_1_kernel,10,1,1,256,5.644,1.595,0.333
0x993297b60,1743,124,958,native_iq4_xs_expanded_small,160,1,1,128,21.024,3.005,0.322
0x993297b60,1743,124,959,mmvq_multi_kernel_21_1,160,1,1,128,47.339,11.215,6.365
0x993297b60,1743,124,960,shexp_native_swiglu_kernel,5,1,1,128,6.235,3.774,337.294
0x993297b60,1743,124,961,native_quantize_q8_1_kernel,3,1,1,256,5.270,1.207,15.251
0x993297b60,1743,124,962,native_small_mmvq_kernel_iq4_nl_small,640,1,1,128,23.701,3.826,8.226
0x993297b60,1743,124,963,bf16_f32_mmvf_kernel,1,1,1,256,7.026,1.558,16.375
0x993297b60,1743,124,964,shexp_native_scalar_sigmoid_kernel,1,1,1,1,4.905,1.409,15.745
0x993297b60,1743,124,965,shexp_scale_rows_kernel,20,1,1,128,4.408,1.468,7.244
0x993297b60,1743,124,966,quantize_q8_1_kernel,10,1,1,256,5.851,1.168,5.590
0x993297b60,1743,124,967,native_resident_gu_22,160,10,1,256,162.784,39.442,5.250
0x993297b60,1743,124,968,swiglu_entries_kernel,25,1,1,256,5.505,1.529,2.798
0x993297b60,1743,124,969,quantize_q8_1_kernel,25,1,1,256,5.539,1.333,0.315
0x993297b60,1743,124,970,native_resident_down_42,320,10,1,256,104.684,26.234,1.763
0x993297b60,1743,124,971,nmoe_combine_kernel,10,1,1,256,8.758,2.040,0.320
0x993297b60,1743,124,972,fused_gr_norm_kernel,1,1,1,256,31.160,5.758,0.306
0x993297b60,1743,124,973,fused_gr_down_kernel,41,1,1,256,29.994,2.692,0.327
0x993297b60,1743,124,974,fused_gr_up_kernel,160,1,1,256,34.700,6.289,0.318
0x993297b60,1743,124,975,native_quantize_q8_1_kernel,10,1,1,256,5.599,1.317,0.326
0x993297b60,1743,124,976,bf16_f32_mmvf_kernel,128,1,1,256,8.243,1.370,0.311
0x993297b60,1743,124,977,native_iq4_xs_expanded_small,128,1,1,128,20.217,2.899,0.316
0x993297b60,1743,124,978,native_iq4_xs_expanded_small,128,1,1,128,13.656,2.628,0.335
0x993297b60,1743,124,979,nqs_norm_kernel,2,1,1,256,6.382,1.288,0.326
0x993297b60,1743,124,980,native_rope_apply_kernel,1,2,1,128,11.251,2.017,0.315
0x993297b60,1743,124,981,copy_from_mapped_kernel,1,1,1,256,5.054,1.280,0.331
0x993297b60,1743,124,982,kv_append_kernel,2,1,1,256,13.296,2.144,0.326
0x993297b60,1743,124,983,nqsi_append_kernel,1,1,1,256,10.050,3.174,1.938
0x993297b60,1743,124,984,native_iq4_xs_expanded_small,3072,1,1,128,110.272,19.788,1.586
0x993297b60,1743,124,985,runtime_copy2d16,1,24,1,128,4.460,1.027,0.373
0x993297b60,1743,124,986,nqs_norm_kernel,24,1,1,256,6.301,1.390,0.448
0x993297b60,1743,124,987,native_rope_apply_kernel,1,24,1,128,11.402,2.197,0.776
0x993297b60,1743,124,988,bf16_f32_mmvf_kernel,512,1,1,256,14.222,2.330,0.312
0x993297b60,1743,124,989,nqs_norm_kernel,4,1,1,256,5.835,1.640,0.343
0x993297b60,1743,124,990,native_rope_apply_kernel,1,4,1,128,7.690,1.690,0.330
0x993297b60,1743,124,991,block_scores_multi_kernel,256,1,1,256,14.784,2.959,0.337
0x993297b60,1743,124,992,block_topk_kernel,1,1,1,256,89.958,21.313,0.308
0x993297b60,1743,124,993,attn_chunk_kernel_m0,33,2,1,256,119.281,24.427,0.301
0x993297b60,1743,124,994,attn_merge_kernel,24,1,1,256,36.533,6.921,0.327
0x993297b60,1743,124,995,nqs_gate_kernel,24,1,1,256,8.168,1.836,0.312
0x993297b60,1743,124,996,native_quantize_q8_1_kernel,24,1,1,256,6.267,1.518,0.297
0x993297b60,1743,124,997,native_iq4_xs_expanded_large,2560,1,1,128,54.967,4.517,0.332
0x993297b60,1743,124,998,fused_gr_norm_kernel,1,1,1,256,31.578,5.686,0.340
0x993297b60,1743,124,999,fused_gr_down_kernel,41,1,1,256,29.476,3.034,0.334
0x993297b60,1743,124,1000,fused_gr_up_kernel,160,1,1,256,35.459,6.084,0.309
0x993297b60,1743,124,1001,bf16_f32_mmvf_kernel,512,1,1,256,13.540,1.569,0.306
0x993297b60,1743,124,1002,route,1,1,1,256,21.780,3.751,0.881
0x993297b60,1743,124,1003,to_bf16_kernel,10,1,1,256,4.179,1.276,0.330
0x993297b60,1743,124,1004,native_quantize_q8_1_kernel,10,1,1,256,5.862,1.250,0.323
0x993297b60,1743,124,1005,native_q6_k_mmvq_kernel_large,640,1,1,128,15.268,3.280,0.302
0x993297b60,1743,124,1006,mmvq_multi_kernel_21_1,160,1,1,128,46.790,10.307,0.307
0x993297b60,1743,124,1007,shexp_native_swiglu_kernel,5,1,1,128,5.698,1.553,0.321
0x993297b60,1743,124,1008,native_quantize_q8_1_kernel,3,1,1,256,5.118,1.760,0.311
0x993297b60,1743,124,1009,native_small_mmvq_kernel_iq4_nl_small,640,1,1,128,24.312,3.914,0.304
0x993297b60,1743,124,1010,bf16_f32_mmvf_kernel,1,1,1,256,6.964,1.768,0.322
0x993297b60,1743,124,1011,shexp_native_scalar_sigmoid_kernel,1,1,1,1,4.944,0.923,0.317
0x993297b60,1743,124,1012,shexp_scale_rows_kernel,20,1,1,128,4.489,1.449,0.329
0x993297b60,1743,124,1013,quantize_q8_1_kernel,10,1,1,256,6.070,1.441,0.307
0x993297b60,1743,124,1014,native_resident_gu_16,160,10,1,256,152.835,36.029,0.577
0x993297b60,1743,124,1015,swiglu_entries_kernel,25,1,1,256,6.189,1.746,0.331
0x993297b60,1743,124,1016,quantize_q8_1_kernel,25,1,1,256,5.733,1.505,0.299
0x993297b60,1743,124,1017,native_resident_down_42,320,10,1,256,105.169,29.420,0.295
0x993297b60,1743,124,1018,nmoe_combine_kernel,10,1,1,256,8.599,2.252,0.334
0x993297b60,1743,124,1019,fused_gr_norm_kernel,1,1,1,256,30.617,5.887,0.318
0x993297b60,1743,124,1020,fused_gr_down_kernel,41,1,1,256,29.631,3.018,0.327
0x993297b60,1743,124,1021,fused_gr_up_kernel,160,1,1,256,36.602,16.525,0.312
0x993297b60,1743,124,1022,native_quantize_q8_1_kernel,10,1,1,256,6.412,2.793,0.311
0x993297b60,1743,124,1023,native_iq4_xs_expanded_small,2560,1,1,128,98.817,14.457,0.327
0x993297b60,1743,124,1024,gdn_conv_l2_multi_kernel,80,1,1,128,7.372,1.511,0.407
0x993297b60,1743,124,1025,gdn_ab_multi_kernel,12,1,1,256,16.501,3.289,0.288
0x993297b60,1743,124,1026,native_iq4_xs_expanded_small,1536,1,1,128,62.961,8.564,0.601
0x993297b60,1743,124,1027,gdn_step_norm_multi_kernel,48,1,1,512,27.988,4.143,3.091
0x993297b60,1743,124,1028,native_quantize_q8_1_kernel,24,1,1,256,6.530,1.659,0.319
0x993297b60,1743,124,1029,native_iq4_xs_expanded_large,2560,1,1,128,55.840,5.038,0.481
0x993297b60,1743,124,1030,fused_gr_norm_kernel,1,1,1,256,31.784,5.937,0.335
0x993297b60,1743,124,1031,fused_gr_down_kernel,41,1,1,256,29.851,3.011,0.396
0x993297b60,1743,124,1032,fused_gr_up_kernel,160,1,1,256,35.185,6.214,0.354
0x993297b60,1743,124,1033,bf16_f32_mmvf_kernel,512,1,1,256,13.805,1.531,0.320
0x993297b60,1743,124,1034,route,1,1,1,256,22.444,4.087,0.319
0x993297b60,1743,124,1035,to_bf16_kernel,10,1,1,256,4.386,1.268,0.361
0x993297b60,1743,124,1036,native_quantize_q8_1_kernel,10,1,1,256,5.854,1.287,0.369
0x993297b60,1743,124,1037,mmvq_multi_kernel_21_1,160,1,1,128,46.707,10.409,0.641
0x993297b60,1743,124,1038,native_q6_k_mmvq_kernel_large,640,1,1,128,15.393,3.393,0.304
0x993297b60,1743,124,1039,shexp_native_swiglu_kernel,5,1,1,128,6.100,1.742,9.825
0x993297b60,1743,124,1040,native_quantize_q8_1_kernel,3,1,1,256,6.764,9.807,316.885
0x993297b60,1743,124,1041,native_small_mmvq_kernel_iq4_nl_small,640,1,1,128,23.697,3.915,23.069
0x993297b60,1743,124,1042,bf16_f32_mmvf_kernel,1,1,1,256,7.015,1.258,4.101
0x993297b60,1743,124,1043,shexp_native_scalar_sigmoid_kernel,1,1,1,1,5.103,1.223,11.890
0x993297b60,1743,124,1044,shexp_scale_rows_kernel,20,1,1,128,4.368,1.643,24.101
0x993297b60,1743,124,1045,quantize_q8_1_kernel,10,1,1,256,5.993,1.572,3.681
0x993297b60,1743,124,1046,native_resident_gu_22,160,10,1,256,162.056,39.168,4.055
0x993297b60,1743,124,1047,swiglu_entries_kernel,25,1,1,256,5.595,1.512,0.329
0x993297b60,1743,124,1048,quantize_q8_1_kernel,25,1,1,256,5.452,1.241,2.665
0x993297b60,1743,124,1049,native_resident_down_42,320,10,1,256,103.766,25.217,0.308
0x993297b60,1743,124,1050,nmoe_combine_kernel,10,1,1,256,8.465,1.922,0.326
0x993297b60,1743,124,1051,fused_gr_norm_kernel,1,1,1,256,30.618,5.745,0.320
0x993297b60,1743,124,1052,fused_gr_down_kernel,41,1,1,256,29.836,2.897,0.907
0x993297b60,1743,124,1053,fused_gr_up_kernel,160,1,1,256,34.695,6.556,0.309
0x993297b60,1743,124,1054,native_quantize_q8_1_kernel,10,1,1,256,5.444,1.209,0.310
0x993297b60,1743,124,1055,native_iq4_xs_expanded_small,2560,1,1,128,99.089,13.407,0.331
0x993297b60,1743,124,1056,gdn_conv_l2_multi_kernel,80,1,1,128,6.801,1.243,0.390
0x993297b60,1743,124,1057,gdn_ab_multi_kernel,12,1,1,256,16.365,3.224,0.299
0x993297b60,1743,124,1058,native_iq4_xs_expanded_small,1536,1,1,128,66.763,29.896,0.321
0x993297b60,1743,124,1059,gdn_step_norm_multi_kernel,48,1,1,512,27.871,4.302,0.331
0x993297b60,1743,124,1060,native_quantize_q8_1_kernel,24,1,1,256,7.702,15.394,0.332
0x993297b60,1743,124,1061,mmvq_multi_kernel_21_1,640,1,1,128,114.813,27.239,0.312
0x993297b60,1743,124,1062,fused_gr_norm_kernel,1,1,1,256,31.005,5.961,0.315
0x993297b60,1743,124,1063,fused_gr_down_kernel,41,1,1,256,30.445,3.101,0.327
0x993297b60,1743,124,1064,fused_gr_up_kernel,160,1,1,256,35.351,6.465,0.318
0x993297b60,1743,124,1065,bf16_f32_mmvf_kernel,512,1,1,256,14.087,1.898,0.309
0x993297b60,1743,124,1066,route,1,1,1,256,21.607,3.728,0.317
0x993297b60,1743,124,1067,to_bf16_kernel,10,1,1,256,4.455,1.570,0.304
0x993297b60,1743,124,1068,native_quantize_q8_1_kernel,10,1,1,256,5.432,1.155,0.314
0x993297b60,1743,124,1069,native_iq4_xs_expanded_small,160,1,1,128,21.339,3.016,0.298
0x993297b60,1743,124,1070,native_iq4_xs_expanded_small,160,1,1,128,14.199,2.836,0.304
0x993297b60,1743,124,1071,shexp_native_swiglu_kernel,5,1,1,128,5.743,1.714,0.322
0x993297b60,1743,124,1072,native_quantize_q8_1_kernel,3,1,1,256,4.911,1.849,0.321
0x993297b60,1743,124,1073,native_small_mmvq_kernel_iq4_nl_small,640,1,1,128,23.225,4.016,0.313
0x993297b60,1743,124,1074,bf16_f32_mmvf_kernel,1,1,1,256,6.762,1.376,0.328
0x993297b60,1743,124,1075,shexp_native_scalar_sigmoid_kernel,1,1,1,1,5.102,1.197,0.319
0x993297b60,1743,124,1076,shexp_scale_rows_kernel,20,1,1,128,4.339,1.394,0.327
0x993297b60,1743,124,1077,quantize_q8_1_kernel,10,1,1,256,6.146,1.594,0.303
0x993297b60,1743,124,1078,native_resident_gu_16,160,10,1,256,154.157,37.621,0.300
0x993297b60,1743,124,1079,swiglu_entries_kernel,25,1,1,256,7.939,15.272,0.325
0x993297b60,1743,124,1080,quantize_q8_1_kernel,25,1,1,256,6.680,15.045,0.305
0x993297b60,1743,124,1081,native_resident_down_42,320,10,1,256,104.788,25.815,0.305
0x993297b60,1743,124,1082,nmoe_combine_kernel,10,1,1,256,9.526,2.748,0.329
0x993297b60,1743,124,1083,fused_gr_norm_kernel,1,1,1,256,29.922,5.881,0.312
0x993297b60,1743,124,1084,fused_gr_down_kernel,41,1,1,256,29.385,2.897,0.313
0x993297b60,1743,124,1085,fused_gr_up_kernel,160,1,1,256,34.877,6.341,0.296
0x993297b60,1743,124,1086,native_quantize_q8_1_kernel,10,1,1,256,5.715,1.301,0.303
0x993297b60,1743,124,1087,native_iq4_xs_expanded_small,2560,1,1,128,99.561,13.785,0.325
0x993297b60,1743,124,1088,gdn_conv_l2_multi_kernel,80,1,1,128,7.506,1.607,0.382
0x993297b60,1743,124,1089,gdn_ab_multi_kernel,12,1,1,256,16.635,2.945,0.299
0x993297b60,1743,124,1090,native_iq4_xs_expanded_small,1536,1,1,128,65.883,9.156,0.326
0x993297b60,1743,124,1091,gdn_step_norm_multi_kernel,48,1,1,512,28.303,4.621,0.342
0x993297b60,1743,124,1092,native_quantize_q8_1_kernel,24,1,1,256,6.725,1.912,0.324
0x993297b60,1743,124,1093,native_iq4_xs_expanded_large,2560,1,1,128,54.256,6.140,0.309
0x993297b60,1743,124,1094,fused_gr_norm_kernel,1,1,1,256,31.782,6.365,0.321
0x993297b60,1743,124,1095,fused_gr_down_kernel,41,1,1,256,28.966,3.332,0.325
0x993297b60,1743,124,1096,fused_gr_up_kernel,160,1,1,256,35.417,6.634,0.311
0x993297b60,1743,124,1097,bf16_f32_mmvf_kernel,512,1,1,256,13.703,1.518,0.303
0x993297b60,1743,124,1098,route,1,1,1,256,22.266,4.091,0.320
0x993297b60,1743,124,1099,to_bf16_kernel,10,1,1,256,4.316,1.195,0.310
0x993297b60,1743,124,1100,native_quantize_q8_1_kernel,10,1,1,256,5.600,1.473,0.323
0x993297b60,1743,124,1101,native_iq4_xs_expanded_small,160,1,1,128,20.145,2.572,0.302
0x993297b60,1743,124,1102,native_iq4_xs_expanded_small,160,1,1,128,14.460,3.064,1.477
0x993297b60,1743,124,1103,shexp_native_swiglu_kernel,5,1,1,128,5.360,1.280,0.333
0x993297b60,1743,124,1104,native_quantize_q8_1_kernel,3,1,1,256,5.152,1.339,0.516
0x993297b60,1743,124,1105,native_q2_0_mmvq_kernel_small,640,1,1,128,26.947,4.541,0.659
0x993297b60,1743,124,1106,bf16_f32_mmvf_kernel,1,1,1,256,6.962,2.215,0.334
0x993297b60,1743,124,1107,shexp_native_scalar_sigmoid_kernel,1,1,1,1,4.960,0.963,3.008
0x993297b60,1743,124,1108,shexp_scale_rows_kernel,20,1,1,128,4.607,1.777,0.972
0x993297b60,1743,124,1109,quantize_q8_1_kernel,10,1,1,256,5.882,1.154,0.304
0x993297b60,1743,124,1110,native_resident_gu_16,160,10,1,256,154.756,39.226,1.399
0x993297b60,1743,124,1111,swiglu_entries_kernel,25,1,1,256,6.385,2.313,0.329
0x993297b60,1743,124,1112,quantize_q8_1_kernel,25,1,1,256,5.614,2.220,0.314
0x993297b60,1743,124,1113,native_resident_down_42,320,10,1,256,105.540,27.718,1.505
0x993297b60,1743,124,1114,nmoe_combine_kernel,10,1,1,256,8.583,2.218,0.337
0x993297b60,1743,124,1115,fused_gr_norm_kernel,1,1,1,256,31.148,6.370,0.320
0x993297b60,1743,124,1116,fused_gr_down_kernel,41,1,1,256,30.499,3.091,0.325
0x993297b60,1743,124,1117,fused_gr_up_kernel,160,1,1,256,35.733,6.508,0.309
0x993297b60,1743,124,1118,native_quantize_q8_1_kernel,10,1,1,256,6.151,1.525,0.314
0x993297b60,1743,124,1119,bf16_f32_mmvf_kernel,128,1,1,256,8.479,2.265,2.223
0x993297b60,1743,124,1120,native_iq4_xs_expanded_small,128,1,1,128,20.792,3.020,320.069
0x993297b60,1743,124,1121,native_q6_k_mmvq_kernel_large,512,1,1,128,13.277,3.145,19.986
0x993297b60,1743,124,1122,nqs_norm_kernel,2,1,1,256,6.711,1.759,6.629
0x993297b60,1743,124,1123,native_rope_apply_kernel,1,2,1,128,11.271,1.969,12.068
0x993297b60,1743,124,1124,copy_from_mapped_kernel,1,1,1,256,5.202,1.361,1.954
0x993297b60,1743,124,1125,kv_append_kernel,2,1,1,256,13.431,2.549,3.204
0x993297b60,1743,124,1126,nqsi_append_kernel,1,1,1,256,9.891,3.085,2.368
0x993297b60,1743,124,1127,native_iq4_xs_expanded_small,3072,1,1,128,111.680,19.159,6.906
0x993297b60,1743,124,1128,runtime_copy2d16,1,24,1,128,4.728,1.413,4.269
0x993297b60,1743,124,1129,nqs_norm_kernel,24,1,1,256,6.171,1.383,0.321
0x993297b60,1743,124,1130,native_rope_apply_kernel,1,24,1,128,11.508,2.214,0.331
0x993297b60,1743,124,1131,bf16_f32_mmvf_kernel,512,1,1,256,13.867,1.822,1.278
0x993297b60,1743,124,1132,nqs_norm_kernel,4,1,1,256,5.550,1.327,1.005
0x993297b60,1743,124,1133,native_rope_apply_kernel,1,4,1,128,7.760,1.891,0.512
0x993297b60,1743,124,1134,block_scores_multi_kernel,256,1,1,256,15.013,3.156,0.501
0x993297b60,1743,124,1135,block_topk_kernel,1,1,1,256,87.324,23.260,0.327
0x993297b60,1743,124,1136,attn_chunk_kernel_m0,33,2,1,256,121.494,27.847,0.321
0x993297b60,1743,124,1137,attn_merge_kernel,24,1,1,256,36.836,7.979,0.314
0x993297b60,1743,124,1138,nqs_gate_kernel,24,1,1,256,7.952,1.960,0.335
0x993297b60,1743,124,1139,native_quantize_q8_1_kernel,24,1,1,256,5.954,1.352,0.327
0x993297b60,1743,124,1140,native_iq4_xs_expanded_large,2560,1,1,128,56.761,6.778,0.341
0x993297b60,1743,124,1141,fused_gr_norm_kernel,1,1,1,256,32.392,6.924,0.986
0x993297b60,1743,124,1142,fused_gr_down_kernel,41,1,1,256,32.169,22.516,0.307
0x993297b60,1743,124,1143,fused_gr_up_kernel,160,1,1,256,35.509,7.647,0.333
0x993297b60,1743,124,1144,bf16_f32_mmvf_kernel,512,1,1,256,14.585,5.958,0.315
0x993297b60,1743,124,1145,route,1,1,1,256,21.941,4.141,0.305
0x993297b60,1743,124,1146,to_bf16_kernel,10,1,1,256,4.048,1.319,0.346
0x993297b60,1743,124,1147,native_quantize_q8_1_kernel,10,1,1,256,5.841,1.270,0.331
0x993297b60,1743,124,1148,native_iq4_xs_expanded_small,160,1,1,128,21.415,3.188,0.949
0x993297b60,1743,124,1149,mmvq_multi_kernel_21_1,160,1,1,128,46.714,13.766,0.424
0x993297b60,1743,124,1150,shexp_native_swiglu_kernel,5,1,1,128,7.782,24.764,0.513
0x993297b60,1743,124,1151,native_quantize_q8_1_kernel,3,1,1,256,5.039,1.514,0.764
0x993297b60,1743,124,1152,native_small_mmvq_kernel_iq4_nl_small,640,1,1,128,26.291,17.150,0.611
0x993297b60,1743,124,1153,bf16_f32_mmvf_kernel,1,1,1,256,6.947,1.780,2.330
0x993297b60,1743,124,1154,shexp_native_scalar_sigmoid_kernel,1,1,1,1,6.372,14.798,0.322
0x993297b60,1743,124,1155,shexp_scale_rows_kernel,20,1,1,128,4.601,1.635,0.311
0x993297b60,1743,124,1156,quantize_q8_1_kernel,10,1,1,256,5.824,1.218,2.081
0x993297b60,1743,124,1157,native_resident_gu_22,160,10,1,256,168.596,45.368,0.346
0x993297b60,1743,124,1158,swiglu_entries_kernel,25,1,1,256,6.197,1.701,0.322
0x993297b60,1743,124,1159,quantize_q8_1_kernel,25,1,1,256,5.742,1.453,0.336
0x993297b60,1743,124,1160,native_resident_down_42,320,10,1,256,106.454,28.512,0.414
0x993297b60,1743,124,1161,nmoe_combine_kernel,10,1,1,256,10.809,20.427,0.330
0x993297b60,1743,124,1162,fused_gr_norm_kernel,1,1,1,256,31.538,6.723,0.342
0x993297b60,1743,124,1163,fused_gr_down_kernel,41,1,1,256,30.631,3.848,0.322
0x993297b60,1743,124,1164,fused_gr_up_kernel,160,1,1,256,35.701,7.146,0.332
0x993297b60,1743,124,1165,native_quantize_q8_1_kernel,10,1,1,256,6.439,2.677,0.302
0x993297b60,1743,124,1166,native_iq4_xs_expanded_small,2560,1,1,128,100.168,16.998,0.995
0x993297b60,1743,124,1167,gdn_conv_l2_multi_kernel,80,1,1,128,7.639,2.071,0.392
0x993297b60,1743,124,1168,gdn_ab_multi_kernel,12,1,1,256,16.409,3.610,0.323
0x993297b60,1743,124,1169,native_iq4_xs_expanded_small,1536,1,1,128,67.631,26.075,0.311
0x993297b60,1743,124,1170,gdn_step_norm_multi_kernel,48,1,1,512,28.463,5.451,0.355
0x993297b60,1743,124,1171,native_quantize_q8_1_kernel,24,1,1,256,7.890,14.600,0.329
0x993297b60,1743,124,1172,native_iq4_xs_expanded_large,2560,1,1,128,56.483,8.032,0.337
0x993297b60,1743,124,1173,fused_gr_norm_kernel,1,1,1,256,32.388,6.488,0.329
0x993297b60,1743,124,1174,fused_gr_down_kernel,41,1,1,256,31.399,12.626,0.308
0x993297b60,1743,124,1175,fused_gr_up_kernel,160,1,1,256,35.415,6.638,0.329
0x993297b60,1743,124,1176,bf16_f32_mmvf_kernel,512,1,1,256,14.601,2.006,0.313
0x993297b60,1743,124,1177,route,1,1,1,256,21.915,4.217,0.311
0x993297b60,1743,124,1178,to_bf16_kernel,10,1,1,256,4.678,1.631,0.335
0x993297b60,1743,124,1179,native_quantize_q8_1_kernel,10,1,1,256,5.743,1.347,0.317
0x993297b60,1743,124,1180,native_iq4_xs_expanded_small,160,1,1,128,20.769,2.832,0.323
0x993297b60,1743,124,1181,native_q6_k_mmvq_kernel_large,640,1,1,128,15.253,3.499,0.310
0x993297b60,1743,124,1182,shexp_native_swiglu_kernel,5,1,1,128,5.613,1.469,0.309
0x993297b60,1743,124,1183,native_quantize_q8_1_kernel,3,1,1,256,5.187,3.848,0.340
0x993297b60,1743,124,1184,native_small_mmvq_kernel_iq4_nl_small,640,1,1,128,23.519,4.213,0.324
0x993297b60,1743,124,1185,bf16_f32_mmvf_kernel,1,1,1,256,6.404,1.351,0.313
0x993297b60,1743,124,1186,shexp_native_scalar_sigmoid_kernel,1,1,1,1,4.636,0.948,0.340
0x993297b60,1743,124,1187,shexp_scale_rows_kernel,20,1,1,128,6.278,24.076,3.345
0x993297b60,1743,124,1188,quantize_q8_1_kernel,10,1,1,256,5.520,1.168,0.334
0x993297b60,1743,124,1189,native_resident_gu_22,160,10,1,256,164.672,42.938,0.663
0x993297b60,1743,124,1190,swiglu_entries_kernel,25,1,1,256,6.249,1.877,0.316
0x993297b60,1743,124,1191,quantize_q8_1_kernel,25,1,1,256,5.561,1.328,0.310
0x993297b60,1743,124,1192,native_resident_down_42,320,10,1,256,107.178,32.886,0.305
0x993297b60,1743,124,1193,nmoe_combine_kernel,10,1,1,256,8.715,2.049,0.302
0x993297b60,1743,124,1194,fused_gr_norm_kernel,1,1,1,256,32.177,7.204,0.328
0x993297b60,1743,124,1195,fused_gr_down_kernel,41,1,1,256,30.171,3.411,0.325
0x993297b60,1743,124,1196,fused_gr_up_kernel,160,1,1,256,35.399,7.250,0.330
0x993297b60,1743,124,1197,native_quantize_q8_1_kernel,10,1,1,256,6.273,1.458,0.311
0x993297b60,1743,124,1198,native_iq4_xs_expanded_small,2560,1,1,128,102.874,30.820,0.308
0x993297b60,1743,124,1199,gdn_conv_l2_multi_kernel,80,1,1,128,7.778,1.999,2.401
0x993297b60,1743,124,1200,gdn_ab_multi_kernel,12,1,1,256,30.624,88.413,322.835
0x993297b60,1743,124,1201,mmvq_multi_kernel_21_1,1536,1,1,128,122.756,35.768,33.346
0x993297b60,1743,124,1202,gdn_step_norm_multi_kernel,48,1,1,512,28.239,4.634,4.901
0x993297b60,1743,124,1203,native_quantize_q8_1_kernel,24,1,1,256,6.249,1.560,6.577
0x993297b60,1743,124,1204,native_q6_k_mmvq_kernel_large,2560,1,1,128,89.930,24.074,0.331
0x993297b60,1743,124,1205,fused_gr_norm_kernel,1,1,1,256,32.044,6.761,0.324
0x993297b60,1743,124,1206,fused_gr_down_kernel,41,1,1,256,30.524,3.396,0.312
0x993297b60,1743,124,1207,fused_gr_up_kernel,160,1,1,256,35.485,6.972,0.330
0x993297b60,1743,124,1208,bf16_f32_mmvf_kernel,512,1,1,256,14.064,2.426,3.603
0x993297b60,1743,124,1209,route,1,1,1,256,21.998,4.260,0.314
0x993297b60,1743,124,1210,to_bf16_kernel,10,1,1,256,4.173,1.250,0.329
0x993297b60,1743,124,1211,native_quantize_q8_1_kernel,10,1,1,256,5.419,1.262,0.707
0x993297b60,1743,124,1212,native_iq4_xs_expanded_small,160,1,1,128,21.141,3.016,0.334
0x993297b60,1743,124,1213,native_iq4_xs_expanded_small,160,1,1,128,13.924,3.055,0.307
0x993297b60,1743,124,1214,shexp_native_swiglu_kernel,5,1,1,128,5.518,1.413,0.308
0x993297b60,1743,124,1215,native_quantize_q8_1_kernel,3,1,1,256,4.821,1.080,0.352
0x993297b60,1743,124,1216,native_small_mmvq_kernel_iq4_nl_small,640,1,1,128,24.384,4.202,5.605
0x993297b60,1743,124,1217,bf16_f32_mmvf_kernel,1,1,1,256,6.671,1.429,0.316
0x993297b60,1743,124,1218,shexp_native_scalar_sigmoid_kernel,1,1,1,1,4.971,1.113,0.948
0x993297b60,1743,124,1219,shexp_scale_rows_kernel,20,1,1,128,4.251,1.106,1.544
0x993297b60,1743,124,1220,quantize_q8_1_kernel,10,1,1,256,5.949,1.422,0.322
0x993297b60,1743,124,1221,native_resident_gu_22,160,10,1,256,166.281,50.681,4.208
0x993297b60,1743,124,1222,swiglu_entries_kernel,25,1,1,256,6.226,4.402,0.311
0x993297b60,1743,124,1223,quantize_q8_1_kernel,25,1,1,256,5.537,1.441,0.329
0x993297b60,1743,124,1224,native_resident_down_42,320,10,1,256,108.394,44.718,0.842
0x993297b60,1743,124,1225,nmoe_combine_kernel,10,1,1,256,8.547,1.824,0.321
0x993297b60,1743,124,1226,fused_gr_norm_kernel,1,1,1,256,31.284,7.163,0.347
0x993297b60,1743,124,1227,fused_gr_down_kernel,41,1,1,256,30.204,3.342,0.334
0x993297b60,1743,124,1228,fused_gr_up_kernel,160,1,1,256,35.427,7.421,0.329
0x993297b60,1743,124,1229,native_quantize_q8_1_kernel,10,1,1,256,5.958,1.751,0.326
0x993297b60,1743,124,1230,native_iq4_xs_expanded_small,2560,1,1,128,103.728,24.281,1.385
0x993297b60,1743,124,1231,gdn_conv_l2_multi_kernel,80,1,1,128,7.177,1.661,1.902
0x993297b60,1743,124,1232,gdn_ab_multi_kernel,12,1,1,256,16.885,3.580,0.317
0x993297b60,1743,124,1233,native_iq4_xs_expanded_small,1536,1,1,128,65.421,11.136,0.308
0x993297b60,1743,124,1234,gdn_step_norm_multi_kernel,48,1,1,512,28.160,4.939,0.340
0x993297b60,1743,124,1235,native_quantize_q8_1_kernel,24,1,1,256,6.309,1.542,0.327
0x993297b60,1743,124,1236,native_iq4_xs_expanded_large,2560,1,1,128,55.603,7.703,0.353
0x993297b60,1743,124,1237,fused_gr_norm_kernel,1,1,1,256,32.529,7.028,0.377
0x993297b60,1743,124,1238,fused_gr_down_kernel,41,1,1,256,29.703,4.051,0.371
0x993297b60,1743,124,1239,fused_gr_up_kernel,160,1,1,256,35.813,7.540,0.343
0x993297b60,1743,124,1240,bf16_f32_mmvf_kernel,512,1,1,256,14.036,2.469,0.326
0x993297b60,1743,124,1241,route,1,1,1,256,22.556,4.491,0.322
0x993297b60,1743,124,1242,to_bf16_kernel,10,1,1,256,4.173,1.400,0.317
0x993297b60,1743,124,1243,native_quantize_q8_1_kernel,10,1,1,256,5.598,1.314,0.317
0x993297b60,1743,124,1244,native_iq4_xs_expanded_small,160,1,1,128,20.966,3.158,0.321
0x993297b60,1743,124,1245,native_iq4_xs_expanded_small,160,1,1,128,14.312,3.388,0.312
0x993297b60,1743,124,1246,shexp_native_swiglu_kernel,5,1,1,128,5.593,1.399,0.310
0x993297b60,1743,124,1247,native_quantize_q8_1_kernel,3,1,1,256,4.960,1.190,0.335
0x993297b60,1743,124,1248,native_small_mmvq_kernel_iq4_nl_small,640,1,1,128,27.646,41.281,0.325
0x993297b60,1743,124,1249,bf16_f32_mmvf_kernel,1,1,1,256,6.941,1.551,0.312
0x993297b60,1743,124,1250,shexp_native_scalar_sigmoid_kernel,1,1,1,1,4.928,1.034,0.330
0x993297b60,1743,124,1251,shexp_scale_rows_kernel,20,1,1,128,4.623,1.762,0.439
0x993297b60,1743,124,1252,quantize_q8_1_kernel,10,1,1,256,5.994,1.294,0.334
0x993297b60,1743,124,1253,native_resident_gu_22,160,10,1,256,166.783,45.618,0.620
0x993297b60,1743,124,1254,swiglu_entries_kernel,25,1,1,256,5.991,1.593,0.315
0x993297b60,1743,124,1255,quantize_q8_1_kernel,25,1,1,256,5.612,1.328,0.313
0x993297b60,1743,124,1256,native_resident_down_42,320,10,1,256,105.812,29.211,0.318
0x993297b60,1743,124,1257,nmoe_combine_kernel,10,1,1,256,8.804,2.005,0.316
0x993297b60,1743,124,1258,fused_gr_norm_kernel,1,1,1,256,31.478,6.701,0.326
0x993297b60,1743,124,1259,fused_gr_down_kernel,41,1,1,256,30.093,3.663,0.322
0x993297b60,1743,124,1260,fused_gr_up_kernel,160,1,1,256,35.422,7.226,0.320
0x993297b60,1743,124,1261,native_quantize_q8_1_kernel,10,1,1,256,8.245,23.330,0.300
0x993297b60,1743,124,1262,bf16_f32_mmvf_kernel,128,1,1,256,8.270,1.618,4.080
0x993297b60,1743,124,1263,native_iq4_xs_expanded_small,128,1,1,128,20.548,5.246,0.324
0x993297b60,1743,124,1264,native_iq4_xs_expanded_small,128,1,1,128,14.358,3.057,0.320
0x993297b60,1743,124,1265,nqs_norm_kernel,2,1,1,256,6.621,1.632,0.308
0x993297b60,1743,124,1266,native_rope_apply_kernel,1,2,1,128,11.734,2.407,0.330
0x993297b60,1743,124,1267,copy_from_mapped_kernel,1,1,1,256,5.499,1.511,3.101
0x993297b60,1743,124,1268,kv_append_kernel,2,1,1,256,13.537,2.495,0.345
0x993297b60,1743,124,1269,nqsi_append_kernel,1,1,1,256,10.127,3.410,0.720
0x993297b60,1743,124,1270,mmvq_multi_kernel_21_1,3072,1,1,128,194.832,60.286,0.323
0x993297b60,1743,124,1271,runtime_copy2d16,1,24,1,128,6.269,9.450,0.355
0x993297b60,1743,124,1272,nqs_norm_kernel,24,1,1,256,6.696,3.143,0.318
0x993297b60,1743,124,1273,native_rope_apply_kernel,1,24,1,128,10.115,2.447,0.308
0x993297b60,1743,124,1274,bf16_f32_mmvf_kernel,512,1,1,256,15.569,15.542,0.329
0x993297b60,1743,124,1275,nqs_norm_kernel,4,1,1,256,6.385,1.974,0.316
0x993297b60,1743,124,1276,native_rope_apply_kernel,1,4,1,128,7.709,1.803,0.327
0x993297b60,1743,124,1277,block_scores_multi_kernel,256,1,1,256,15.290,3.348,0.309
0x993297b60,1743,124,1278,block_topk_kernel,1,1,1,256,93.215,25.235,0.305
0x993297b60,1743,124,1279,attn_chunk_kernel_m0,33,2,1,256,123.064,34.356,0.351
0x993297b60,1743,124,1280,attn_merge_kernel,24,1,1,256,37.909,8.654,333.679
0x993297b60,1743,124,1281,nqs_gate_kernel,24,1,1,256,8.137,2.129,9.645
0x993297b60,1743,124,1282,native_quantize_q8_1_kernel,24,1,1,256,5.711,1.359,3.635
0x993297b60,1743,124,1283,native_iq4_xs_expanded_large,2560,1,1,128,57.691,22.437,10.943
0x993297b60,1743,124,1284,fused_gr_norm_kernel,1,1,1,256,32.816,7.596,1.201
0x993297b60,1743,124,1285,fused_gr_down_kernel,41,1,1,256,29.756,4.223,0.314
0x993297b60,1743,124,1286,fused_gr_up_kernel,160,1,1,256,35.450,7.222,1.684
0x993297b60,1743,124,1287,bf16_f32_mmvf_kernel,512,1,1,256,13.824,1.937,2.074
0x993297b60,1743,124,1288,route,1,1,1,256,22.591,4.402,0.477
0x993297b60,1743,124,1289,to_bf16_kernel,10,1,1,256,3.848,1.038,0.374
0x993297b60,1743,124,1290,native_quantize_q8_1_kernel,10,1,1,256,5.723,1.480,1.851
0x993297b60,1743,124,1291,native_iq4_xs_expanded_small,160,1,1,128,21.231,3.452,0.393
0x993297b60,1743,124,1292,native_iq4_xs_expanded_small,160,1,1,128,13.986,2.872,0.433
0x993297b60,1743,124,1293,shexp_native_swiglu_kernel,5,1,1,128,5.510,1.375,0.330
0x993297b60,1743,124,1294,native_quantize_q8_1_kernel,3,1,1,256,4.889,1.089,0.784
0x993297b60,1743,124,1295,native_small_mmvq_kernel_iq4_nl_small,640,1,1,128,24.446,4.381,0.344
0x993297b60,1743,124,1296,bf16_f32_mmvf_kernel,1,1,1,256,6.824,1.481,0.333
0x993297b60,1743,124,1297,shexp_native_scalar_sigmoid_kernel,1,1,1,1,5.042,1.341,0.322
0x993297b60,1743,124,1298,shexp_scale_rows_kernel,20,1,1,128,4.831,1.785,0.351
0x993297b60,1743,124,1299,quantize_q8_1_kernel,10,1,1,256,6.049,1.419,0.338
0x993297b60,1743,124,1300,native_resident_gu_22,160,10,1,256,163.484,39.655,1.199
0x993297b60,1743,124,1301,swiglu_entries_kernel,25,1,1,256,5.690,1.361,0.325
0x993297b60,1743,124,1302,quantize_q8_1_kernel,25,1,1,256,5.736,2.469,0.318
0x993297b60,1743,124,1303,native_resident_down_42,320,10,1,256,104.509,25.784,0.340
0x993297b60,1743,124,1304,nmoe_combine_kernel,10,1,1,256,8.886,2.529,0.330
0x993297b60,1743,124,1305,fused_gr_norm_kernel,1,1,1,256,31.054,6.387,0.326
0x993297b60,1743,124,1306,fused_gr_down_kernel,41,1,1,256,29.920,3.953,0.943
0x993297b60,1743,124,1307,fused_gr_up_kernel,160,1,1,256,35.403,7.001,0.342
0x993297b60,1743,124,1308,native_quantize_q8_1_kernel,10,1,1,256,6.144,1.514,0.343
0x993297b60,1743,124,1309,native_iq4_xs_expanded_small,2560,1,1,128,108.001,73.579,1.530
0x993297b60,1743,124,1310,gdn_conv_l2_multi_kernel,80,1,1,128,7.052,1.393,3.143
0x993297b60,1743,124,1311,gdn_ab_multi_kernel,12,1,1,256,16.733,3.157,0.350
0x993297b60,1743,124,1312,native_iq4_xs_expanded_small,1536,1,1,128,65.659,9.990,0.447
0x993297b60,1743,124,1313,gdn_step_norm_multi_kernel,48,1,1,512,28.430,4.547,0.366
0x993297b60,1743,124,1314,native_quantize_q8_1_kernel,24,1,1,256,6.472,1.842,0.348
0x993297b60,1743,124,1315,native_iq4_xs_expanded_large,2560,1,1,128,56.883,6.597,0.343
0x993297b60,1743,124,1316,fused_gr_norm_kernel,1,1,1,256,32.272,6.146,0.365
0x993297b60,1743,124,1317,fused_gr_down_kernel,41,1,1,256,30.592,4.176,0.320
0x993297b60,1743,124,1318,fused_gr_up_kernel,160,1,1,256,37.100,13.787,2.446
0x993297b60,1743,124,1319,bf16_f32_mmvf_kernel,512,1,1,256,13.979,1.673,0.334
0x993297b60,1743,124,1320,route,1,1,1,256,22.425,3.939,0.319
0x993297b60,1743,124,1321,to_bf16_kernel,10,1,1,256,4.201,1.140,0.306
0x993297b60,1743,124,1322,native_quantize_q8_1_kernel,10,1,1,256,6.093,1.901,0.333
0x993297b60,1743,124,1323,native_q6_k_mmvq_kernel_large,640,1,1,128,14.978,3.250,0.881
0x993297b60,1743,124,1324,native_q6_k_mmvq_kernel_large,640,1,1,128,15.131,3.366,0.341
0x993297b60,1743,124,1325,shexp_native_swiglu_kernel,5,1,1,128,5.655,1.363,0.326
0x993297b60,1743,124,1326,native_quantize_q8_1_kernel,3,1,1,256,5.271,1.321,0.322
0x993297b60,1743,124,1327,native_small_mmvq_kernel_iq4_nl_small,640,1,1,128,24.170,3.865,0.331
0x993297b60,1743,124,1328,bf16_f32_mmvf_kernel,1,1,1,256,7.241,3.553,0.321
0x993297b60,1743,124,1329,shexp_native_scalar_sigmoid_kernel,1,1,1,1,4.959,0.962,0.322
0x993297b60,1743,124,1330,shexp_scale_rows_kernel,20,1,1,128,4.346,1.427,0.320
0x993297b60,1743,124,1331,quantize_q8_1_kernel,10,1,1,256,6.047,1.211,0.312
0x993297b60,1743,124,1332,native_resident_gu_22,160,10,1,256,165.733,40.503,0.937
0x993297b60,1743,124,1333,swiglu_entries_kernel,25,1,1,256,6.544,3.517,0.313
0x993297b60,1743,124,1334,quantize_q8_1_kernel,25,1,1,256,5.626,1.337,0.302
0x993297b60,1743,124,1335,native_resident_down_42,320,10,1,256,105.371,26.420,0.330
0x993297b60,1743,124,1336,nmoe_combine_kernel,10,1,1,256,8.549,2.214,0.324
0x993297b60,1743,124,1337,fused_gr_norm_kernel,1,1,1,256,31.485,6.379,0.308
0x993297b60,1743,124,1338,fused_gr_down_kernel,41,1,1,256,32.054,22.066,0.327
0x993297b60,1743,124,1339,fused_gr_up_kernel,160,1,1,256,35.760,9.179,0.317
0x993297b60,1743,124,1340,native_quantize_q8_1_kernel,10,1,1,256,6.026,1.420,0.320
0x993297b60,1743,124,1341,native_iq4_xs_expanded_small,2560,1,1,128,105.141,59.305,0.293
0x993297b60,1743,124,1342,gdn_conv_l2_multi_kernel,80,1,1,128,8.386,5.992,2.587
0x993297b60,1743,124,1343,gdn_ab_multi_kernel,12,1,1,256,17.998,15.636,0.313
0x993297b60,1743,124,1344,mmvq_multi_kernel_21_1,1536,1,1,128,122.773,28.905,0.629
0x993297b60,1743,124,1345,gdn_step_norm_multi_kernel,48,1,1,512,32.724,27.866,0.320
0x993297b60,1743,124,1346,native_quantize_q8_1_kernel,24,1,1,256,7.126,4.462,0.299
0x993297b60,1743,124,1347,native_iq4_xs_expanded_large,2560,1,1,128,56.622,16.379,2.735
0x993297b60,1743,124,1348,fused_gr_norm_kernel,1,1,1,256,32.411,6.654,0.330
0x993297b60,1743,124,1349,fused_gr_down_kernel,41,1,1,256,29.885,2.785,0.308
0x993297b60,1743,124,1350,fused_gr_up_kernel,160,1,1,256,35.265,6.623,0.286
0x993297b60,1743,124,1351,bf16_f32_mmvf_kernel,512,1,1,256,14.075,1.583,0.325
0x993297b60,1743,124,1352,route,1,1,1,256,22.023,3.993,0.331
0x993297b60,1743,124,1353,to_bf16_kernel,10,1,1,256,4.103,1.132,0.320
0x993297b60,1743,124,1354,native_quantize_q8_1_kernel,10,1,1,256,6.111,2.511,0.323
0x993297b60,1743,124,1355,native_iq4_xs_expanded_small,160,1,1,128,20.674,2.575,0.318
0x993297b60,1743,124,1356,mmvq_multi_kernel_21_1,160,1,1,128,49.640,22.112,0.495
0x993297b60,1743,124,1357,shexp_native_swiglu_kernel,5,1,1,128,6.527,10.757,0.309
0x993297b60,1743,124,1358,native_quantize_q8_1_kernel,3,1,1,256,4.912,1.325,0.288
0x993297b60,1743,124,1359,native_small_mmvq_kernel_iq4_nl_small,640,1,1,128,26.911,29.520,0.318
0x993297b60,1743,124,1360,bf16_f32_mmvf_kernel,1,1,1,256,7.412,1.294,324.541
0x993297b60,1743,124,1361,shexp_native_scalar_sigmoid_kernel,1,1,1,1,5.277,2.294,11.600
0x993297b60,1743,124,1362,shexp_scale_rows_kernel,20,1,1,128,4.207,1.609,7.300
0x993297b60,1743,124,1363,quantize_q8_1_kernel,10,1,1,256,6.133,2.356,20.431
0x993297b60,1743,124,1364,native_resident_gu_29,160,10,1,256,152.017,45.268,43.018
0x993297b60,1743,124,1365,swiglu_entries_kernel,25,1,1,256,6.088,3.535,0.423
0x993297b60,1743,124,1366,quantize_q8_1_kernel,25,1,1,256,5.203,1.407,0.396
0x993297b60,1743,124,1367,native_resident_down_42,320,10,1,256,104.544,25.222,0.749
0x993297b60,1743,124,1368,nmoe_combine_kernel,10,1,1,256,8.707,1.790,0.312
0x993297b60,1743,124,1369,fused_gr_norm_kernel,1,1,1,256,31.533,5.860,0.304
0x993297b60,1743,124,1370,fused_gr_down_kernel,41,1,1,256,30.410,2.802,0.328
0x993297b60,1743,124,1371,fused_gr_up_kernel,160,1,1,256,34.964,6.233,1.632
0x993297b60,1743,124,1372,native_quantize_q8_1_kernel,10,1,1,256,5.478,1.176,0.330
0x993297b60,1743,124,1373,native_iq4_xs_expanded_small,2560,1,1,128,99.804,13.674,0.313
0x993297b60,1743,124,1374,gdn_conv_l2_multi_kernel,80,1,1,128,7.188,1.865,0.367
0x993297b60,1743,124,1375,gdn_ab_multi_kernel,12,1,1,256,16.133,2.787,0.332
0x993297b60,1743,124,1376,native_iq4_xs_expanded_small,1536,1,1,128,63.998,8.386,0.316
0x993297b60,1743,124,1377,gdn_step_norm_multi_kernel,48,1,1,512,29.977,25.589,0.321
0x993297b60,1743,124,1378,native_quantize_q8_1_kernel,24,1,1,256,7.895,15.709,0.325
0x993297b60,1743,124,1379,native_iq4_xs_expanded_large,2560,1,1,128,55.068,6.361,0.319
0x993297b60,1743,124,1380,fused_gr_norm_kernel,1,1,1,256,31.920,6.054,0.347
0x993297b60,1743,124,1381,fused_gr_down_kernel,41,1,1,256,31.828,21.633,0.308
0x993297b60,1743,124,1382,fused_gr_up_kernel,160,1,1,256,35.128,5.857,0.311
0x993297b60,1743,124,1383,bf16_f32_mmvf_kernel,512,1,1,256,14.214,3.576,0.331
0x993297b60,1743,124,1384,route,1,1,1,256,22.228,3.692,0.319
0x993297b60,1743,124,1385,to_bf16_kernel,10,1,1,256,4.066,1.203,0.305
0x993297b60,1743,124,1386,native_quantize_q8_1_kernel,10,1,1,256,5.903,1.286,0.323
0x993297b60,1743,124,1387,native_iq4_xs_expanded_small,160,1,1,128,20.082,2.469,0.321
0x993297b60,1743,124,1388,native_iq4_xs_expanded_small,160,1,1,128,14.723,2.808,0.322
0x993297b60,1743,124,1389,shexp_native_swiglu_kernel,5,1,1,128,8.467,22.152,0.300
0x993297b60,1743,124,1390,native_quantize_q8_1_kernel,3,1,1,256,5.079,1.407,2.709
0x993297b60,1743,124,1391,native_small_mmvq_kernel_iq4_nl_small,640,1,1,128,23.632,3.510,0.323
0x993297b60,1743,124,1392,bf16_f32_mmvf_kernel,1,1,1,256,6.939,3.179,0.315
0x993297b60,1743,124,1393,shexp_native_scalar_sigmoid_kernel,1,1,1,1,4.870,0.851,0.306
0x993297b60,1743,124,1394,shexp_scale_rows_kernel,20,1,1,128,4.488,1.416,0.321
0x993297b60,1743,124,1395,quantize_q8_1_kernel,10,1,1,256,5.897,1.332,0.581
0x993297b60,1743,124,1396,native_resident_gu_22,160,10,1,256,165.312,40.147,0.327
0x993297b60,1743,124,1397,swiglu_entries_kernel,25,1,1,256,6.305,2.880,0.311
0x993297b60,1743,124,1398,quantize_q8_1_kernel,25,1,1,256,5.537,1.192,0.293
0x993297b60,1743,124,1399,native_resident_down_42,320,10,1,256,104.049,24.551,1.030
0x993297b60,1743,124,1400,nmoe_combine_kernel,10,1,1,256,8.649,2.132,0.320
0x993297b60,1743,124,1401,fused_gr_norm_kernel,1,1,1,256,30.971,5.903,0.307
0x993297b60,1743,124,1402,fused_gr_down_kernel,41,1,1,256,30.369,2.686,0.317
0x993297b60,1743,124,1403,fused_gr_up_kernel,160,1,1,256,35.296,6.023,0.671
0x993297b60,1743,124,1404,native_quantize_q8_1_kernel,10,1,1,256,6.066,1.315,0.332
0x993297b60,1743,124,1405,bf16_f32_mmvf_kernel,128,1,1,256,8.208,1.453,0.300
0x993297b60,1743,124,1406,native_iq4_xs_expanded_small,128,1,1,128,20.369,2.484,0.301
0x993297b60,1743,124,1407,native_q6_k_mmvq_kernel_large,512,1,1,128,13.205,2.706,0.325
0x993297b60,1743,124,1408,nqs_norm_kernel,2,1,1,256,6.661,1.442,0.311
0x993297b60,1743,124,1409,native_rope_apply_kernel,1,2,1,128,11.201,1.761,0.919
0x993297b60,1743,124,1410,copy_from_mapped_kernel,1,1,1,256,5.147,1.416,0.311
0x993297b60,1743,124,1411,kv_append_kernel,2,1,1,256,13.389,2.252,0.317
0x993297b60,1743,124,1412,nqsi_append_kernel,1,1,1,256,9.989,3.244,0.316
0x993297b60,1743,124,1413,native_iq4_xs_expanded_small,3072,1,1,128,110.201,15.824,0.306
0x993297b60,1743,124,1414,runtime_copy2d16,1,24,1,128,5.146,1.631,0.423
0x993297b60,1743,124,1415,nqs_norm_kernel,24,1,1,256,6.126,1.310,0.315
0x993297b60,1743,124,1416,native_rope_apply_kernel,1,24,1,128,10.609,1.989,0.319
0x993297b60,1743,124,1417,bf16_f32_mmvf_kernel,512,1,1,256,14.002,1.694,0.576
0x993297b60,1743,124,1418,nqs_norm_kernel,4,1,1,256,5.813,1.540,0.646
0x993297b60,1743,124,1419,native_rope_apply_kernel,1,4,1,128,7.743,1.738,0.310
0x993297b60,1743,124,1420,block_scores_multi_kernel,256,1,1,256,15.020,2.921,0.661
0x993297b60,1743,124,1421,block_topk_kernel,1,1,1,256,92.130,23.814,0.304
0x993297b60,1743,124,1422,attn_chunk_kernel_m0,33,2,1,256,121.430,27.827,2.778
0x993297b60,1743,124,1423,attn_merge_kernel,24,1,1,256,36.639,7.061,0.328
0x993297b60,1743,124,1424,nqs_gate_kernel,24,1,1,256,8.098,1.767,0.326
0x993297b60,1743,124,1425,native_quantize_q8_1_kernel,24,1,1,256,5.813,1.124,0.315
0x993297b60,1743,124,1426,native_iq4_xs_expanded_large,2560,1,1,128,55.302,5.839,0.385
0x993297b60,1743,124,1427,fused_gr_norm_kernel,1,1,1,256,31.958,5.893,2.783
0x993297b60,1743,124,1428,fused_gr_down_kernel,41,1,1,256,30.025,3.188,0.535
0x993297b60,1743,124,1429,fused_gr_up_kernel,160,1,1,256,36.735,15.043,0.292
0x993297b60,1743,124,1430,bf16_f32_mmvf_kernel,512,1,1,256,14.279,3.498,0.296
0x993297b60,1743,124,1431,route,1,1,1,256,21.787,3.844,0.318
0x993297b60,1743,124,1432,to_bf16_kernel,10,1,1,256,6.365,18.123,0.321
0x993297b60,1743,124,1433,native_quantize_q8_1_kernel,10,1,1,256,5.908,1.233,0.314
0x993297b60,1743,124,1434,native_iq4_xs_expanded_small,160,1,1,128,20.359,2.935,0.589
0x993297b60,1743,124,1435,native_iq4_xs_expanded_small,160,1,1,128,14.789,4.593,0.434
0x993297b60,1743,124,1436,shexp_native_swiglu_kernel,5,1,1,128,5.845,1.757,0.582
0x993297b60,1743,124,1437,native_quantize_q8_1_kernel,3,1,1,256,5.135,1.762,0.439
0x993297b60,1743,124,1438,native_small_mmvq_kernel_iq4_nl_small,640,1,1,128,23.742,4.008,0.512
0x993297b60,1743,124,1439,bf16_f32_mmvf_kernel,1,1,1,256,6.746,1.417,0.346
0x993297b60,1743,124,1440,shexp_native_scalar_sigmoid_kernel,1,1,1,1,6.139,6.073,323.299
0x993297b60,1743,124,1441,shexp_scale_rows_kernel,20,1,1,128,6.541,26.797,23.971
0x993297b60,1743,124,1442,quantize_q8_1_kernel,10,1,1,256,6.131,1.908,5.989
0x993297b60,1743,124,1443,native_resident_gu_22,160,10,1,256,165.981,44.682,58.471
0x993297b60,1743,124,1444,swiglu_entries_kernel,25,1,1,256,5.669,1.331,0.325
0x993297b60,1743,124,1445,quantize_q8_1_kernel,25,1,1,256,5.585,1.316,2.493
0x993297b60,1743,124,1446,native_resident_down_42,320,10,1,256,104.841,25.772,3.226
0x993297b60,1743,124,1447,nmoe_combine_kernel,10,1,1,256,8.863,2.218,0.330
0x993297b60,1743,124,1448,fused_gr_norm_kernel,1,1,1,256,31.723,6.280,0.331
0x993297b60,1743,124,1449,fused_gr_down_kernel,41,1,1,256,30.400,3.106,0.316
0x993297b60,1743,124,1450,fused_gr_up_kernel,160,1,1,256,35.344,6.526,0.703
0x993297b60,1743,124,1451,native_quantize_q8_1_kernel,10,1,1,256,5.663,1.261,0.320
0x993297b60,1743,124,1452,mmvq_multi_kernel_21_1,2560,1,1,128,165.866,41.083,0.326
0x993297b60,1743,124,1453,gdn_conv_l2_multi_kernel,80,1,1,128,8.466,13.356,0.614
0x993297b60,1743,124,1454,gdn_ab_multi_kernel,12,1,1,256,16.128,3.222,0.315
0x993297b60,1743,124,1455,native_iq4_xs_expanded_small,1536,1,1,128,65.961,9.167,0.339
0x993297b60,1743,124,1456,gdn_step_norm_multi_kernel,48,1,1,512,28.032,4.360,0.360
0x993297b60,1743,124,1457,native_quantize_q8_1_kernel,24,1,1,256,6.446,1.835,0.327
0x993297b60,1743,124,1458,mmvq_multi_kernel_21_1,640,1,1,128,116.350,28.925,0.336
0x993297b60,1743,124,1459,fused_gr_norm_kernel,1,1,1,256,31.579,6.232,0.339
0x993297b60,1743,124,1460,fused_gr_down_kernel,41,1,1,256,30.933,3.904,0.340
0x993297b60,1743,124,1461,fused_gr_up_kernel,160,1,1,256,35.764,7.043,0.311
0x993297b60,1743,124,1462,bf16_f32_mmvf_kernel,512,1,1,256,13.960,1.962,0.311
0x993297b60,1743,124,1463,route,1,1,1,256,22.130,3.988,0.325
0x993297b60,1743,124,1464,to_bf16_kernel,10,1,1,256,4.211,1.331,0.323
0x993297b60,1743,124,1465,native_quantize_q8_1_kernel,10,1,1,256,5.688,1.288,0.311
0x993297b60,1743,124,1466,native_iq4_xs_expanded_small,160,1,1,128,20.460,2.921,0.333
0x993297b60,1743,124,1467,mmvq_multi_kernel_21_1,160,1,1,128,46.639,11.088,0.333
0x993297b60,1743,124,1468,shexp_native_swiglu_kernel,5,1,1,128,5.977,2.212,0.340
0x993297b60,1743,124,1469,native_quantize_q8_1_kernel,3,1,1,256,4.852,1.108,0.315
0x993297b60,1743,124,1470,native_small_mmvq_kernel_iq4_nl_small,640,1,1,128,23.771,4.368,2.462
0x993297b60,1743,124,1471,bf16_f32_mmvf_kernel,1,1,1,256,6.653,1.421,0.345
0x993297b60,1743,124,1472,shexp_native_scalar_sigmoid_kernel,1,1,1,1,5.080,1.219,0.325
0x993297b60,1743,124,1473,shexp_scale_rows_kernel,20,1,1,128,4.472,1.359,0.587
0x993297b60,1743,124,1474,quantize_q8_1_kernel,10,1,1,256,6.078,1.435,0.329
0x993297b60,1743,124,1475,native_resident_gu_22,160,10,1,256,164.158,39.414,0.496
0x993297b60,1743,124,1476,swiglu_entries_kernel,25,1,1,256,6.001,1.608,0.351
0x993297b60,1743,124,1477,quantize_q8_1_kernel,25,1,1,256,6.044,2.123,0.315
0x993297b60,1743,124,1478,native_resident_down_42,320,10,1,256,104.523,25.683,0.320
0x993297b60,1743,124,1479,nmoe_combine_kernel,10,1,1,256,9.079,1.952,0.345
0x993297b60,1743,124,1480,fused_gr_norm_kernel,1,1,1,256,31.128,6.442,0.332
0x993297b60,1743,124,1481,fused_gr_down_kernel,41,1,1,256,30.071,4.068,0.319
0x993297b60,1743,124,1482,fused_gr_up_kernel,160,1,1,256,35.783,6.909,0.336
0x993297b60,1743,124,1483,native_quantize_q8_1_kernel,10,1,1,256,6.148,1.671,0.330
0x993297b60,1743,124,1484,native_iq4_xs_expanded_small,2560,1,1,128,101.326,16.417,0.322
0x993297b60,1743,124,1485,gdn_conv_l2_multi_kernel,80,1,1,128,7.553,1.863,0.375
0x993297b60,1743,124,1486,gdn_ab_multi_kernel,12,1,1,256,16.846,3.331,0.311
0x993297b60,1743,124,1487,native_iq4_xs_expanded_small,1536,1,1,128,68.891,23.503,0.341
0x993297b60,1743,124,1488,gdn_step_norm_multi_kernel,48,1,1,512,28.608,5.454,0.377
0x993297b60,1743,124,1489,native_quantize_q8_1_kernel,24,1,1,256,6.416,1.767,0.325
0x993297b60,1743,124,1490,mmvq_multi_kernel_21_1,640,1,1,128,119.994,38.551,0.348
0x993297b60,1743,124,1491,fused_gr_norm_kernel,1,1,1,256,32.224,6.391,0.344
0x993297b60,1743,124,1492,fused_gr_down_kernel,41,1,1,256,30.319,4.338,0.339
0x993297b60,1743,124,1493,fused_gr_up_kernel,160,1,1,256,35.753,7.277,0.304
0x993297b60,1743,124,1494,bf16_f32_mmvf_kernel,512,1,1,256,14.227,1.991,0.303
0x993297b60,1743,124,1495,route,1,1,1,256,22.009,4.347,0.327
0x993297b60,1743,124,1496,to_bf16_kernel,10,1,1,256,4.638,1.641,0.323
0x993297b60,1743,124,1497,native_quantize_q8_1_kernel,10,1,1,256,5.739,1.179,0.313
0x993297b60,1743,124,1498,native_iq4_xs_expanded_small,160,1,1,128,20.915,3.104,0.334
0x993297b60,1743,124,1499,native_q6_k_mmvq_kernel_large,640,1,1,128,15.409,3.504,0.329
0x993297b60,1743,124,1500,shexp_native_swiglu_kernel,5,1,1,128,5.724,2.021,0.337
0x993297b60,1743,124,1501,native_quantize_q8_1_kernel,3,1,1,256,5.112,1.325,0.319
0x993297b60,1743,124,1502,native_small_mmvq_kernel_iq4_nl_small,640,1,1,128,24.046,4.246,2.565
0x993297b60,1743,124,1503,bf16_f32_mmvf_kernel,1,1,1,256,6.911,1.529,0.851
0x993297b60,1743,124,1504,shexp_native_scalar_sigmoid_kernel,1,1,1,1,5.018,1.134,0.818
0x993297b60,1743,124,1505,shexp_scale_rows_kernel,20,1,1,128,4.415,1.506,1.247
0x993297b60,1743,124,1506,quantize_q8_1_kernel,10,1,1,256,6.392,2.424,0.675
0x993297b60,1743,124,1507,native_resident_gu_22,160,10,1,256,163.441,41.208,0.738
0x993297b60,1743,124,1508,swiglu_entries_kernel,25,1,1,256,6.563,2.327,1.193
0x993297b60,1743,124,1509,quantize_q8_1_kernel,25,1,1,256,5.412,1.298,0.307
0x993297b60,1743,124,1510,native_resident_down_42,320,10,1,256,104.231,26.860,0.558
0x993297b60,1743,124,1511,nmoe_combine_kernel,10,1,1,256,8.380,2.197,0.320
0x993297b60,1743,124,1512,fused_gr_norm_kernel,1,1,1,256,31.408,6.412,0.321
0x993297b60,1743,124,1513,fused_gr_down_kernel,41,1,1,256,32.096,22.928,0.328
0x993297b60,1743,124,1514,fused_gr_up_kernel,160,1,1,256,37.149,21.270,0.307
0x993297b60,1743,124,1515,native_quantize_q8_1_kernel,10,1,1,256,6.021,2.782,0.312
0x993297b60,1743,124,1516,native_iq4_xs_expanded_small,2560,1,1,128,99.735,16.580,0.637
0x993297b60,1743,124,1517,gdn_conv_l2_multi_kernel,80,1,1,128,7.522,1.656,0.390
0x993297b60,1743,124,1518,gdn_ab_multi_kernel,12,1,1,256,16.540,3.112,0.561
0x993297b60,1743,124,1519,native_iq4_xs_expanded_small,1536,1,1,128,65.864,9.946,0.487
0x993297b60,1743,124,1520,gdn_step_norm_multi_kernel,48,1,1,512,28.557,7.387,327.289
0x993297b60,1743,124,1521,native_quantize_q8_1_kernel,24,1,1,256,7.595,13.019,16.176
0x993297b60,1743,124,1522,native_iq4_xs_expanded_large,2560,1,1,128,56.283,10.349,6.599
0x993297b60,1743,124,1523,fused_gr_norm_kernel,1,1,1,256,32.183,6.278,10.373
0x993297b60,1743,124,1524,fused_gr_down_kernel,41,1,1,256,30.231,3.072,1.292
0x993297b60,1743,124,1525,fused_gr_up_kernel,160,1,1,256,35.587,7.055,3.983
0x993297b60,1743,124,1526,bf16_f32_mmvf_kernel,512,1,1,256,13.791,1.709,1.914
0x993297b60,1743,124,1527,route,1,1,1,256,22.258,4.214,0.323
0x993297b60,1743,124,1528,to_bf16_kernel,10,1,1,256,3.770,0.932,0.776
0x993297b60,1743,124,1529,native_quantize_q8_1_kernel,10,1,1,256,5.847,1.276,0.550
0x993297b60,1743,124,1530,native_q6_k_mmvq_kernel_large,640,1,1,128,14.898,3.318,2.043
0x993297b60,1743,124,1531,native_iq4_xs_expanded_small,160,1,1,128,20.956,5.266,3.460
0x993297b60,1743,124,1532,shexp_native_swiglu_kernel,5,1,1,128,5.389,1.260,0.327
0x993297b60,1743,124,1533,native_quantize_q8_1_kernel,3,1,1,256,5.160,4.108,1.280
0x993297b60,1743,124,1534,native_small_mmvq_kernel_iq4_nl_small,640,1,1,128,23.859,4.106,2.731
0x993297b60,1743,124,1535,bf16_f32_mmvf_kernel,1,1,1,256,6.725,1.691,0.534
0x993297b60,1743,124,1536,shexp_native_scalar_sigmoid_kernel,1,1,1,1,4.803,0.914,2.758
0x993297b60,1743,124,1537,shexp_scale_rows_kernel,20,1,1,128,4.206,1.054,1.323
0x993297b60,1743,124,1538,quantize_q8_1_kernel,10,1,1,256,5.822,1.194,3.363
0x993297b60,1743,124,1539,native_resident_gu_22,160,10,1,256,164.152,42.696,2.583
0x993297b60,1743,124,1540,swiglu_entries_kernel,25,1,1,256,5.893,3.865,0.325
0x993297b60,1743,124,1541,quantize_q8_1_kernel,25,1,1,256,5.462,1.204,0.314
0x993297b60,1743,124,1542,native_resident_down_42,320,10,1,256,103.532,25.529,0.303
0x993297b60,1743,124,1543,nmoe_combine_kernel,10,1,1,256,8.315,1.661,0.326
0x993297b60,1743,124,1544,fused_gr_norm_kernel,1,1,1,256,31.258,5.873,0.315
0x993297b60,1743,124,1545,fused_gr_down_kernel,41,1,1,256,31.910,2.624,0.327
0x993297b60,1743,124,1546,fused_gr_up_kernel,160,1,1,256,34.470,6.401,0.294
0x993297b60,1743,124,1547,native_quantize_q8_1_kernel,10,1,1,256,5.740,1.326,0.301
0x993297b60,1743,124,1548,bf16_f32_mmvf_kernel,128,1,1,256,7.969,1.315,0.316
0x993297b60,1743,124,1549,native_iq4_xs_expanded_small,128,1,1,128,19.687,3.127,0.318
0x993297b60,1743,124,1550,native_iq4_xs_expanded_small,128,1,1,128,13.752,2.829,2.259
0x993297b60,1743,124,1551,nqs_norm_kernel,2,1,1,256,6.661,1.686,0.317
0x993297b60,1743,124,1552,native_rope_apply_kernel,1,2,1,128,11.195,1.906,0.325
0x993297b60,1743,124,1553,copy_from_mapped_kernel,1,1,1,256,5.329,1.525,0.374
0x993297b60,1743,124,1554,kv_append_kernel,2,1,1,256,13.631,2.350,0.307
0x993297b60,1743,124,1555,nqsi_append_kernel,1,1,1,256,9.942,3.305,0.309
0x993297b60,1743,124,1556,native_iq4_xs_expanded_small,3072,1,1,128,110.261,17.037,0.549
0x993297b60,1743,124,1557,runtime_copy2d16,1,24,1,128,4.779,1.542,0.418
0x993297b60,1743,124,1558,nqs_norm_kernel,24,1,1,256,6.292,1.821,0.292
0x993297b60,1743,124,1559,native_rope_apply_kernel,1,24,1,128,11.219,2.164,0.324
0x993297b60,1743,124,1560,bf16_f32_mmvf_kernel,512,1,1,256,14.162,2.136,0.319
0x993297b60,1743,124,1561,nqs_norm_kernel,4,1,1,256,9.523,44.254,0.320
0x993297b60,1743,124,1562,native_rope_apply_kernel,1,4,1,128,7.702,1.880,0.346
0x993297b60,1743,124,1563,block_scores_multi_kernel,256,1,1,256,14.918,3.021,0.310
0x993297b60,1743,124,1564,block_topk_kernel,1,1,1,256,94.628,23.466,0.332
0x993297b60,1743,124,1565,attn_chunk_kernel_m0,33,2,1,256,120.753,27.310,0.321
0x993297b60,1743,124,1566,attn_merge_kernel,24,1,1,256,37.120,8.040,0.318
0x993297b60,1743,124,1567,nqs_gate_kernel,24,1,1,256,8.264,2.020,0.313
0x993297b60,1743,124,1568,native_quantize_q8_1_kernel,24,1,1,256,5.898,1.250,0.307
0x993297b60,1743,124,1569,native_iq4_xs_expanded_large,2560,1,1,128,56.416,6.741,0.316
0x993297b60,1743,124,1570,fused_gr_norm_kernel,1,1,1,256,31.930,6.465,0.325
0x993297b60,1743,124,1571,fused_gr_down_kernel,41,1,1,256,30.301,3.540,0.306
0x993297b60,1743,124,1572,fused_gr_up_kernel,160,1,1,256,35.460,6.940,0.322
0x993297b60,1743,124,1573,bf16_f32_mmvf_kernel,512,1,1,256,13.874,1.827,0.321
0x993297b60,1743,124,1574,route,1,1,1,256,21.867,4.238,0.318
0x993297b60,1743,124,1575,to_bf16_kernel,10,1,1,256,4.402,1.405,0.328
0x993297b60,1743,124,1576,native_quantize_q8_1_kernel,10,1,1,256,5.742,1.397,0.330
0x993297b60,1743,124,1577,mmvq_multi_kernel_21_1,160,1,1,128,47.234,11.841,0.335
0x993297b60,1743,124,1578,native_iq4_xs_expanded_small,160,1,1,128,21.667,2.996,0.306
0x993297b60,1743,124,1579,shexp_native_swiglu_kernel,5,1,1,128,5.637,1.681,0.300
0x993297b60,1743,124,1580,native_quantize_q8_1_kernel,3,1,1,256,5.001,1.242,0.324
0x993297b60,1743,124,1581,native_small_mmvq_kernel_iq4_nl_small,640,1,1,128,23.830,4.210,0.325
0x993297b60,1743,124,1582,bf16_f32_mmvf_kernel,1,1,1,256,6.866,1.516,2.469
0x993297b60,1743,124,1583,shexp_native_scalar_sigmoid_kernel,1,1,1,1,4.950,1.102,0.329
0x993297b60,1743,124,1584,shexp_scale_rows_kernel,20,1,1,128,4.600,1.663,0.323
0x993297b60,1743,124,1585,quantize_q8_1_kernel,10,1,1,256,5.949,1.235,0.324
0x993297b60,1743,124,1586,native_resident_gu_22,160,10,1,256,166.175,43.651,0.795
0x993297b60,1743,124,1587,swiglu_entries_kernel,25,1,1,256,6.503,1.934,0.314
0x993297b60,1743,124,1588,quantize_q8_1_kernel,25,1,1,256,5.627,1.389,0.333
0x993297b60,1743,124,1589,native_resident_down_42,320,10,1,256,106.404,27.969,0.319
0x993297b60,1743,124,1590,nmoe_combine_kernel,10,1,1,256,8.938,2.035,0.317
0x993297b60,1743,124,1591,fused_gr_norm_kernel,1,1,1,256,31.018,6.458,0.318
0x993297b60,1743,124,1592,fused_gr_down_kernel,41,1,1,256,29.997,3.105,0.315
0x993297b60,1743,124,1593,fused_gr_up_kernel,160,1,1,256,35.137,6.725,0.319
0x993297b60,1743,124,1594,native_quantize_q8_1_kernel,10,1,1,256,6.244,1.512,0.305
0x993297b60,1743,124,1595,native_iq4_xs_expanded_small,2560,1,1,128,100.775,17.979,0.307
0x993297b60,1743,124,1596,gdn_conv_l2_multi_kernel,80,1,1,128,7.751,1.728,3.194
0x993297b60,1743,124,1597,gdn_ab_multi_kernel,12,1,1,256,16.678,3.282,0.317
0x993297b60,1743,124,1598,native_iq4_xs_expanded_small,1536,1,1,128,66.515,26.986,0.583
0x993297b60,1743,124,1599,gdn_step_norm_multi_kernel,48,1,1,512,28.369,5.934,0.335
0x993297b60,1743,124,1600,native_quantize_q8_1_kernel,24,1,1,256,6.763,3.071,326.092
0x993297b60,1743,124,1601,native_iq4_xs_expanded_large,2560,1,1,128,55.281,8.040,15.542
0x993297b60,1743,124,1602,fused_gr_norm_kernel,1,1,1,256,32.444,6.918,0.377
0x993297b60,1743,124,1603,fused_gr_down_kernel,41,1,1,256,29.837,3.594,11.663
0x993297b60,1743,124,1604,fused_gr_up_kernel,160,1,1,256,35.234,7.844,2.562
0x993297b60,1743,124,1605,bf16_f32_mmvf_kernel,512,1,1,256,14.140,2.149,3.240
0x993297b60,1743,124,1606,route,1,1,1,256,22.059,4.254,0.318
0x993297b60,1743,124,1607,to_bf16_kernel,10,1,1,256,3.992,1.152,0.341
0x993297b60,1743,124,1608,native_quantize_q8_1_kernel,10,1,1,256,5.531,1.321,0.327
0x993297b60,1743,124,1609,native_q6_k_mmvq_kernel_large,640,1,1,128,15.100,3.559,4.394
0x993297b60,1743,124,1610,native_iq4_xs_expanded_small,160,1,1,128,20.801,2.877,2.526
0x993297b60,1743,124,1611,shexp_native_swiglu_kernel,5,1,1,128,5.474,1.256,0.307
0x993297b60,1743,124,1612,native_quantize_q8_1_kernel,3,1,1,256,4.804,1.090,1.068
0x993297b60,1743,124,1613,native_small_mmvq_kernel_iq4_nl_small,640,1,1,128,25.841,24.469,4.163
0x993297b60,1743,124,1614,bf16_f32_mmvf_kernel,1,1,1,256,6.807,4.240,0.366
0x993297b60,1743,124,1615,shexp_native_scalar_sigmoid_kernel,1,1,1,1,5.099,1.285,0.324
0x993297b60,1743,124,1616,shexp_scale_rows_kernel,20,1,1,128,4.211,1.158,2.557
0x993297b60,1743,124,1617,quantize_q8_1_kernel,10,1,1,256,5.975,1.835,2.982
0x993297b60,1743,124,1618,native_resident_gu_22,160,10,1,256,167.052,53.222,5.481
0x993297b60,1743,124,1619,swiglu_entries_kernel,25,1,1,256,6.896,14.649,0.311
0x993297b60,1743,124,1620,quantize_q8_1_kernel,25,1,1,256,5.538,1.446,0.329
0x993297b60,1743,124,1621,native_resident_down_42,320,10,1,256,105.495,27.625,0.322
0x993297b60,1743,124,1622,nmoe_combine_kernel,10,1,1,256,8.418,1.829,0.307
0x993297b60,1743,124,1623,fused_gr_norm_kernel,1,1,1,256,33.076,15.600,0.330
0x993297b60,1743,124,1624,fused_gr_down_kernel,41,1,1,256,29.829,3.069,1.971
0x993297b60,1743,124,1625,fused_gr_up_kernel,160,1,1,256,34.944,6.778,0.329
0x993297b60,1743,124,1626,native_quantize_q8_1_kernel,10,1,1,256,5.700,1.421,0.316
0x993297b60,1743,124,1627,native_iq4_xs_expanded_small,2560,1,1,128,101.115,29.464,0.312
0x993297b60,1743,124,1628,gdn_conv_l2_multi_kernel,80,1,1,128,7.196,1.781,0.366
0x993297b60,1743,124,1629,gdn_ab_multi_kernel,12,1,1,256,16.738,3.180,0.319
0x993297b60,1743,124,1630,native_q6_k_mmvq_kernel_large,6144,1,1,128,92.003,24.556,2.401
0x993297b60,1743,124,1631,gdn_step_norm_multi_kernel,48,1,1,512,28.006,4.599,0.350
0x993297b60,1743,124,1632,native_quantize_q8_1_kernel,24,1,1,256,9.552,24.137,0.320
0x993297b60,1743,124,1633,native_iq4_xs_expanded_large,2560,1,1,128,55.758,8.670,0.320
0x993297b60,1743,124,1634,fused_gr_norm_kernel,1,1,1,256,31.861,6.425,0.329
0x993297b60,1743,124,1635,fused_gr_down_kernel,41,1,1,256,30.461,3.020,0.295
0x993297b60,1743,124,1636,fused_gr_up_kernel,160,1,1,256,35.558,6.762,0.319
0x993297b60,1743,124,1637,bf16_f32_mmvf_kernel,512,1,1,256,18.217,44.136,0.316
0x993297b60,1743,124,1638,route,1,1,1,256,22.415,7.090,0.303
0x993297b60,1743,124,1639,to_bf16_kernel,10,1,1,256,4.615,2.094,0.328
0x993297b60,1743,124,1640,native_quantize_q8_1_kernel,10,1,1,256,5.968,2.033,0.324
0x993297b60,1743,124,1641,native_iq4_xs_expanded_small,160,1,1,128,20.973,3.065,0.333
0x993297b60,1743,124,1642,mmvq_multi_kernel_21_1,160,1,1,128,48.380,12.006,0.308
0x993297b60,1743,124,1643,shexp_native_swiglu_kernel,5,1,1,128,5.753,1.519,0.310
0x993297b60,1743,124,1644,native_quantize_q8_1_kernel,3,1,1,256,5.041,1.589,0.326
0x993297b60,1743,124,1645,native_small_mmvq_kernel_iq4_nl_small,640,1,1,128,24.010,4.039,0.308
0x993297b60,1743,124,1646,bf16_f32_mmvf_kernel,1,1,1,256,6.682,1.378,0.305
0x993297b60,1743,124,1647,shexp_native_scalar_sigmoid_kernel,1,1,1,1,4.918,1.014,0.329
0x993297b60,1743,124,1648,shexp_scale_rows_kernel,20,1,1,128,4.584,1.750,0.322
0x993297b60,1743,124,1649,quantize_q8_1_kernel,10,1,1,256,5.928,1.236,0.329
0x993297b60,1743,124,1650,native_resident_gu_22,160,10,1,256,166.058,43.670,0.314
0x993297b60,1743,124,1651,swiglu_entries_kernel,25,1,1,256,6.693,3.563,0.325
0x993297b60,1743,124,1652,quantize_q8_1_kernel,25,1,1,256,5.629,1.484,0.338
0x993297b60,1743,124,1653,native_resident_down_42,320,10,1,256,111.215,57.138,0.312
0x993297b60,1743,124,1654,nmoe_combine_kernel,10,1,1,256,8.729,2.491,0.319
0x993297b60,1743,124,1655,fused_gr_norm_kernel,1,1,1,256,32.966,16.373,0.318
0x993297b60,1743,124,1656,fused_gr_down_kernel,41,1,1,256,29.619,3.634,0.318
0x993297b60,1743,124,1657,fused_gr_up_kernel,160,1,1,256,35.382,7.065,0.320
0x993297b60,1743,124,1658,native_quantize_q8_1_kernel,10,1,1,256,6.238,2.433,0.314
0x993297b60,1743,124,1659,native_iq4_xs_expanded_small,2560,1,1,128,99.469,16.706,0.304
0x993297b60,1743,124,1660,gdn_conv_l2_multi_kernel,80,1,1,128,7.615,1.908,0.409
0x993297b60,1743,124,1661,gdn_ab_multi_kernel,12,1,1,256,16.812,3.371,0.323
0x993297b60,1743,124,1662,native_iq4_xs_expanded_small,1536,1,1,128,63.530,10.452,3.392
0x993297b60,1743,124,1663,gdn_step_norm_multi_kernel,48,1,1,512,28.041,4.477,0.346
0x993297b60,1743,124,1664,native_quantize_q8_1_kernel,24,1,1,256,6.493,1.749,0.315
0x993297b60,1743,124,1665,native_iq4_xs_expanded_large,2560,1,1,128,55.223,6.697,0.325
0x993297b60,1743,124,1666,fused_gr_norm_kernel,1,1,1,256,31.960,6.565,0.334
0x993297b60,1743,124,1667,fused_gr_down_kernel,41,1,1,256,29.789,3.346,0.307
0x993297b60,1743,124,1668,fused_gr_up_kernel,160,1,1,256,35.574,6.976,0.311
0x993297b60,1743,124,1669,bf16_f32_mmvf_kernel,512,1,1,256,14.685,2.346,0.316
0x993297b60,1743,124,1670,route,1,1,1,256,21.919,4.102,0.309
0x993297b60,1743,124,1671,to_bf16_kernel,10,1,1,256,4.461,1.626,0.333
0x993297b60,1743,124,1672,native_quantize_q8_1_kernel,10,1,1,256,5.838,1.213,0.324
0x993297b60,1743,124,1673,native_iq4_xs_expanded_small,160,1,1,128,20.835,3.040,0.333
0x993297b60,1743,124,1674,native_iq4_xs_expanded_small,160,1,1,128,16.257,14.171,0.305
0x993297b60,1743,124,1675,shexp_native_swiglu_kernel,5,1,1,128,5.588,1.429,0.308
0x993297b60,1743,124,1676,native_quantize_q8_1_kernel,3,1,1,256,5.247,3.072,3.850
0x993297b60,1743,124,1677,native_small_mmvq_kernel_iq4_nl_small,640,1,1,128,23.773,4.203,0.874
0x993297b60,1743,124,1678,bf16_f32_mmvf_kernel,1,1,1,256,6.729,1.536,0.649
0x993297b60,1743,124,1679,shexp_native_scalar_sigmoid_kernel,1,1,1,1,5.089,1.105,0.567
0x993297b60,1743,124,1680,shexp_scale_rows_kernel,20,1,1,128,4.574,1.036,318.383
0x993297b60,1743,124,1681,quantize_q8_1_kernel,10,1,1,256,6.186,2.232,12.505
0x993297b60,1743,124,1682,native_resident_gu_22,160,10,1,256,163.830,40.845,27.827
0x993297b60,1743,124,1683,swiglu_entries_kernel,25,1,1,256,7.629,23.093,10.502
0x993297b60,1743,124,1684,quantize_q8_1_kernel,25,1,1,256,5.651,1.887,0.653
0x993297b60,1743,124,1685,native_resident_down_42,320,10,1,256,105.663,27.767,1.127
0x993297b60,1743,124,1686,nmoe_combine_kernel,10,1,1,256,8.910,2.039,0.307
0x993297b60,1743,124,1687,fused_gr_norm_kernel,1,1,1,256,31.364,6.416,3.631
0x993297b60,1743,124,1688,fused_gr_down_kernel,41,1,1,256,31.822,23.898,0.323
0x993297b60,1743,124,1689,fused_gr_up_kernel,160,1,1,256,35.104,7.235,1.036
0x993297b60,1743,124,1690,native_quantize_q8_1_kernel,10,1,1,256,5.831,2.226,4.776
0x993297b60,1743,124,1691,bf16_f32_mmvf_kernel,128,1,1,256,8.190,1.364,0.310
0x993297b60,1743,124,1692,native_q6_k_mmvq_kernel_large,512,1,1,128,13.567,2.860,0.317
0x993297b60,1743,124,1693,native_q6_k_mmvq_kernel_large,512,1,1,128,13.655,5.386,0.636
0x993297b60,1743,124,1694,nqs_norm_kernel,2,1,1,256,6.745,3.124,0.308
0x993297b60,1743,124,1695,native_rope_apply_kernel,1,2,1,128,11.157,1.959,0.325
0x993297b60,1743,124,1696,copy_from_mapped_kernel,1,1,1,256,5.033,1.176,1.014
0x993297b60,1743,124,1697,kv_append_kernel,2,1,1,256,13.230,2.387,0.324
0x993297b60,1743,124,1698,nqsi_append_kernel,1,1,1,256,9.890,3.226,0.308
0x993297b60,1743,124,1699,native_iq4_xs_expanded_small,3072,1,1,128,117.108,17.639,0.816
0x993297b60,1743,124,1700,runtime_copy2d16,1,24,1,128,4.654,1.702,0.387
0x993297b60,1743,124,1701,nqs_norm_kernel,24,1,1,256,6.266,1.549,0.308
0x993297b60,1743,124,1702,native_rope_apply_kernel,1,24,1,128,11.434,2.141,0.310
0x993297b60,1743,124,1703,bf16_f32_mmvf_kernel,512,1,1,256,13.557,1.735,1.175
0x993297b60,1743,124,1704,nqs_norm_kernel,4,1,1,256,5.564,1.370,1.791
0x993297b60,1743,124,1705,native_rope_apply_kernel,1,4,1,128,7.549,1.742,0.386
0x993297b60,1743,124,1706,block_scores_multi_kernel,256,1,1,256,15.148,3.185,0.303
0x993297b60,1743,124,1707,block_topk_kernel,1,1,1,256,95.732,24.459,0.351
0x993297b60,1743,124,1708,attn_chunk_kernel_m0,33,2,1,256,121.299,27.470,0.320
0x993297b60,1743,124,1709,attn_merge_kernel,24,1,1,256,36.779,7.635,0.329
0x993297b60,1743,124,1710,nqs_gate_kernel,24,1,1,256,8.131,1.899,2.522
0x993297b60,1743,124,1711,native_quantize_q8_1_kernel,24,1,1,256,5.982,1.279,0.325
0x993297b60,1743,124,1712,native_iq4_xs_expanded_large,2560,1,1,128,56.151,5.996,0.553
0x993297b60,1743,124,1713,fused_gr_norm_kernel,1,1,1,256,32.695,6.900,0.338
0x993297b60,1743,124,1714,fused_gr_down_kernel,41,1,1,256,35.768,64.695,0.302
0x993297b60,1743,124,1715,fused_gr_up_kernel,160,1,1,256,37.218,17.685,0.308
0x993297b60,1743,124,1716,bf16_f32_mmvf_kernel,512,1,1,256,14.149,3.673,0.324
0x993297b60,1743,124,1717,route,1,1,1,256,22.235,3.971,0.324
0x993297b60,1743,124,1718,to_bf16_kernel,10,1,1,256,4.177,1.846,0.310
0x993297b60,1743,124,1719,native_quantize_q8_1_kernel,10,1,1,256,5.598,1.207,0.331
0x993297b60,1743,124,1720,native_iq4_xs_expanded_small,160,1,1,128,20.892,2.759,0.319
0x993297b60,1743,124,1721,native_iq4_xs_expanded_small,160,1,1,128,14.393,3.206,0.318
0x993297b60,1743,124,1722,shexp_native_swiglu_kernel,5,1,1,128,5.522,1.324,0.300
0x993297b60,1743,124,1723,native_quantize_q8_1_kernel,3,1,1,256,5.054,1.243,0.304
0x993297b60,1743,124,1724,native_small_mmvq_kernel_iq4_nl_small,640,1,1,128,23.851,3.924,0.332
0x993297b60,1743,124,1725,bf16_f32_mmvf_kernel,1,1,1,256,6.645,1.470,0.320
0x993297b60,1743,124,1726,shexp_native_scalar_sigmoid_kernel,1,1,1,1,4.889,1.007,0.537
0x993297b60,1743,124,1727,shexp_scale_rows_kernel,20,1,1,128,4.420,1.474,0.327
0x993297b60,1743,124,1728,quantize_q8_1_kernel,10,1,1,256,5.870,1.223,0.327
0x993297b60,1743,124,1729,native_resident_gu_22,160,10,1,256,163.093,38.488,0.631
0x993297b60,1743,124,1730,swiglu_entries_kernel,25,1,1,256,5.981,1.776,0.314
0x993297b60,1743,124,1731,quantize_q8_1_kernel,25,1,1,256,7.815,24.092,0.300
0x993297b60,1743,124,1732,native_resident_down_42,320,10,1,256,107.944,47.194,0.313
0x993297b60,1743,124,1733,nmoe_combine_kernel,10,1,1,256,8.536,1.932,0.314
0x993297b60,1743,124,1734,native_gr_post_kernel,40,1,1,256,7.776,2.243,0.294
0x993297b60,1743,124,1735,weighted_rms_norm,4,1,1,1024,9.163,5.862,0.316
0x993297b60,1743,124,1736,bf16_f32_mmvf_kernel,320,1,1,256,25.907,2.103,0.317
0x993297b60,1743,124,1737,native_gr_down_silu_kernel,2,1,1,256,5.394,1.374,0.327
0x993297b60,1743,124,1738,bf16_f32_mmvf_kernel,10240,1,1,160,67.125,30.427,0.314
0x993297b60,1743,124,1739,native_gr_pre_gated_kernel,10,1,1,256,9.169,1.562,0.319
0x993297b60,1743,124,1740,native_quantize_q8_1_kernel,10,1,1,256,5.906,1.252,0.320
0x993297b60,1743,124,1741,native_iq4_xs_mmvq_kernel_small,62080,1,1,128,3206.876,748.258,0.321
0x993297b60,1743,124,1742,sampler_greedy_kernel,1,1,1,1024,146.526,31.465,3.658
0x99329b680,134,128,0,copy_i32_from_mapped_kernel,1,1,1,128,5.820,2.917,0.000
0x99329b680,134,128,1,gdn_conv_commit_kernel,40,1,1,256,6.971,1.985,1.497
0x99329b680,134,128,2,gdn_step_norm_multi_kernel,48,1,1,512,38.509,11.944,13.840
0x99329b680,134,128,3,gdn_conv_commit_kernel,40,1,1,256,6.319,1.479,7.622
0x99329b680,134,128,4,gdn_step_norm_multi_kernel,48,1,1,512,39.077,9.906,2.235
0x99329b680,134,128,5,gdn_conv_commit_kernel,40,1,1,256,6.339,1.460,0.742
0x99329b680,134,128,6,gdn_step_norm_multi_kernel,48,1,1,512,41.204,10.825,2.526
0x99329b680,134,128,7,copy_from_mapped_kernel,1,1,1,256,4.719,1.169,0.353
0x99329b680,134,128,8,nqsi_append_kernel,1,1,1,256,10.560,3.586,0.388
0x99329b680,134,128,9,nqsi_append_kernel,1,1,1,256,5.279,1.410,0.359
0x99329b680,134,128,10,nqsi_append_kernel,1,1,1,256,5.336,1.436,0.402
0x99329b680,134,128,11,nqsi_append_kernel,1,1,1,256,5.288,1.448,0.417
0x99329b680,134,128,12,gdn_conv_commit_kernel,40,1,1,256,6.310,1.477,2.453
0x99329b680,134,128,13,gdn_step_norm_multi_kernel,48,1,1,512,40.241,10.621,3.752
0x99329b680,134,128,14,gdn_conv_commit_kernel,40,1,1,256,6.256,1.482,0.404
0x99329b680,134,128,15,gdn_step_norm_multi_kernel,48,1,1,512,39.425,8.794,0.338
0x99329b680,134,128,16,gdn_conv_commit_kernel,40,1,1,256,6.394,1.963,1.147
0x99329b680,134,128,17,gdn_step_norm_multi_kernel,48,1,1,512,39.186,8.698,1.270
0x99329b680,134,128,18,copy_from_mapped_kernel,1,1,1,256,4.665,1.601,0.388
0x99329b680,134,128,19,nqsi_append_kernel,1,1,1,256,9.085,3.302,1.271
0x99329b680,134,128,20,nqsi_append_kernel,1,1,1,256,5.338,1.515,2.882
0x99329b680,134,128,21,nqsi_append_kernel,1,1,1,256,5.362,1.641,0.696
0x99329b680,134,128,22,nqsi_append_kernel,1,1,1,256,5.348,1.772,2.909
0x99329b680,134,128,23,gdn_conv_commit_kernel,40,1,1,256,6.501,2.392,2.089
0x99329b680,134,128,24,gdn_step_norm_multi_kernel,48,1,1,512,39.228,8.141,3.152
0x99329b680,134,128,25,gdn_conv_commit_kernel,40,1,1,256,6.513,1.770,0.468
0x99329b680,134,128,26,gdn_step_norm_multi_kernel,48,1,1,512,39.859,8.046,0.671
0x99329b680,134,128,27,gdn_conv_commit_kernel,40,1,1,256,6.265,1.237,2.687
0x99329b680,134,128,28,gdn_step_norm_multi_kernel,48,1,1,512,39.918,8.105,0.764
0x99329b680,134,128,29,copy_from_mapped_kernel,1,1,1,256,4.634,1.306,0.387
0x99329b680,134,128,30,nqsi_append_kernel,1,1,1,256,9.022,3.188,0.352
0x99329b680,134,128,31,nqsi_append_kernel,1,1,1,256,5.231,1.298,0.703
0x99329b680,134,128,32,nqsi_append_kernel,1,1,1,256,5.313,1.391,0.690
0x99329b680,134,128,33,nqsi_append_kernel,1,1,1,256,5.370,2.327,2.035
0x99329b680,134,128,34,gdn_conv_commit_kernel,40,1,1,256,9.282,32.817,2.439
0x99329b680,134,128,35,gdn_step_norm_multi_kernel,48,1,1,512,40.300,8.116,1.813
0x99329b680,134,128,36,gdn_conv_commit_kernel,40,1,1,256,6.794,5.401,0.488
0x99329b680,134,128,37,gdn_step_norm_multi_kernel,48,1,1,512,41.333,7.972,0.598
0x99329b680,134,128,38,gdn_conv_commit_kernel,40,1,1,256,6.318,1.202,0.335
0x99329b680,134,128,39,gdn_step_norm_multi_kernel,48,1,1,512,41.395,8.205,1.370
0x99329b680,134,128,40,copy_from_mapped_kernel,1,1,1,256,4.664,1.308,4.195
0x99329b680,134,128,41,nqsi_append_kernel,1,1,1,256,8.925,3.262,0.340
0x99329b680,134,128,42,nqsi_append_kernel,1,1,1,256,5.381,2.106,0.374
0x99329b680,134,128,43,nqsi_append_kernel,1,1,1,256,5.311,1.384,0.362
0x99329b680,134,128,44,nqsi_append_kernel,1,1,1,256,5.406,2.283,0.366
0x99329b680,134,128,45,gdn_conv_commit_kernel,40,1,1,256,6.457,1.135,0.967
0x99329b680,134,128,46,gdn_step_norm_multi_kernel,48,1,1,512,42.269,9.040,0.336
0x99329b680,134,128,47,gdn_conv_commit_kernel,40,1,1,256,6.605,1.401,0.368
0x99329b680,134,128,48,gdn_step_norm_multi_kernel,48,1,1,512,41.503,7.503,0.467
0x99329b680,134,128,49,gdn_conv_commit_kernel,40,1,1,256,6.573,1.999,0.330
0x99329b680,134,128,50,gdn_step_norm_multi_kernel,48,1,1,512,42.823,7.549,1.115
0x99329b680,134,128,51,copy_from_mapped_kernel,1,1,1,256,4.522,1.059,0.315
0x99329b680,134,128,52,nqsi_append_kernel,1,1,1,256,8.881,2.984,0.314
0x99329b680,134,128,53,nqsi_append_kernel,1,1,1,256,5.398,2.485,0.364
0x99329b680,134,128,54,nqsi_append_kernel,1,1,1,256,5.247,1.360,0.319
0x99329b680,134,128,55,nqsi_append_kernel,1,1,1,256,5.348,2.689,1.092
0x99329b680,134,128,56,gdn_conv_commit_kernel,40,1,1,256,6.611,1.537,0.711
0x99329b680,134,128,57,gdn_step_norm_multi_kernel,48,1,1,512,42.338,7.503,1.496
0x99329b680,134,128,58,gdn_conv_commit_kernel,40,1,1,256,6.543,1.310,0.357
0x99329b680,134,128,59,gdn_step_norm_multi_kernel,48,1,1,512,43.243,7.733,0.383
0x99329b680,134,128,60,gdn_conv_commit_kernel,40,1,1,256,6.480,1.507,4.227
0x99329b680,134,128,61,gdn_step_norm_multi_kernel,48,1,1,512,43.283,7.905,0.369
0x99329b680,134,128,62,copy_from_mapped_kernel,1,1,1,256,4.576,1.096,0.335
0x99329b680,134,128,63,nqsi_append_kernel,1,1,1,256,8.837,3.275,0.314
0x99329b680,134,128,64,nqsi_append_kernel,1,1,1,256,5.306,1.549,0.447
0x99329b680,134,128,65,nqsi_append_kernel,1,1,1,256,5.230,1.291,0.602
0x99329b680,134,128,66,nqsi_append_kernel,1,1,1,256,5.267,1.364,0.671
0x99329b680,134,128,67,gdn_conv_commit_kernel,40,1,1,256,6.249,1.168,0.350
0x99329b680,134,128,68,gdn_step_norm_multi_kernel,48,1,1,512,43.395,7.522,0.743
0x99329b680,134,128,69,gdn_conv_commit_kernel,40,1,1,256,6.354,1.156,2.268
0x99329b680,134,128,70,gdn_step_norm_multi_kernel,48,1,1,512,43.165,7.451,0.427
0x99329b680,134,128,71,gdn_conv_commit_kernel,40,1,1,256,6.394,1.185,3.834
0x99329b680,134,128,72,gdn_step_norm_multi_kernel,48,1,1,512,43.755,7.605,0.899
0x99329b680,134,128,73,copy_from_mapped_kernel,1,1,1,256,4.478,1.229,0.325
0x99329b680,134,128,74,nqsi_append_kernel,1,1,1,256,8.711,3.111,0.363
0x99329b680,134,128,75,nqsi_append_kernel,1,1,1,256,5.307,1.883,1.287
0x99329b680,134,128,76,nqsi_append_kernel,1,1,1,256,5.275,1.682,0.355
0x99329b680,134,128,77,nqsi_append_kernel,1,1,1,256,5.153,1.252,0.398
0x99329b680,134,128,78,gdn_conv_commit_kernel,40,1,1,256,6.441,1.311,0.321
0x99329b680,134,128,79,gdn_step_norm_multi_kernel,48,1,1,512,43.423,7.456,1.170
0x99329b680,134,128,80,gdn_conv_commit_kernel,40,1,1,256,7.164,1.139,362.461
0x99329b680,134,128,81,gdn_step_norm_multi_kernel,48,1,1,512,42.553,7.183,4.536
0x99329b680,134,128,82,gdn_conv_commit_kernel,40,1,1,256,6.321,1.064,7.756
0x99329b680,134,128,83,gdn_step_norm_multi_kernel,48,1,1,512,42.830,7.385,4.935
0x99329b680,134,128,84,copy_from_mapped_kernel,1,1,1,256,4.390,0.955,0.999
0x99329b680,134,128,85,nqsi_append_kernel,1,1,1,256,9.000,3.158,1.936
0x99329b680,134,128,86,nqsi_append_kernel,1,1,1,256,5.288,2.325,0.460
0x99329b680,134,128,87,nqsi_append_kernel,1,1,1,256,5.112,1.228,3.120
0x99329b680,134,128,88,nqsi_append_kernel,1,1,1,256,5.135,1.819,0.578
0x99329b680,134,128,89,gdn_conv_commit_kernel,40,1,1,256,6.182,1.033,4.986
0x99329b680,134,128,90,gdn_step_norm_multi_kernel,48,1,1,512,42.860,7.242,3.454
0x99329b680,134,128,91,gdn_conv_commit_kernel,40,1,1,256,6.178,1.004,4.772
0x99329b680,134,128,92,gdn_step_norm_multi_kernel,48,1,1,512,42.721,7.143,6.763
0x99329b680,134,128,93,gdn_conv_commit_kernel,40,1,1,256,6.553,4.031,1.062
0x99329b680,134,128,94,gdn_step_norm_multi_kernel,48,1,1,512,42.715,6.996,2.619
0x99329b680,134,128,95,copy_from_mapped_kernel,1,1,1,256,4.325,0.849,0.309
0x99329b680,134,128,96,nqsi_append_kernel,1,1,1,256,8.832,2.953,0.499
0x99329b680,134,128,97,nqsi_append_kernel,1,1,1,256,5.047,1.066,0.417
0x99329b680,134,128,98,nqsi_append_kernel,1,1,1,256,5.042,1.100,0.347
0x99329b680,134,128,99,nqsi_append_kernel,1,1,1,256,5.105,1.473,0.753
0x99329b680,134,128,100,gdn_conv_commit_kernel,40,1,1,256,6.324,1.576,3.220
0x99329b680,134,128,101,gdn_step_norm_multi_kernel,48,1,1,512,42.756,7.069,2.382
0x99329b680,134,128,102,gdn_conv_commit_kernel,40,1,1,256,6.240,0.981,2.231
0x99329b680,134,128,103,gdn_step_norm_multi_kernel,48,1,1,512,42.664,7.093,1.030
0x99329b680,134,128,104,gdn_conv_commit_kernel,40,1,1,256,7.987,19.071,1.909
0x99329b680,134,128,105,gdn_step_norm_multi_kernel,48,1,1,512,42.574,7.163,0.328
0x99329b680,134,128,106,copy_from_mapped_kernel,1,1,1,256,4.783,3.988,0.406
0x99329b680,134,128,107,nqsi_append_kernel,1,1,1,256,8.768,3.050,0.302
0x99329b680,134,128,108,nqsi_append_kernel,1,1,1,256,5.136,2.089,2.459
0x99329b680,134,128,109,nqsi_append_kernel,1,1,1,256,5.132,1.361,0.347
0x99329b680,134,128,110,nqsi_append_kernel,1,1,1,256,4.997,1.170,0.578
0x99329b680,134,128,111,gdn_conv_commit_kernel,40,1,1,256,6.435,1.800,1.056
0x99329b680,134,128,112,gdn_step_norm_multi_kernel,48,1,1,512,42.500,6.922,0.611
0x99329b680,134,128,113,gdn_conv_commit_kernel,40,1,1,256,6.266,1.129,2.872
0x99329b680,134,128,114,gdn_step_norm_multi_kernel,48,1,1,512,42.810,7.100,0.366
0x99329b680,134,128,115,gdn_conv_commit_kernel,40,1,1,256,6.372,1.286,0.534
0x99329b680,134,128,116,gdn_step_norm_multi_kernel,48,1,1,512,42.892,7.127,0.613
0x99329b680,134,128,117,copy_from_mapped_kernel,1,1,1,256,4.390,0.862,0.353
0x99329b680,134,128,118,nqsi_append_kernel,1,1,1,256,8.634,3.012,0.312
0x99329b680,134,128,119,nqsi_append_kernel,1,1,1,256,5.082,1.263,0.306
0x99329b680,134,128,120,nqsi_append_kernel,1,1,1,256,5.104,1.285,2.158
0x99329b680,134,128,121,nqsi_append_kernel,1,1,1,256,5.198,2.553,0.322
0x99329b680,134,128,122,gdn_conv_commit_kernel,40,1,1,256,6.380,1.264,2.468
0x99329b680,134,128,123,gdn_step_norm_multi_kernel,48,1,1,512,42.940,6.943,0.312
0x99329b680,134,128,124,gdn_conv_commit_kernel,40,1,1,256,6.340,1.193,1.604
0x99329b680,134,128,125,gdn_step_norm_multi_kernel,48,1,1,512,43.148,7.329,0.415
0x99329b680,134,128,126,gdn_conv_commit_kernel,40,1,1,256,10.334,41.989,0.364
0x99329b680,134,128,127,gdn_step_norm_multi_kernel,48,1,1,512,43.060,7.317,0.622
0x99329b680,134,128,128,copy_from_mapped_kernel,1,1,1,256,6.550,22.652,0.348
0x99329b680,134,128,129,nqsi_append_kernel,1,1,1,256,9.308,3.283,0.315
0x99329b680,134,128,130,nqsi_append_kernel,1,1,1,256,5.068,1.229,0.762
0x99329b680,134,128,131,nqsi_append_kernel,1,1,1,256,5.584,4.785,0.569
0x99329b680,134,128,132,nqsi_append_kernel,1,1,1,256,5.009,1.211,0.566
0x99329b680,134,128,133,copy_indexed_kernel,64,1,1,256,9.080,1.475,1.545
